tree
version=v4
num_class=1
num_tree_per_iteration=1
label_index=0
max_feature_idx=21
objective=binary sigmoid:1
feature_names=merchant amt city_pop job transaction_hour transaction_day age distance_km gender_M category_food_dining category_gas_transport category_grocery_net category_grocery_pos category_health_fitness category_home category_kids_pets category_misc_net category_misc_pos category_personal_care category_shopping_net category_shopping_pos category_travel
feature_infos=[0:0.025723472668810289] [-0.63301129405361278:372.0587835079603] [-0.12422772529997447:148.28920091907071] [0:0.47805973421016246] [0:23] [0:6] [-1.24:2.04] [-1.8100719673029853:1.6146254370872386] [0:1] [0:1] [0:1] [0:1] [0:1] [0:1] [0:1] [0:1] [0:1] [0:1] [0:1] [0:1] [0:1] [0:1]
tree_sizes=3465 3424 3465 3481 3505 3504 3521 3505 3528 3529 3537 3563 3548 3515 3541 3529 3510 3547 3557 3535 3578 3535 3545 3555 3559 3570 3549 3567 3558 3574 3565 3548 3519 3554 3554 3562 3562 3560 3558 3549 3559 3551 3573 3557 3553 3547 3551 3556 3563 3584 3517 3550 3553 3583 3567 3567 3539 3582 3563 3589 3587 3543 3578 3567 3556 3557 3558 3584 3595 3561 3580 3552 3579 3544 3539 3573 3553 3558 3526 3580 3561 3594 3600 3551 3557 3502 3578 3510 3526 3570 3571 3569 3567 3559 3583 3556 3558 3525 3565 3527 3557 3557 3602 3537 3540 3558 3555 3563 3552 3590 3587 3581 3564 3575 3569 3568 3542 3579 3519 3546 3489 3564 3572 3565 3494 3553 3552 3510 3557 3555 3573 3541 3537 3539 3500 3556 3513 3558 3555 3526 3530 3551 3509 3522 3501 3497 3531 3503 3549 3495

Tree=0
num_leaves=31
num_cat=0
split_feature=1 1 10 4 11 4 1 21 1 9 3 17 18 14 6 1 14 1 17 1 21 17 1 1 14 12 2 1 1 1
split_gain=4.93767e+07 5.23552e+06 7.02631e+06 4.60368e+06 2.16983e+06 1.38703e+06 1.12682e+06 687334 486785 479327 372464 370011 383337 351993 349886 348820 303627 293453 276591 282952 237413 426447 206616 206148 237721 427039 193591 180806 178161 168792
threshold=2.4612192134984352 -0.3126275683766499 1.0000000180025095e-35 21.500000000000004 1.0000000180025095e-35 21.500000000000004 -0.54259082868417463 1.0000000180025095e-35 0.76207647298952252 1.0000000180025095e-35 0.0013904218153912296 1.0000000180025095e-35 1.0000000180025095e-35 1.0000000180025095e-35 0.18000000000000002 -0.40760647707171044 1.0000000180025095e-35 -0.41577085317730306 1.0000000180025095e-35 -0.5625935501428766 1.0000000180025095e-35 1.0000000180025095e-35 -0.39916995509593139 3.0136753299768682 1.0000000180025095e-35 1.0000000180025095e-35 0.0032933367372989537 1.6847870458565795 0.080351068172540466 -0.43999183562389443
decision_type=2 2 2 2 2 2 2 2 2 2 2 2 2 2 2 2 2 2 2 2 2 2 2 2 2 2 2 2 2 2
left_child=1 2 3 4 15 -3 14 10 11 16 -2 12 -7 17 -5 18 -10 20 -1 -20 21 29 -6 24 25 -12 -21 -18 -14 -8
right_child=7 5 -4 6 22 8 13 -9 9 -11 23 -13 28 -15 -16 -17 27 -19 19 26 -22 -23 -24 -25 -26 -27 -28 -29 -30 -31
leaf_value=-5.0625896396377188 -3.2619495022074498 -5.0614183137184909 3.4827455345295419 -4.6677235307888827 2.9410493468471834 -4.8225124111569908 -4.6114150006122197 -5.1963080315978907 -5.1963080315978907 2.8531081182980893 -5.1963080315978907 2.1705164409675621 0.8393980972711983 -5.1963080315978907 -0.17772562148372018 -2.9158916786106883 -5.1963080315978907 2.6990630732672347 -5.1963080315978907 -4.9353555865507559 2.6252830059730705 2.7134663518179245 -5.1963080315978907 3.2969200042919073 3.2297981523137373 2.361185352629513 -0.48400447914546696 2.8498148198386382 -5.1963080315978907 0.45944589720813145
leaf_weight=1477.0440003336407 22.196769579313695 3374.0674908217043 497.68248686240986 113.72091821255162 111.86113397171721 229.73255015676841 58.727334108669311 24.506210875697434 48.080057692714036 77.878077429719269 29.852915878873318 27.976131569128484 52.6417574621737 18.624259838834405 70.155146976932883 282.4254691763781 9.3293959205038828 336.08000401826575 98.686706877779216 32.907536507584155 70.26541435578838 48.854566048830748 8.385521194431929 4442.6695387503132 95.798270389903337 49.995583684183657 94.760387326590717 27.748750427737832 15.925008335616438 22.774953313637525
leaf_count=252712 3003 577201 588 18564 1337 38209 9521 4258 8354 1067 5187 763 2829 3236 5189 36266 1621 5634 17147 5547 1281 805 1457 21664 595 1174 7586 382 2767 1396
internal_value=-0.852511 -3.44699 -1.99818 -2.95688 -4.14842 -4.70064 0.437927 3.15534 -2.21285 0.018132 3.19944 -3.32765 -3.84329 1.56125 -2.95463 -4.54334 -2.57448 1.79575 -4.81317 -3.18563 0.282519 -0.980286 2.37358 3.2305 1.55046 -0.464331 -1.63138 0.825294 -0.562428 -3.19442
internal_weight=11871.4 7206.34 3342.96 2845.27 2106.07 3863.38 739.203 4665.02 489.312 163.036 4640.51 326.275 298.299 555.327 183.876 1985.82 85.1582 536.702 1703.4 226.355 200.622 130.357 120.247 4618.32 175.647 79.8485 127.668 37.0781 68.5668 81.5023
internal_count=1037340 1001459 368266 367678 322052 633193 45626 35881 55992 11424 31623 44568 43805 21873 23753 319258 10357 18637 282992 30280 13003 11722 2794 28620 6956 6361 13133 2003 5596 10917
is_linear=0
shrinkage=1


Tree=1
num_leaves=31
num_cat=0
split_feature=3 9 4 6 4 1 1 6 1 2 2 1 4 21 1 1 15 1 13 3 0 18 1 3 3 7 3 7 1 1
split_gain=12669.6 10327.8 164446 202155 15088.4 123616 87028.5 71202.1 17319.1 15271.3 29848.6 9807.75 8288.87 49051.9 146475 44979.5 32938.2 28647.5 27930.5 21605.9 17417.3 17204.3 13964.4 12915.5 11544.5 10601 13268.7 9222.67 7519.21 7387.84
threshold=0.0036344972333131496 1.0000000180025095e-35 3.5000000000000004 0.18000000000000002 18.500000000000004 0.66424003265750453 1.2414614233229011 0.14000000000000004 0.67934412845285086 0.20875670155731432 19.550497829971921 -0.28582120016328755 21.500000000000004 1.0000000180025095e-35 -0.50789223023540619 -0.46380459926520617 1.0000000180025095e-35 -0.5262620764729895 1.0000000180025095e-35 0.032597487814023253 0.0024385336885336889 1.0000000180025095e-35 -0.51592053340590549 0.0077269928538998807 0.0048799945228803704 1.3371930286194063 0.012494226967911181 -0.33216439128361153 -0.41577085317730306 -0.3035106817254048
decision_type=2 2 2 2 2 2 2 2 2 2 2 2 2 2 2 2 2 2 2 2 2 2 2 2 2 2 2 2 2 2
left_child=-1 11 3 -3 5 -4 7 9 -9 -7 -11 12 13 16 17 -16 18 19 21 -15 -19 -2 23 24 -22 -18 -27 -26 -20 -14
right_child=1 2 4 -5 -6 6 -8 8 -10 10 -12 -13 29 14 15 -17 25 20 28 -21 22 -23 -24 -25 27 26 -28 -29 -30 -31
leaf_value=-0.02289182849538476 0.026380591135291849 7.940709015901068 -0.051222717432206667 -0.073523173121661345 -0.01016806644609379 6.677397381784786 -0.4902146567792649 5.8211283768853015 -0.050316830327357356 -0.050316830327357356 6.7077651682807691 0.02111974383997314 0.025068355809351312 0.04904290765525781 7.7728162173679465 -0.052383064821120255 0.47960137624956095 -0.050316459350884635 -0.050316459350884669 6.5319179518810024 -0.050316459350884718 0.35447934522839342 -0.050316459350884718 -0.050316459350884614 -0.050316459350884669 -0.052032724363448218 7.9036450302549133 6.1237559845737941 0.55290369848283605 0.52048929430462076
leaf_weight=8935.5103995669633 7407.6115048751235 15.044655084609987 239.73844089312479 16.496805387549102 894.68404975859448 15.316884818952532 14.265695340931414 1.4625533698126663 8.8912233454175276 2.8594574728049329 3.8120144037529826 29540.193428891711 7239.622280835174 86.426701944787055 9.8791270419023913 2.2556841266341499 468.14835656899959 5.368566078599545 60.472928261384368 1.304618137422948 1.0312146716751138 422.32513404358178 2.4374164966866347 1.5436971145682044 0.66247730422764917 1.0185553887858978 1.0796258454211056 6.9543259134516129 354.51865252712741 76.040822757408023
leaf_count=322489 149558 14 25671 1964 18785 399 1691 63 1421 457 97 423668 28257 13658 44 89 14447 859 9676 38 165 18043 390 247 106 61 2 259 4056 666
internal_value=0.0316745 0.0420703 0.186093 3.74911 0.0909367 0.406837 2.76297 4.19791 0.779072 5.80776 3.81119 0.0382479 0.0695799 0.10218 1.11537 6.31823 0.0884778 0.518223 0.0652637 0.145447 2.33535 0.0440773 3.34948 4.16257 4.91458 0.495495 4.04159 5.58676 0.465002 0.0302179
internal_weight=55837 46901.5 1212.57 31.5415 1181.03 286.346 46.6078 32.3421 10.3538 21.9884 6.67147 45688.9 16148.7 8833.04 117.864 12.1348 8715.17 105.729 8244.93 87.7313 17.9977 7829.94 12.6291 10.1917 8.64802 470.247 2.09818 7.6168 414.992 7315.66
internal_count=1037340 714851 50562 1978 48584 29799 4128 2437 1484 953 554 664289 240621 211698 15855 133 195843 15722 181333 13696 2026 167601 1167 777 530 14510 63 365 13732 28923
is_linear=0
shrinkage=0.05


Tree=2
num_leaves=31
num_cat=0
split_feature=3 4 9 3 6 4 1 1 13 15 4 1 1 6 1 0 4 1 1 6 1 7 1 3 0 3 3 6 2 2
split_gain=9479.23 4955.93 7134.75 40880.2 61922.3 5166.96 6989.67 15158.8 4704.42 4978.22 7406.15 6463.67 5110.83 7299.42 4581.67 4348.07 4249.57 13393.1 57409.7 7509.81 5781.8 5712.13 4185.14 3659.63 3132.96 3063.92 2960.12 2855.57 2848.06 2408.65
threshold=0.0053822862719110085 3.5000000000000004 1.0000000180025095e-35 0.0035403360725450327 0.14000000000000004 12.500000000000002 4.1663491631514509 8.2792216628112687 1.0000000180025095e-35 1.0000000180025095e-35 14.500000000000002 -0.33058919580895363 -0.61294053612736421 1.1400000000000003 3.0136753299768682 0.0012449425420076085 19.500000000000004 -0.3126275683766499 -0.28582120016328755 0.10000000000000002 -0.33058919580895363 0.78504615599214944 3.0136753299768682 0.0013904218153912296 0.0011557400643420967 1.0000000180025095e-35 0.023583786309130956 -0.65999999999999992 0.042430431452642338 -0.088001021189685974
decision_type=2 2 2 2 2 2 2 2 2 2 2 2 2 2 2 2 2 2 2 2 2 2 2 2 2 2 2 2 2 2
left_child=1 2 -1 4 -4 6 -3 23 9 24 11 12 13 -11 16 -7 20 -18 19 21 26 -19 -12 -8 -2 -17 29 -25 -27 -10
right_child=8 5 3 -5 -6 15 7 -9 14 10 22 -13 -14 -15 -16 25 17 18 -20 -21 -22 -23 -24 27 -26 28 -28 -29 -30 -31
leaf_value=0.033101019943471997 -0.055637522809736308 -0.058186344782442501 8.1234251899484953 0.045364069845361309 -0.050816375664609142 -0.090135402813506058 -0.051857203390292407 -0.11534751307919607 -0.053660035962172607 -0.050511212854169811 0.075923668392491608 -0.09056989274839998 0.45314067933439617 4.4907972472606037 -1.4303090883712877 -0.11581144530260375 0.01419592310725574 3.3616413454147636 -0.050362038282843004 -0.050576430328919952 -0.051208678639936389 5.8817888572296626 -1.4303090883712877 -0.39451979942159582 0.032157116331142536 0.033309269954544439 1.020909591045416 -1.3842059740711576 -0.019157565184817291 0.37132537989016151
leaf_weight=4412.4477318730205 1048.7168556703255 2211.3573507885449 4.2023882865905744 55.429954379796982 5.1635231119580567 1370.2391680581495 7.9379541082307687 176.39163261745125 37.468325802125037 1.6630525309592479 2130.2270426629111 63.545023856684566 203.19517710525542 1.8909312142059205 4.689228117465972 506.32275499170646 799.30067512858659 10.066267311573027 48.198390755336732 1.3080382794141758 115.62092537106946 2.8951458074152461 4.621757209300994 8.8686082996427995 32724.14811090799 5852.1311571542174 15.975615642964838 40.907764103263617 4635.2396464729682 302.59660285525024
leaf_count=68066 42852 164420 4 491 681 71305 240 744 1836 166 32007 8086 2414 18 139 34103 3638 96 6871 119 14501 12 137 96 370896 100040 56 1256 107081 4969
internal_value=0.0231406 -0.00534674 0.0407497 0.561609 3.61688 -0.0192828 -0.0856903 -0.345491 0.0377857 0.0343805 0.103883 0.350465 0.486018 2.36574 0.12985 -0.0061481 0.135336 0.0693006 0.774387 3.56017 0.255989 3.92456 0.0726628 -1.04888 0.0294309 0.00431996 0.355749 -1.20787 0.0101198 0.324501
internal_weight=56802.8 19286.6 4477.24 64.7959 9.36591 14809.4 2445.46 234.106 37516.1 36178 2405.14 270.294 206.749 3.55398 1338.12 12363.9 1333.43 861.769 62.4678 14.2695 471.661 12.9614 2134.85 57.7143 33772.9 10993.7 356.041 49.7764 10487.4 340.065
internal_count=1037340 548527 69242 1176 685 479285 166756 2336 488813 456576 42828 10684 2598 184 32237 312529 32098 10736 7098 227 21362 108 32144 1592 413748 241224 6861 1352 207121 6805
is_linear=0
shrinkage=0.05


Tree=3
num_leaves=31
num_cat=0
split_feature=3 0 3 1 1 20 19 1 1 16 17 1 1 1 1 3 4 1 4 3 4 1 6 7 7 4 1 4 15 1
split_gain=9082.69 4536.69 3528.5 2911.87 6568.41 18098.2 18976 15816 13651.8 9685.35 6951.02 22489.2 3923.87 7819.57 3604.3 14615.3 3288.88 3118.46 2663.09 2637.52 2618.43 2616.49 2510.6 3123.58 22999 2388.21 2326.8 4219.33 2316.39 2283.97
threshold=0.0064941679659544444 0.0012943073090048785 1.0000000180025095e-35 -0.33058919580895363 8.2792216628112687 1.0000000180025095e-35 1.0000000180025095e-35 3.0136753299768682 3.0136753299768682 1.0000000180025095e-35 1.0000000180025095e-35 3.0136753299768682 3.0136753299768682 4.1663491631514509 2.6725404816981908 0.0013904218153912296 21.500000000000004 6.2210504830589217 12.500000000000002 0.0013904218153912296 21.500000000000004 3.4792488773982857 0.14000000000000004 0.31590723869422394 0.32332149035953289 12.500000000000002 2.4612192134984352 14.500000000000002 1.0000000180025095e-35 0.10198666485236084
decision_type=2 2 2 2 2 2 2 2 2 2 2 2 2 2 2 2 2 2 2 2 2 2 2 2 2 2 2 2 2 2
left_child=1 21 -3 28 5 6 9 -8 -7 10 14 22 -11 -14 26 -16 -15 -10 -9 -20 -19 -1 -12 -24 -25 -13 -5 -28 -4 -2
right_child=29 2 3 4 -6 8 7 18 17 12 11 25 13 16 15 -17 -18 20 19 -21 -22 -23 23 24 -26 -27 27 -29 -30 -31
leaf_value=-0.062185589917009024 0.057304589289742296 -0.098372603868135636 0.01961015567047561 -0.021038968796876698 0.032726999130881375 -0.058439019924207726 -0.057903288164544736 -0.73813594725259801 -1.0929009297871888 -0.053011335917229889 -0.20912482696224696 -0.80066590124376491 -1.343577281901247 -0.53764625738126459 1.1828429361685591 0.032871512457313588 0.0292267969240015 -0.90611138009816838 -0.051836798689274627 -1.405630261160306 -0.12008457363136887 -0.49984852417491316 0.04688294360556311 7.7739134231966123 -0.077550459928554388 -1.409144304907465 -0.55121691589783228 0.0086059739512369515 0.08326334498197778 0.028881735657061636
leaf_weight=2121.4247603495605 11938.728280967101 779.45609740819782 7579.7019257284701 3101.4565189068671 6728.6345651187003 94.30701700784266 89.744422631338239 48.059650853276253 66.706737656146288 73.196696266997606 114.70824761223048 44.131581399589777 23.171379275619984 71.161998454481363 27.819991131778806 4037.0126031592954 39.951694656163454 23.09871906414628 3.9647257775068274 38.868541359901428 19.573114860802889 34.707794144633226 178.42155633913353 1.0975283836014558 6.2110135788097978 25.411086339503527 58.892793372739106 78.548436618642882 1761.3973045139574 17324.297886699671
leaf_count=111806 186010 63130 168427 269940 4179 13658 12884 773 1609 10461 11327 796 669 882 155 4006 25 466 116 1133 74 1283 1609 11 752 749 940 439 12458 156573
internal_value=0.0211307 0.000370464 0.00634583 0.00969995 -0.00395143 -0.0338099 -0.0220497 -0.528747 -0.499277 -0.0104362 -0.00132196 -0.212756 -0.347525 -0.50806 0.00938852 0.040742 -0.333823 -0.879371 -0.99364 -1.28032 -0.545569 -0.0692308 -0.0252065 0.0883828 1.10151 -1.02301 -0.0299602 -0.231275 0.0316129 0.0404777
internal_weight=56533.9 27270.8 25114.7 24335.2 14994.2 8265.52 8061.83 180.637 203.686 7881.19 7673.71 369.981 207.482 134.285 7303.73 4064.83 111.114 109.379 90.8929 42.8333 42.6718 2156.13 300.438 185.73 7.30854 69.5427 3238.9 137.441 9341.1 29263
internal_count=1037340 694757 581668 518538 337653 333474 317667 14906 15807 302761 290724 15244 12037 1576 275480 4161 907 2149 2022 1249 540 113089 13699 2372 763 1545 271319 1379 180885 342583
is_linear=0
shrinkage=0.05


Tree=4
num_leaves=31
num_cat=0
split_feature=3 0 3 1 1 12 1 4 1 1 0 1 15 4 1 1 0 15 17 1 0 13 4 1 8 13 1 1 4 4
split_gain=8408.47 4124.24 3360.11 2627.29 5857.83 11805.5 19632.8 11729.8 5656.29 4062.58 2758.8 2366.9 2160.24 3375.91 5233.75 6704.16 6024.8 2123.56 1967.78 1902.92 1866.13 1839.34 4258.75 3351.42 1794.25 2377.11 3828.89 17685.1 6642.44 3417.04
threshold=0.0064941679659544444 0.0012943073090048785 1.0000000180025095e-35 -0.33058919580895363 8.2792216628112687 1.0000000180025095e-35 3.0136753299768682 21.500000000000004 4.1663491631514509 2.6725404816981908 0.0050582323563124294 2.4612192134984352 1.0000000180025095e-35 21.500000000000004 -0.29466594094434617 -0.3035106817254048 0.0039794028671305487 1.0000000180025095e-35 1.0000000180025095e-35 -0.55660634099877537 0.00257318769868957 1.0000000180025095e-35 19.500000000000004 -0.33058919580895363 1.0000000180025095e-35 1.0000000180025095e-35 -0.43999183562389443 -0.45591236902979998 21.500000000000004 21.500000000000004
decision_type=2 2 2 2 2 2 2 2 2 2 2 2 2 2 2 2 2 2 2 2 2 2 2 2 2 2 2 2 2 2
left_child=1 -1 -3 17 5 6 -5 8 -8 11 18 -7 21 14 15 20 -17 19 -10 -4 -14 -2 23 -23 25 -21 27 -27 -29 -28
right_child=12 2 3 4 -6 9 7 -9 10 -11 -12 -13 13 -15 -16 16 -18 -19 -20 24 -22 22 -24 -25 -26 26 29 28 -30 -31
leaf_value=-0.06626128837482774 0.032626106278673593 -0.099286333941106239 -0.038091264248077794 -0.019125245078688714 0.032075065444219397 -0.050324677198285386 -0.53428240059952792 -0.03720655381834722 -0.057270238612731832 0.054902073576819824 -0.35629621494250763 -0.34503241022867731 0.15265719253789772 0.042460829749064948 -0.085929520473601417 -0.050555382960950385 4.2293753196756771 0.079830839923555774 -0.34677615544646151 0.038784892001904298 0.34898312518140018 0.26208403907684574 0.020510464330994273 -0.078227011739179064 -0.0028483796450405516 -0.064861520249957713 0.33405252130979979 -0.05032736333626784 4.4108581139570893 0.007802556585053873
leaf_weight=2138.5733994591283 25637.696734873345 734.78907960746437 1236.1121220435016 3486.9377342411317 6527.2860496016219 347.99204538110644 278.63303014822304 461.68042827304453 192.43610227259342 3305.5935756862164 353.77084510459099 84.715293888002634 251.26298715546727 1189.8098147036508 138.05776867410168 1.3932353304699057 2.0063979243859649 1745.6922878515907 84.454730791971087 3444.4635399337858 233.54120695730671 430.64542724657804 792.49011668143794 86.954245278146118 2534.8420106605627 13.333679938223215 132.53939227294177 1.0652816565707315 3.8496093358844519 203.46485504880548
leaf_count=113089 289826 63130 87548 265114 4179 56852 3453 1187 1356 797 3253 758 4148 5052 18636 129 5 12458 704 45672 2175 4964 7493 10155 32531 1296 975 167 29 209
internal_value=0.0202695 0.000400125 0.0060632 0.00923069 -0.00363572 -0.0307517 -0.0821525 -0.242456 -0.346668 0.0360436 -0.263778 -0.108022 0.0391362 0.091919 0.185883 0.262748 2.47538 0.0301193 -0.145573 0.018655 0.247232 0.035579 0.0933657 0.204913 0.0297301 0.0514693 0.174803 0.880158 3.44392 0.136494
internal_weight=56076.1 27312.2 25173.7 24438.9 15123.5 8596.21 4857.91 1370.98 909.295 3738.3 630.662 432.707 28763.9 1816.07 626.262 488.204 3.39963 9315.36 276.891 7569.67 484.804 26947.8 1310.09 517.6 6333.56 3798.72 354.253 18.2486 4.91489 336.004
internal_count=1037340 694757 581668 518538 337653 333474 275067 9953 8766 58407 5313 57610 342583 30145 25093 6457 134 180885 2060 168427 6323 312438 22612 15119 80879 48348 2676 1492 196 1184
is_linear=0
shrinkage=0.05


Tree=5
num_leaves=31
num_cat=0
split_feature=3 3 15 4 1 1 4 4 1 0 0 20 19 3 1 4 1 7 6 4 18 1 1 6 1 1 1 0 21 3
split_gain=7711.9 3912.64 3498.77 4416.73 5401.57 5661.94 4977.76 3251.45 2902.59 2590.21 2256.59 2081.43 2107.85 1964.57 2696.06 1943.76 1897.75 1829.61 1799.48 1910.64 6963.91 2650.54 43140.1 2654.85 2260.91 2587.07 1799.01 1757.51 2974.71 23312.8
threshold=0.0064941679659544444 1.0000000180025095e-35 1.0000000180025095e-35 3.5000000000000004 8.2792216628112687 4.1663491631514509 21.500000000000004 21.500000000000004 3.0136753299768682 0.0044877217008364558 0.0016457536441204176 1.0000000180025095e-35 1.0000000180025095e-35 0.0013904218153912296 8.2792216628112687 12.500000000000002 3.4792488773982857 -0.45831744216610454 -0.85999999999999988 17.500000000000004 1.0000000180025095e-35 0.014763913457613248 0.0074159749625799191 0.3000000000000001 -0.39916995509593139 -0.33929786365491904 3.0136753299768682 0.004793637613077815 1.0000000180025095e-35 0.0029112088367406522
decision_type=2 2 2 2 2 2 2 2 2 2 2 2 2 2 2 2 2 2 2 2 2 2 2 2 2 2 2 2 2 2
left_child=1 -1 3 13 5 10 -7 9 -4 17 16 12 15 14 -3 -12 -5 -6 -17 20 27 22 23 24 -22 -26 -13 -20 -29 -30
right_child=-2 2 8 4 7 6 -8 -9 -10 -11 11 26 -14 -15 -16 18 -18 -19 19 -21 21 -23 -24 -25 25 -27 -28 28 29 -31
leaf_value=-0.10569603520405715 0.037423650185262725 0.19280115693579228 0.069238281601491855 -0.065973438112886904 -0.25468613244397792 -0.24054164502912856 -0.0097590306746838298 0.048121794908730725 -0.66069361578692298 -0.039078029854137032 -0.043885452184849648 -0.069446621044973511 -0.12086471616477448 0.031235829436090691 1.2455973914182594 -0.10116666424406913 -0.65229928540435334 -1.2165452796734311 -0.018066350139504049 0.0030007217275719329 -0.050943581878394241 -0.10728528074275921 6.9653088101410106 -0.052316857229010652 0.53527798096484847 -0.051920082436841847 -0.3267210043684865 0.074602401721260703 4.0694687512589374 -0.038088105013148792
leaf_weight=845.16773253167048 28461.233947059838 75.016411113552749 2144.1651536379941 2043.7954689171165 14.166088231140749 581.92300598951988 390.40499590453692 4183.2667075605132 13.706556277349589 1020.2219861312769 2137.5261502558133 354.55484383320436 391.37975415633991 6140.4546826558653 6.6175168529152861 340.83404850424267 13.894481215393169 7.5944193061441174 848.73085431638174 5136.0285103851929 26.248997408431023 34.386473570251837 2.4480492644943288 44.852590683382004 131.1768100336194 21.887475697789341 84.057759226765484 169.54765026224777 4.1688043936155763 20.1562148865778
leaf_count=75416 342583 1722 53385 107319 156 5347 926 1136 200 2153 135469 46270 38973 76793 3 14455 209 322 42429 73317 2837 5253 46 2930 460 1932 694 3337 314 954
internal_value=0.0192246 0.000201611 0.00359397 -0.00184031 -0.0143913 -0.0319049 -0.147879 0.0284371 0.0646018 -0.0505912 -0.0223532 -0.0123097 -0.0072947 0.0344753 0.278144 -0.00231051 -0.0699326 -0.590375 0.0107959 0.0167218 0.070781 0.301755 0.363823 0.29173 0.377788 0.451311 -0.118752 0.0129602 0.148787 0.665862
internal_weight=55689.6 27228.4 26383.2 24225.3 18003.3 12778 972.328 5225.25 2157.87 1041.98 11805.7 9747.98 9309.37 6222.09 81.6339 8917.99 2057.69 21.7605 6780.47 6439.63 1303.6 261 226.614 224.166 179.313 153.064 438.613 1042.6 193.873 24.325
internal_count=1037340 694757 619341 565756 487238 483471 6273 3767 53585 2631 477198 369670 322706 78518 1725 283733 107528 478 148264 133809 60492 13458 8205 8159 5229 2392 46964 47034 4605 1268
is_linear=0
shrinkage=0.05


Tree=6
num_leaves=31
num_cat=0
split_feature=3 0 3 15 1 4 0 1 1 12 1 1 1 0 3 3 15 4 1 0 3 2 6 4 14 1 19 1 3 20
split_gain=7665.41 3459.57 2746.9 2418.87 2635.92 2691.66 2386.54 2152.1 4274.66 7953.69 9193.39 2970.5 2177.37 1795.68 1770.77 1591.27 1533.72 2014.29 2574.86 2540.57 2364.12 1808.77 1791.73 1518.73 1428.91 1335.77 7913.91 11362.7 12078.6 7421.44
threshold=0.0053532753586941996 0.0012449425420076085 1.0000000180025095e-35 1.0000000180025095e-35 -0.29466594094434617 15.500000000000002 0.00055917535313869816 -0.33058919580895363 8.2792216628112687 1.0000000180025095e-35 3.0136753299768682 2.6725404816981908 4.1663491631514509 0.0062996272889321026 0.012494226967911181 0.0015309080377949858 1.0000000180025095e-35 21.500000000000004 -0.39073343312015241 0.0032485349054811774 0.0029990056612352787 0.66727087056420742 0.10000000000000002 3.5000000000000004 1.0000000180025095e-35 8.2792216628112687 1.0000000180025095e-35 3.0136753299768682 0.0064941679659544444 1.0000000180025095e-35
decision_type=2 2 2 2 2 2 2 2 2 2 2 2 2 2 2 2 2 2 2 2 2 2 2 2 2 2 2 2 2 2
left_child=1 -1 -3 6 5 -5 -2 16 9 10 -9 -11 24 -14 25 -13 17 18 23 20 -20 22 -22 -4 -12 26 29 -28 -29 -8
right_child=3 2 7 4 -6 -7 14 8 -10 11 12 15 13 -15 -16 -17 -18 -19 19 -21 21 -23 -24 -25 -26 -27 27 28 -30 -31
leaf_value=-0.079685854441900836 -0.11677838890404145 -0.10144948082634363 0.054958992469259109 0.19734268206738512 -0.079826052211571685 0.066515146336337358 0.02575443415932557 -0.027893521536223015 0.02781454857841148 -0.10469911899287375 -0.3221407667186923 0.26057027087160045 -0.076943708580656828 -0.2223533005995264 0.055039571834055584 0.047312017169107663 0.077080457515591283 -0.030134987210022109 -0.052984700811877505 -0.016765187704681633 0.34644050548077943 -0.053573304774899425 0.064147647398239596 -0.014873472688542187 -0.039681086296200263 0.040419893014206822 -0.064544890982858066 -0.30849561455012464 -1.6236474146265114 -0.18824355127269832
leaf_weight=1528.5579843243468 282.31554348836653 658.71223571407609 1368.142440630123 495.71896113594994 241.20362613047473 1900.1960070440546 18216.85228992952 2515.009225247195 4065.5216706741485 330.60054928157479 362.6531503838487 91.660266779363155 438.1275406931527 411.9426325756358 5528.1471308502369 1914.6333892866969 1148.8618582133204 1789.355032958556 81.924628833774477 219.91111824009567 255.92330085719004 45.010408120695502 72.030297419056296 1806.7931666495278 51.081330716609955 8565.1592158719432 262.08734925556928 51.835182093083858 26.324648033827543 414.358779205475
leaf_count=86560 16757 63441 12435 3847 31482 7769 323406 201490 3089 43636 2970 39 2192 2608 33619 522 9409 15075 1615 2782 882 817 935 94648 105 3752 31091 383 882 39102
internal_value=0.0180224 -0.00752813 -0.00127115 0.0316244 0.0777227 0.0935836 0.027979 0.00261759 -0.0119216 -0.0383369 -0.0831776 0.0341716 -0.193195 -0.147409 0.0292149 0.057055 0.0244249 0.0136973 0.0340705 0.122768 0.190224 0.243647 0.284439 0.0152187 -0.287267 0.0240305 0.016631 -0.222336 -0.751446 0.0209951
internal_weight=55140.7 19156.5 17627.9 35984.2 2637.12 2395.91 33347.1 16969.2 10181.2 6115.71 3778.81 2336.89 1263.8 850.07 33064.8 2006.29 6787.95 5639.09 3849.74 674.8 454.889 372.964 327.954 3174.94 413.734 27536.6 18971.5 340.247 78.1598 18631.2
internal_count=1037340 545250 458690 492090 43098 11616 448992 395249 256651 253562 209365 44197 7875 4800 432235 561 138598 129189 114114 7031 4249 2634 1817 107083 3075 398616 394864 32356 1265 362508
is_linear=0
shrinkage=0.05


Tree=7
num_leaves=31
num_cat=0
split_feature=3 3 0 4 4 6 17 1 20 4 1 6 15 7 3 3 1 17 1 1 4 4 1 17 4 18 4 1 1 6
split_gain=7151.93 3586.54 3062.44 2192.85 4847.89 2619.79 2377.92 3645.5 2465.91 2579.1 2296.58 3337.56 1698.48 2541.17 3096.33 9250.51 1536.1 5800.4 9465.04 8719.53 3016.49 2811.81 8842.94 89483.6 20524.8 12578.2 17071.7 8458.16 4260.43 4025.32
threshold=0.0067870681773848232 1.0000000180025095e-35 0.0012943073090048785 3.5000000000000004 12.500000000000002 -1.0000000180025095e-35 1.0000000180025095e-35 -0.40760647707171044 1.0000000180025095e-35 21.500000000000004 12.211797523472585 -0.85999999999999988 1.0000000180025095e-35 -0.33216439128361153 0.0061563396085276157 0.0061607332308379675 0.10198666485236084 1.0000000180025095e-35 8.2792216628112687 3.0136753299768682 1.5000000000000002 21.500000000000004 1.0000000180025095e-35 1.0000000180025095e-35 11.500000000000002 1.0000000180025095e-35 13.500000000000002 0.065655191182473815 -0.41577085317730306 0.18000000000000002
decision_type=2 2 2 2 2 2 2 2 2 2 2 2 2 2 2 2 2 2 2 2 2 2 2 2 2 2 2 2 2 2
left_child=1 -1 12 -4 -5 6 8 -8 -6 10 -10 -12 -3 14 -14 -16 21 -18 19 -19 -21 22 28 25 -25 -24 27 -27 -2 -30
right_child=16 2 3 4 5 -7 7 -9 9 -11 11 -13 13 -15 15 -17 17 18 -20 20 -22 -23 23 24 -26 26 -28 -29 29 -31
leaf_value=-0.10756091826756527 0.031863004770845575 -0.068616563685297879 0.033530555394105342 -0.056144997553838755 0.01000758723633409 0.029043167503991236 -0.032480568655861207 -0.28449377291471717 -0.15019707676201124 -0.0040649025794896008 -0.090396562303630912 -1.3186114530168034 0.24459153525295735 -0.08212584419441589 4.1630520990893887 -0.082779232736126959 0.029321625564215227 -0.17050030293229626 -0.020439434415583019 -0.48561997396490936 -1.6710023151434024 0.022558263466306426 -0.050367809608823692 -0.050391003592441933 5.9495131466705535 -0.050382128597734444 -0.05038333798927689 5.6415544854716098 0.1750185165154764 0.039758865859712444
leaf_weight=754.9938643311616 3830.8092306749895 1880.5866375685437 6173.0850021373481 3274.5143529672059 5697.9659263356589 8758.9174619272817 584.74039397062734 190.16809744341299 340.4539986862801 460.8569562099874 11.613877691328527 10.560981616377829 53.567469540983438 71.82711393898353 2.0379182719625524 3.4624895700253546 14677.016100400127 29.822313467040658 143.14596521854401 7.074559977278116 22.234546570107341 5094.3378580329008 109.9540006807074 1.7090539373457421 8.5874414825811964 0.83281730255111908 4.8426760565489531 3.0173535463400185 1314.5683101657778 945.80400612391531
leaf_count=75416 85764 97358 77256 178948 135371 104491 7198 4756 22516 5137 35 297 1993 4594 16 188 143891 3208 234 77 766 19105 15318 222 95 111 643 53 27720 24563
internal_value=0.0173923 -4.86815e-05 0.00290145 0.00758622 -0.000699261 0.010609 -0.0115202 -0.0943264 -0.00168081 -0.0825566 -0.18231 -0.675345 -0.0564951 0.117656 0.360593 1.49031 0.0362153 0.0256567 -0.240264 -0.772419 -1.38488 0.0501006 0.0726581 0.482409 4.95362 0.0943849 1.92533 4.41035 0.0639841 0.118422
internal_weight=54463.1 28269.4 27514.4 25502.9 19329.8 16055.3 7296.36 774.908 6521.45 823.486 362.629 22.1749 2011.48 130.895 59.0679 5.50041 26193.8 14879.3 202.277 59.1314 29.3091 11314.5 6220.12 128.943 10.2965 118.647 8.69285 3.85017 6091.18 2260.37
internal_count=1037340 715570 640154 536005 458749 279801 175310 11954 163356 27985 22848 332 104149 6791 2197 204 321770 148176 4285 4051 843 173594 154489 16442 317 16125 807 164 138047 52283
is_linear=0
shrinkage=0.05


Tree=8
num_leaves=31
num_cat=0
split_feature=3 15 1 0 4 3 0 3 1 20 19 16 1 3 1 1 4 2 1 1 3 1 13 4 4 1 17 1 1 1
split_gain=6042.25 2765.14 3087.18 2871.84 2505.29 2370.47 2113.58 2081.22 2186.51 8615.25 8559.27 6096.48 3926.51 4040.54 8359.64 3059.79 1854.18 2456.73 1664.33 3899.68 11852.5 1526.96 1499.51 1436.69 1630.89 1422.15 3235.47 6216.92 2815.68 2684.5
threshold=0.0039057998616705667 1.0000000180025095e-35 -0.29466594094434617 0.0016599806653241087 21.500000000000004 1.0000000180025095e-35 0.0011182556087849813 0.022892138400825299 8.2792216628112687 1.0000000180025095e-35 1.0000000180025095e-35 1.0000000180025095e-35 3.0136753299768682 0.0065556845323664235 6.2210504830589217 3.0136753299768682 21.500000000000004 29.153893285677817 3.0136753299768682 6.2210504830589217 0.0064941679659544444 -0.40760647707171044 1.0000000180025095e-35 3.5000000000000004 12.500000000000002 -0.33929786365491904 1.0000000180025095e-35 0.051503605932779938 2.6725404816981908 -0.39916995509593139
decision_type=2 2 2 2 2 2 2 2 2 2 2 2 2 2 2 2 2 2 2 2 2 2 2 2 2 2 2 2 2 2
left_child=5 3 4 22 21 -1 -7 8 9 10 11 25 -11 -14 -15 -12 17 -16 -13 20 -20 -3 -2 -8 -25 29 28 -28 -27 -5
right_child=1 2 -4 7 -6 6 23 -9 -10 12 15 18 13 14 16 -17 -18 -19 19 -21 -22 -23 -24 24 -26 26 27 -29 -30 -31
leaf_value=-0.10836365446428212 -0.035722707227975589 0.015349327199513069 -0.080239879580218179 0.026963716705974135 0.044683031241728954 -0.14044072925779894 0.030316539718162495 0.072233758063595804 0.039029582851837913 -0.064124906911708399 -0.064898336146412147 -0.056128325758011993 -0.20283479682915659 -1.4084595401130968 -1.409855461808819 -0.28142362326956161 0.00047325589699619337 -0.020053749314576222 -0.25012072597377949 -0.051085968771416794 -1.7110966501263338 0.16109756072128731 0.037207177993055306 -0.073038536107846441 -0.0081199772129625421 -0.0088474731566571402 0.020147522076454288 -0.2662842688231552 0.042720241718006813 0.089344672283580298
leaf_weight=712.988268222427 3238.3768573146663 217.10217852005735 325.5424837844912 7661.709998853039 1859.6957933693193 316.37307865795447 1836.3801159125287 2113.8110478962772 11513.672730609891 403.62827037321404 374.05951264826581 269.22639390546829 209.34201389178634 23.453966941684484 6.465058943256734 289.3879883363843 28.290839409455657 6.2572950050234795 110.08460327610373 140.26606050878763 15.885603817179797 1043.2531931786798 900.89828510978259 1176.9048174145864 5435.9594670443912 4354.1901173319202 544.18129500583746 290.60638506780379 6751.7367433667532 2225.6326557626016
leaf_count=75416 110572 9620 44344 73625 2928 28251 31596 4084 5441 57768 47602 30935 1130 685 189 2003 34 10 699 316 560 4280 23261 74666 128885 248784 8334 8282 4775 8265
internal_value=0.0155853 0.0232405 0.0662798 0.0196646 0.0815675 -0.0206908 -0.0135596 0.0240458 0.0211536 0.0124708 0.017641 0.0228916 -0.16327 -0.309422 -0.655541 -0.159344 -0.224974 -0.726303 -0.143788 -0.232432 -0.434359 0.135992 -0.0198498 -0.00880867 -0.0196737 0.0269804 0.0153669 -0.0795651 0.0225026 0.0410056
internal_weight=54395.4 44916.8 3445.59 41471.2 3120.05 9478.61 8765.62 37331.9 35218.1 23704.4 23027 22363.5 677.437 273.809 64.4672 663.448 41.0132 12.7224 535.463 266.236 125.97 1260.36 4139.28 8449.24 6612.86 21828.1 11940.7 834.788 11105.9 9887.34
internal_count=1037340 698526 61172 637354 16828 338814 263398 503521 499437 493996 434180 384575 59816 2048 918 49605 233 199 32510 1575 1259 13900 133833 235147 203551 352065 270175 16616 253559 81890
is_linear=0
shrinkage=0.05


Tree=9
num_leaves=31
num_cat=0
split_feature=3 3 0 8 0 13 2 1 4 4 1 0 1 4 6 1 10 2 3 1 1 2 12 1 1 0 1 17 2 6
split_gain=5561.4 2707.75 2442.93 2538.57 2347.63 2233.99 2117.29 2111.3 5177.91 6471.1 2725.34 2110.52 1987.12 4788.66 2805.96 2666.99 16375 2296.31 1904.07 1896.59 4144.25 1571.2 1511.43 6589.21 1798.04 1464.31 1390.32 1342.01 1293.49 1265.99
threshold=0.0036344972333131496 0.012288021474898124 0.0021911819779333393 1.0000000180025095e-35 0.0012449425420076085 1.0000000180025095e-35 0.0081184580035741655 -0.29466594094434617 21.500000000000004 3.5000000000000004 -0.0070077561573003684 0.011549186031279402 -0.39916995509593139 21.500000000000004 0.18000000000000002 -0.3126275683766499 1.0000000180025095e-35 0.36663262701046723 1.0000000180025095e-35 8.2792216628112687 4.1663491631514509 0.24643860097013023 1.0000000180025095e-35 3.0136753299768682 3.0136753299768682 0.0039794028671305487 2.6725404816981908 1.0000000180025095e-35 1.0000000180025095e-35 0.18000000000000002
decision_type=2 2 2 2 2 2 2 2 2 2 2 2 2 2 2 2 2 2 2 2 2 2 2 2 2 2 2 2 2 2
left_child=4 2 3 5 -1 -2 -5 11 9 26 -10 12 -4 14 17 21 -17 25 -6 20 22 -16 23 -11 -24 -14 -9 -21 -29 -7
right_child=1 -3 7 6 18 29 -8 8 10 19 -12 -13 13 -15 15 16 -18 -19 -20 27 -22 -23 24 -25 -26 -27 -28 28 -30 -31
leaf_value=-0.11154726565403801 -0.0055941307739617281 0.05446664216083176 0.032043841075160943 -0.0088142459663242533 -0.10350361855191748 0.1039349823042614 -0.10039445857322023 -0.05253741217707561 -0.10479028600643708 -0.023494418903529421 0.04461310043333 -0.069004534540230894 0.22979778074813928 -0.0039629701128671277 -0.0034127529861542371 -0.054157993964328847 5.6679315932472853 0.040916600579050284 -0.0073810725312233221 -0.0019627132292774478 -0.18280363325898674 0.18389994147160049 -0.086109234882328786 -0.25910739904759961 0.051335061973884488 0.013076998593961428 0.035893063734265984 -0.17073089151418211 -1.0126645440246544 -0.028980716387809247
leaf_weight=667.27996744163102 3647.821744538378 5671.4148310471792 7813.1645817849785 1452.4145083162293 553.07752590230666 857.36624085786752 1116.1271620045882 487.76431921566837 315.14151034271345 1440.5394653592957 9714.3248321667779 419.85854093986563 859.98280756315216 1076.6445732470602 532.58064118446782 7.467896291986106 1.5017147557809947 254.33752755285241 7521.9509397385409 1749.1263768626377 667.10763204708928 141.75093008391559 365.38239894947037 373.72327852086164 682.26646191999316 85.709915834246203 5008.4514423063956 19.51574390754104 5.953632364049553 226.47267215652391
leaf_count=51346 93863 40346 105500 56835 63441 10398 49846 59374 4143 156844 14748 48079 2811 1854 3313 749 21 2715 207702 2395 4776 754 42362 2461 140 943 2818 90 127 6546
internal_value=0.0150786 0.0221689 0.0175106 -0.00859076 -0.021413 0.0131329 -0.0486093 0.023461 0.0140496 -0.0099741 0.0399186 0.0409749 0.0452611 0.0801495 0.128234 0.0473548 0.903849 0.174287 -0.0139647 -0.0493741 -0.0705769 0.0359622 -0.0444171 -0.0720288 0.00339941 0.210156 0.0280453 -0.00720953 -0.367538 0.0761617
internal_weight=53736.2 44993.9 39322.5 7300.2 8742.31 4731.66 2568.54 32022.3 20829.3 10799.8 10029.5 11193 10773.1 2959.98 1883.33 683.301 8.96961 1200.03 8075.03 5303.61 3529.02 674.332 2861.91 1814.26 1047.65 945.693 5496.22 1774.6 25.4694 1083.84
internal_count=1037340 714851 674505 217488 322489 110807 106681 457017 290278 271387 18891 166739 118660 13160 11306 4837 770 6469 271143 209195 206583 4067 201807 159305 42502 3754 62192 2612 217 16944
is_linear=0
shrinkage=0.05


Tree=10
num_leaves=31
num_cat=0
split_feature=3 3 0 3 0 1 1 12 1 1 13 4 15 4 1 5 0 17 3 4 1 12 1 1 1 1 18 1 0 4
split_gain=5133.16 2798.62 2197.95 2001.76 1860.43 1701.31 3420.25 6032.64 5273.57 2706.53 1468.21 1383.9 1313.84 1819.24 1624.21 1417.46 1934.41 21533.8 13010.7 1283.34 3136.65 4200.11 4918.63 7485.87 2872.33 1975.36 1751.08 1330.5 1691.46 1207.82
threshold=0.0053532753586941996 1.0000000180025095e-35 0.0012449425420076085 0.012288021474898124 0.0021680223171164485 -0.33058919580895363 8.2792216628112687 1.0000000180025095e-35 3.0136753299768682 3.0136753299768682 1.0000000180025095e-35 16.500000000000004 1.0000000180025095e-35 21.500000000000004 -0.5547013199074704 3.5000000000000004 0.0012943073090048785 1.0000000180025095e-35 0.0015309080377949858 21.500000000000004 -0.32174445502789495 1.0000000180025095e-35 8.2792216628112687 3.0136753299768682 -0.40760647707171044 2.6725404816981908 1.0000000180025095e-35 5.249489726493402 0.0038210649882444818 21.500000000000004
decision_type=2 2 2 2 2 2 2 2 2 2 2 2 2 2 2 2 2 2 2 2 2 2 2 2 2 2 2 2 2 2
left_child=1 -1 -3 4 10 12 7 8 -7 -9 -2 -12 13 14 -4 -16 17 18 -17 20 24 22 23 -22 -6 -23 -26 -25 -29 -10
right_child=3 2 5 -5 19 6 -8 9 29 -11 11 -13 -14 -15 15 16 -18 -19 -20 -21 21 25 -24 27 26 -27 -28 28 -30 -31
leaf_value=-0.10949707647707792 -0.021818546201254268 -0.064081423499448883 -0.05876577614958628 0.053487921288000388 0.021324761638472033 -0.02594426380605834 0.025960320136281179 -0.079449115548193033 -0.16686374053552777 0.061918836553605833 0.12238124452207946 0.0034518159491240402 0.069579606701388783 -0.03069563436475305 0.066143144058107145 10.655753723751097 -0.0074212314751441206 -0.07037977295195301 -0.050359039871581718 0.039015401623917034 -0.018257133071146233 -0.077886749116255205 0.016293721927264738 -0.26539608717586022 0.07579714890565703 0.050187862191077626 0.20589996045135692 -0.0054814757033846686 -0.22012909433961744 -0.053952313564550963
leaf_weight=639.8260271186009 3860.2498679806595 1365.3516946893069 451.25560206011869 5491.0642348153051 3474.4991173387971 2469.5984045966761 3785.6152356769308 423.24314556177706 1208.3525908889715 1692.3974130414426 370.65869003930129 719.26756915776059 1160.6030887919478 1778.1120656752028 2199.5123054401483 0.80210329033434102 1209.5455543142743 11.285758126527071 0.43914262158796191 10881.720950042363 1451.0949906727765 332.82743922714144 2336.723440101021 444.15539784467546 1252.060364480596 3154.810957306996 325.95662118494511 147.72338047117228 242.35502836469095 294.58831343473867
leaf_count=75416 118938 74585 60954 40346 90251 201490 3089 43839 6983 358 9440 13354 9409 15075 28302 8 24659 101 90 25256 136301 42150 2245 3052 6190 755 1293 793 1726 892
internal_value=0.0143699 -0.0067315 -0.00308886 0.0258066 0.0205642 0.00190212 -0.0113589 -0.0345638 -0.0708856 0.0336376 -0.00734935 0.043897 0.0211248 0.011173 0.0303959 0.042155 -0.00101934 0.617116 6.86802 0.026311 0.0158078 -0.00345818 -0.0347151 -0.0868711 0.0467312 0.0379656 0.102671 -0.206221 -0.138842 -0.144732
internal_weight=53175.7 18690.5 18050.7 34485.2 28994.1 16685.4 9873.8 6088.18 3972.54 2115.64 4950.18 1089.93 6811.56 5650.95 3872.84 3421.58 1222.07 12.527 1.24125 24043.9 13162.2 8109.69 4622.05 2285.33 5052.52 3487.64 1578.02 834.234 390.078 1502.94
internal_count=1037340 545250 469834 492090 451744 395249 256651 253562 209365 44197 141732 22794 138598 129189 114114 53160 24858 199 98 310012 284756 187022 144117 141872 97734 42905 7483 5571 2519 7875
is_linear=0
shrinkage=0.05


Tree=11
num_leaves=31
num_cat=0
split_feature=3 3 0 15 1 20 19 16 8 6 2 3 15 12 13 1 4 4 4 1 2 1 3 1 1 4 1 6 6 17
split_gain=5053.8 2748.65 2459.92 2120.74 2186.52 6508.05 6860.52 4616.41 2103.21 2234.67 2007.11 3252.18 6158.46 1752.46 1730.18 1523.21 1442.45 1690.15 1418.09 1324.2 1293.28 1252.63 1181.15 1164.64 2166.57 1837.12 3493.74 1496.19 1390.69 1350.79
threshold=0.0028896183866842381 0.012288021474898124 0.0021911819779333393 1.0000000180025095e-35 8.2792216628112687 1.0000000180025095e-35 1.0000000180025095e-35 1.0000000180025095e-35 1.0000000180025095e-35 0.22000000000000003 0.0081184580035741655 0.0029724304134210928 1.0000000180025095e-35 1.0000000180025095e-35 1.0000000180025095e-35 -0.29466594094434617 3.5000000000000004 12.500000000000002 21.500000000000004 3.0136753299768682 7.9188154199642593 1.1749217580623217 1.0000000180025095e-35 -0.33058919580895363 -0.0070077561573003684 21.500000000000004 -0.39916995509593139 0.14000000000000004 -0.77999999999999992 1.0000000180025095e-35
decision_type=2 2 2 2 2 2 2 2 2 2 2 2 2 2 2 2 2 2 2 2 2 2 2 2 2 2 2 2 2 2
left_child=13 2 8 4 5 6 7 16 9 14 11 12 -10 22 -2 -5 -4 -18 -6 -15 23 -11 -1 25 -25 26 27 -19 -26 -27
right_child=1 -3 3 15 18 -7 -8 -9 10 21 -12 -13 -14 19 -16 -17 17 20 -20 -21 -22 -23 -24 24 28 29 -28 -29 -30 -31
leaf_value=-0.11187330946748791 0.0089378279519237991 0.052455915743448683 0.042652890242217599 0.077523980096741774 0.0093866595659004987 -0.12315391171605666 -0.12714681298064318 -0.10563883481453457 -0.11934039906325809 -0.034009375833549592 -0.090139709730587228 -0.011027816067668322 2.7664667452576426 -0.082218248496504262 0.087730003905928444 -0.07652063021746229 -0.019420820707548844 -0.03498032245809813 0.048913033521367284 0.094653117568274825 -0.038380991568535056 -0.22787040004298606 -0.035478987952677336 -0.080093741169379562 -0.15862410146143369 0.0038763344461922346 0.15029963219574027 0.082888133993589533 0.029721278932234974 0.093362060132418268
leaf_weight=586.6425222120015 2876.7323231154587 5323.4513233806938 6726.6740669275168 2165.001663794741 3390.3672895218479 908.52757422300056 832.22249308112077 712.65675707627088 4.6987677102442822 1266.3499403202441 1326.4136162170034 1493.4840462730208 3.0479932362213731 142.88189831492491 919.41018411843106 173.3219408527948 2912.5220833185303 579.02608333155513 6861.8981483979151 407.99923610687256 766.69478704256471 89.195158347371034 3679.1766565516009 578.94061918486841 100.90950038726442 2366.6781960097142 975.59552526473999 503.22121749911457 3408.4069429176161 513.15642601530999
leaf_count=68345 70486 40346 65068 9890 3763 66930 55633 36747 300 41521 60386 60530 52 20924 12317 25246 138954 19854 1944 79 13130 3532 134853 16831 5372 7051 3717 13244 38922 1373
internal_value=0.0136674 0.0185885 0.0143419 0.0201321 0.016787 0.00786065 0.0135351 0.019347 -0.0106753 0.00834268 -0.0453243 -0.0057276 1.01609 -0.0351469 0.028021 0.0661058 0.0239308 0.0140185 0.0358419 0.048778 0.0239641 -0.0467655 -0.0459849 0.0292599 0.00952142 0.0456027 0.0816817 0.0198259 0.0243055 0.0198218
internal_weight=52595.3 47778.6 42455.2 34475.8 32137.5 21885.2 20976.7 20144.5 7979.33 5151.69 2827.64 1501.23 7.74676 4816.7 3796.14 2338.32 19431.8 12705.2 10252.3 550.881 9792.63 1355.55 4265.82 9025.93 4088.26 4937.68 2057.84 1082.25 3509.32 2879.83
internal_count=1037340 813139 772793 523669 488533 482826 415896 360263 249124 127856 121268 60882 352 224201 82803 35136 323516 258448 5707 21003 119494 45053 203198 106364 61125 45239 36815 33098 44294 8424
is_linear=0
shrinkage=0.05


Tree=12
num_leaves=31
num_cat=0
split_feature=3 3 0 1 20 19 16 0 8 6 3 2 13 1 0 1 4 1 1 1 15 2 4 4 4 3 1 17 2 2
split_gain=4665.78 2296.76 2150.76 1931.6 4976.09 5193.56 3291.16 2442.72 1971.66 1882.05 1661.01 1617.28 1515.83 1428.32 2311.6 2396.1 1620.22 1586.79 1908.67 1243.69 1245.89 6620.77 1175.71 1150.74 1313.58 1103.14 1000.43 972.006 965.902 1464
threshold=0.0039057998616705667 0.012288021474898124 0.0012943073090048785 8.2792216628112687 1.0000000180025095e-35 1.0000000180025095e-35 1.0000000180025095e-35 0.0021911819779333393 1.0000000180025095e-35 0.22000000000000003 1.0000000180025095e-35 0.0081184580035741655 1.0000000180025095e-35 -0.32174445502789495 0.0096891416680031459 2.6725404816981908 21.500000000000004 2.6725404816981908 5.249489726493402 -0.0070077561573003684 1.0000000180025095e-35 12.719632371713049 21.500000000000004 3.5000000000000004 12.500000000000002 0.0013904218153912296 2.4612192134984352 1.0000000180025095e-35 0.0081184580035741655 0.0032933367372989537
decision_type=2 2 2 2 2 2 2 2 2 2 2 2 2 2 2 2 2 2 2 2 2 2 2 2 2 2 2 2 2 2
left_child=2 3 -1 4 5 6 7 8 9 12 -4 -10 -2 -9 16 26 17 -15 -19 20 -18 -22 -5 25 -25 -12 -16 -20 29 -26
right_child=1 -3 10 22 -6 -7 -8 13 11 -11 23 -13 -14 14 15 -17 19 18 27 -21 21 -23 -24 24 28 -27 -28 -29 -30 -31
leaf_value=-0.1011046118692579 0.012904631161974487 0.051372904887249174 -0.103958852259461 0.010675399959306777 -0.11756934518333576 -0.12297690904846124 -0.098522066491834814 0.04112349518459002 -0.0071670525083921844 -0.038581929303684821 0.18516855836933699 -0.088615086621871786 0.088997766459989303 -0.021919182141129923 -0.029006654121451106 0.049133202359795389 -0.085592949487658776 -0.23143499662834122 0.033216439732555871 0.035170861385228507 -0.049755338549069376 2.2042653380895252 0.0488438816834144 -0.065819118292708076 0.010875884893004426 0.019163667552536193 -0.20151586352132533 -0.19885237095829156 -0.027217193933263759 0.29981985794451099
leaf_weight=735.23959778636345 2536.3085592037532 5167.9005156648345 463.96462212840561 3044.611047526123 751.05188488936983 686.18648438621312 609.8106675252784 10173.714307076763 1432.2439703182026 1277.8844287022366 106.60885655973107 1060.9854899060447 882.11130128754303 1511.1468755924143 453.34275315795094 4396.100707562262 379.2260438115336 226.38544063072186 172.08554014837136 1701.3914782358333 23.299939211923633 3.7874336778186253 5981.0621514630038 1115.6223367545463 2505.1720136825461 1633.082344914088 103.16932453843765 61.155565455555916 2639.5773912578588 44.619211968732998
leaf_count=55421 58411 40346 63130 3387 56703 47316 31127 68312 55778 39972 1605 47532 10222 155907 62546 1282 2715 2019 1289 9801 1106 76 1789 72414 50089 29406 553 337 66114 635
internal_value=0.0131436 0.0201256 -0.0190591 0.0158156 0.00942022 0.0128646 0.0163164 0.0189696 -0.00589071 0.0131876 -0.0119695 -0.041827 0.0325402 0.0282763 0.0138037 0.0367592 -0.0140719 -0.0466626 -0.128013 0.0164015 -0.062193 0.265408 0.0359686 -0.00666416 -0.0165976 0.0293365 -0.0609874 -0.0276318 -0.0060158 0.0159322
internal_weight=51878.8 42635 9243.89 37467.1 28441.4 27690.3 27004.1 26394.3 7189.53 4696.3 8508.65 2493.23 3418.42 19204.8 9031.09 4952.61 4078.48 1970.77 459.627 2107.7 406.313 27.0874 9025.67 8044.68 6304.99 1739.69 556.512 233.241 5189.37 2549.79
internal_count=1037340 698526 338814 658180 653004 596301 548985 517858 211915 108605 283393 103310 68633 305943 237631 64381 173250 159552 3645 13698 3897 1182 5176 220263 189252 31011 63099 1626 116838 50724
is_linear=0
shrinkage=0.05


Tree=13
num_leaves=31
num_cat=0
split_feature=3 3 4 4 2 6 15 3 4 1 1 14 0 1 3 0 6 1 1 4 4 1 6 1 2 6 0 0 1 1
split_gain=4329.85 2623.34 2223.66 3036.9 2257.23 2773.43 1729.29 1621.01 1294.09 3285.49 1547.15 1232.06 1672.62 1791.07 1350.94 1123.19 1017.78 4090.39 2409.51 938.031 4486.4 1742.07 3568.07 7291.23 931.714 974.629 928.807 928.292 861.278 1137.55
threshold=0.0064941679659544444 1.0000000180025095e-35 3.5000000000000004 12.500000000000002 0.0081184580035741655 0.26000000000000006 1.0000000180025095e-35 0.022892138400825299 20.500000000000004 2.6725404816981908 8.2792216628112687 1.0000000180025095e-35 0.0016524404784659383 -0.28582120016328755 0.00053453719276504098 0.0011232821920815707 0.18000000000000002 12.211797523472585 5.249489726493402 11.500000000000002 3.5000000000000004 5.249489726493402 0.22000000000000003 8.2792216628112687 0.0032933367372989537 -0.49999999999999994 0.014605835290835034 0.0018219130792696085 -0.3126275683766499 -0.41577085317730306
decision_type=2 2 2 2 2 2 2 2 2 2 2 2 2 2 2 2 2 2 2 2 2 2 2 2 2 2 2 2 2 2
left_child=1 -1 16 -4 24 6 8 15 9 -6 11 12 -10 -14 -13 -2 -3 18 -18 20 -17 -22 -23 -24 -5 -26 -11 -7 29 -9
right_child=7 2 3 4 5 27 -8 28 10 26 -12 14 13 -15 -16 19 17 -19 -20 -21 21 22 23 -25 25 -27 -28 -29 -30 -31
leaf_value=-0.10973754070530305 -0.026467518659820274 0.042971706738753522 -0.051938446990061109 0.017178436596311217 -0.032439199550921415 -0.060982905557911415 0.042879118007522865 0.064554961867781299 -0.19631903293222361 -0.20957926380275463 0.032224248736172703 0.49577892185638683 -0.010015665079707319 -0.12901160604157672 0.017010590065329539 0.035818397432539027 0.0098273083817175463 -1.8193467516393143 -0.34738168916810008 0.032936801913123995 -0.037547838386993659 -0.019452966884404996 -0.25496703603512866 -1.6141910253559908 -0.1613433650716303 0.33787405150255817 -0.090127381988014954 0.043334964265208636 0.0405612188783862 0.18089226887843746
leaf_weight=550.88864091178402 1069.2271411963739 3818.1000242447481 3181.3585247871233 8885.4687251990545 1412.5676449096063 241.63557042565662 606.88468211120926 587.1767683532089 214.12096073693829 437.34661901491927 843.62021405820269 15.44057036959566 1022.7196668228135 457.75554853712674 322.05167336622253 5058.5167413158342 1502.3025278705172 3.1003343109041444 48.74053442850709 15303.288438894786 1778.9685649741441 116.10201621428132 66.546757830306888 11.583850102499126 12.693754877836907 42.547131375176832 259.17066009715199 1815.958291747258 1103.1319404430687 327.21726914308965
leaf_count=75416 37019 42671 188124 168215 99782 10179 18804 1686 7574 3188 562 91 15139 10286 5954 46277 35333 116 398 162821 89861 190 427 386 645 146 1028 11106 3602 314
internal_value=0.0126714 -0.00180331 0.000561499 -0.00718938 0.00139188 -0.0185475 -0.0368107 0.0273014 -0.0465127 -0.0762604 -0.0246953 -0.0483255 -0.0657 -0.0468086 0.0389147 0.0235944 0.0290869 -0.00502435 -0.00139776 0.025991 0.0108746 -0.0530715 -0.195252 -0.456489 0.0184511 0.223159 -0.165132 0.0310843 0.0703042 0.106186
internal_weight=51116.2 25694.5 25143.6 19771.3 16590 7649.27 5591.68 25421.8 4984.79 2109.08 2875.71 2032.09 1694.6 1480.48 337.492 23404.2 5372.24 1554.14 1551.04 22335 7031.72 1973.2 194.233 78.1306 8940.71 55.2409 696.517 2057.59 2017.53 914.394
internal_count=1037340 694757 619341 540823 352699 183693 162408 342583 143604 103998 39606 39044 32999 25425 6045 336981 78518 35847 35731 299962 137141 90864 1003 813 169006 791 4216 21285 5602 2000
is_linear=0
shrinkage=0.05


Tree=14
num_leaves=31
num_cat=0
split_feature=3 3 1 20 19 16 0 8 6 1 0 1 2 12 4 1 4 13 1 1 1 6 6 1 4 11 4 1 0 4
split_gain=4073.96 2303.18 2157.82 5157.72 5414.42 3435.72 2889.6 1684.9 1785.62 1677.45 2539.65 2795.58 1505.6 1505.12 1501.25 1546.46 1462.32 1337.81 1310.16 1743.77 1205.1 1169.69 1611.18 1599.53 3276.34 1516.84 2611.54 1438.41 1960.04 6705.13
threshold=0.0028896183866842381 0.012288021474898124 8.2792216628112687 1.0000000180025095e-35 1.0000000180025095e-35 1.0000000180025095e-35 0.0021911819779333393 1.0000000180025095e-35 0.22000000000000003 -0.32174445502789495 0.0096891416680031459 2.6725404816981908 0.0081184580035741655 1.0000000180025095e-35 21.500000000000004 -0.0070077561573003684 21.500000000000004 1.0000000180025095e-35 2.4612192134984352 5.249489726493402 3.0136753299768682 -0.85999999999999988 0.3000000000000001 -0.39916995509593139 21.500000000000004 1.0000000180025095e-35 3.5000000000000004 -0.53238535855218394 0.011321260769798135 22.500000000000004
decision_type=2 2 2 2 2 2 2 2 2 2 2 2 2 2 2 2 2 2 2 2 2 2 2 2 2 2 2 2 2 2
left_child=13 2 3 4 5 6 7 8 17 21 14 -12 -9 -1 18 -16 -4 -2 -11 -20 -15 25 23 27 -25 -8 -27 28 -23 -30
right_child=1 -3 16 -5 -6 -7 9 12 -10 10 11 -13 -14 20 15 -17 -18 -19 19 -21 -22 22 -24 24 -26 26 -28 -29 29 -31
leaf_value=-0.041980118393562915 0.0079633630839164252 0.049050723280760045 0.0072333232703639368 -0.11227550922129968 -0.11831578521755759 -0.095004968040117849 -0.0025415329109299617 -0.0066791834372971664 -0.041826903800179643 -0.022217171854687773 -0.063752292228863458 0.048590579101473408 -0.080015563970716366 -0.080274372500602084 -0.067537802687408541 0.032560984604353242 0.048330712556383881 0.076653915935281439 -0.18938743566025573 -0.021124773516315365 0.093516021114372169 0.069450606036780591 0.018559400273341107 0.13217303735616207 0.0090000221262449432 -0.093603528495563526 -0.91977437638170478 0.01397697720472525 -0.081862236247267364 2.7086095310971245
leaf_weight=4198.0690936808533 2852.2030136975809 4924.8561463155784 3349.1158784256259 887.15016207681037 800.42695032409392 712.664854535833 620.40096001955681 1510.1659795294981 1355.0996119614283 1646.3460334726842 631.72734432760626 4486.731548837357 1304.3234639291768 134.80334224156104 487.73246222967282 1847.1951380809769 6119.3158042993164 943.2440125211142 317.07045970635954 299.34333008382237 383.59523540921509 1767.2490807548165 4198.1808299212717 1598.9697753083892 815.08917878521606 43.73037655139342 12.243275617016478 2377.9391281330027 7.0924011813476664 3.0909226438961923
leaf_count=203198 70416 40346 3982 66930 55633 36747 7386 60837 44997 182022 73966 1421 60297 20924 4567 11422 1985 12317 2916 1844 79 22084 31398 4827 921 190 386 13054 224 24
internal_value=0.012198 0.0167434 0.0128621 0.00657531 0.0100167 0.0134594 0.0161134 -0.00955627 0.00744326 0.0257759 0.0104975 0.0347251 -0.0406656 -0.0320546 -0.0164743 0.0116518 0.033794 0.0250343 -0.0454975 -0.107676 0.0483239 0.0387475 0.0427538 0.0582152 0.0905846 -0.0250322 -0.274314 0.0394103 0.0734363 0.765124
internal_weight=50635.2 45918.7 40993.8 31525.4 30638.3 29837.8 29125.2 7965.04 5150.55 21160.1 9716.15 5118.46 2814.49 4716.47 4597.69 2334.93 9468.43 3795.45 2262.76 616.414 518.399 11444 10767.6 6569.43 2414.06 676.375 55.9737 4155.37 1777.43 10.1833
internal_count=1037340 813139 772793 766826 699896 644263 607516 248864 127730 358652 278158 75387 121134 224201 202771 15989 5967 82733 186782 4760 21003 80494 72532 41134 5748 7962 576 35386 22332 248
is_linear=0
shrinkage=0.05


Tree=15
num_leaves=31
num_cat=0
split_feature=3 3 0 1 19 20 16 0 8 6 2 2 1 3 13 4 1 0 1 4 1 0 1 1 1 1 9 6 2 8
split_gain=3750.82 2004.48 1905.42 1853.07 4545.35 4671.49 2883.45 2131.65 1584.01 1504.28 1480.02 1832.27 6400.96 1464.98 1328.78 1195.5 1126.53 2094.53 2342.29 1684.46 1484.69 1503.59 14488.8 12335.8 1140.28 1275.65 1098.56 1094.83 1704.09 1240.3
threshold=0.0036344972333131496 0.021841969312452632 0.0012943073090048785 8.2792216628112687 1.0000000180025095e-35 1.0000000180025095e-35 1.0000000180025095e-35 0.0021680223171164485 1.0000000180025095e-35 0.22000000000000003 0.067143221853459292 0.06280316568802656 2.112192134984352 1.0000000180025095e-35 1.0000000180025095e-35 21.500000000000004 -0.32174445502789495 0.0096891416680031459 2.6725404816981908 21.500000000000004 -0.0070077561573003684 0.0021911819779333393 0.74438699142740516 0.710504830589196 2.6725404816981908 5.249489726493402 1.0000000180025095e-35 0.3000000000000001 0.36663262701046723 1.0000000180025095e-35
decision_type=2 2 2 2 2 2 2 2 2 2 2 2 2 2 2 2 2 2 2 2 2 2 2 2 2 2 2 2 2 2
left_child=2 3 -1 4 5 6 7 8 9 14 11 -10 -13 -4 -2 -5 26 19 -19 24 -21 22 23 -22 -18 -26 27 28 -9 -30
right_child=1 -3 13 15 -6 -7 -8 16 10 -11 -12 12 -14 -15 -16 -17 17 18 -20 20 21 -23 -24 -25 25 -27 -28 -29 29 -31
leaf_value=-0.10033359194663367 0.0097391108984600117 0.064414850875378515 -0.10354546710762907 0.0108888457388249 -0.11595887370813399 -0.10638347726633297 -0.087474636193542829 0.067087603364105311 -0.010581758238656473 -0.034428438691996084 -0.08353439728117415 -0.10798680456457793 2.5523199844908202 -0.0066266229653702009 0.077498210971505596 0.048470236501935715 -0.021355643771424022 -0.057198486805858297 0.048761230140225612 -0.058056022285201028 -0.067008716702699631 0.031956418761189556 0.010252926350317479 4.2412032255454148 -0.17565766956331952 -0.023688926155250322 -0.11670465077722758 0.017782811178072067 0.04382678738711026 -0.033688168976578399
leaf_weight=657.92011608602479 2624.2648279663408 2192.9675362268463 411.58735901722685 3304.0019701520214 707.09959598816931 806.17323085991666 662.11749198148027 4864.630389661761 1550.4866411514231 1291.4108622030471 1014.0773486271501 8.1662287521176022 3.126905196113511 7400.5321399466484 998.95238809892908 5885.9982648396399 1663.4059413280338 592.41552373534068 4360.2259293795796 485.52989709284157 2.8412513881921759 1701.957755667856 54.000357009237632 4.0017260857857764 293.51429188923794 260.77891756180907 114.75479142833501 3963.6178643514868 1334.7384716458619 841.34795129997656
leaf_count=52697 60979 8088 63130 3687 50722 61118 33174 25188 61144 40002 47102 624 22 206662 11059 1981 171242 68138 1425 4323 304 10602 116 7 2206 1818 5191 28693 6528 9368
internal_value=0.0117124 0.0178893 -0.018615 0.0152993 0.00931752 0.0123207 0.0156562 0.0180924 -0.00473994 0.011906 -0.0364998 -0.00595978 0.628614 -0.0117329 0.0284209 0.0349589 0.0264198 0.0136964 0.0360867 -0.0111335 0.0193637 0.0406875 0.284919 2.4524 -0.042052 -0.104161 0.0371975 0.0388024 0.0506355 0.0138569
internal_weight=50056.6 41586.6 8470.04 39393.6 30203.6 29496.5 28690.4 28028.2 7490.49 4914.63 2575.86 1561.78 11.2931 7812.12 3623.22 9190 20537.8 9418.67 4952.64 4466.03 2248.33 1762.8 60.8433 6.84298 2217.7 554.293 11119.1 11004.3 7040.72 2176.09
internal_count=1037340 714851 322489 706763 701095 650373 589255 556081 220932 112040 108892 61790 646 269792 72038 5668 335149 260181 69563 190618 15352 11029 427 311 175266 4024 74968 69777 41084 15896
is_linear=0
shrinkage=0.05


Tree=16
num_leaves=31
num_cat=0
split_feature=3 0 3 4 4 6 17 1 0 0 7 20 3 4 15 1 6 1 3 0 6 6 7 5 0 6 2 2 4 2
split_gain=3437.31 2394.24 1804.22 1497.04 2698.56 1723.11 1623.67 1838.22 1591.55 9604.43 12763.7 1554.64 1396.28 1102.84 1036.86 1019.9 949.309 2248.12 932.565 914.198 1732.41 952.696 894.695 843.141 1407.44 10359.6 37805.3 1408.67 992.89 951.417
threshold=0.0067870681773848232 0.0012943073090048785 1.0000000180025095e-35 3.5000000000000004 12.500000000000002 -1.0000000180025095e-35 1.0000000180025095e-35 -0.52217988842019325 0.004793637613077815 0.0048659601352351251 0.47103989685431497 1.0000000180025095e-35 0.022892138400825299 21.500000000000004 1.0000000180025095e-35 6.2210504830589217 0.18000000000000002 5.249489726493402 0.0016904181854816554 0.0021528550241008532 0.58000000000000018 -0.77999999999999992 -0.33216439128361153 3.5000000000000004 0.0016964758104398439 -0.059999999999999991 -0.10924176665815674 19.550497829971921 13.500000000000002 29.153893285677817
decision_type=2 2 2 2 2 2 2 2 2 2 2 2 2 2 2 2 2 2 2 2 2 2 2 2 2 2 2 2 2 2
left_child=1 14 -3 16 -5 6 11 8 -8 10 -10 23 19 -13 -1 -15 -4 -18 -7 20 21 -2 -16 24 25 27 28 -6 -27 -29
right_child=12 2 3 4 5 18 7 -9 9 -11 -12 13 -14 15 22 -17 17 -19 -20 -21 -22 -23 -24 -25 -26 26 -28 29 -30 -31
leaf_value=-0.062901947810915321 -0.09074500082633824 -0.10298077858155621 0.042282796170583337 -0.044095251951038542 0.036684581944941973 -0.081730273037531637 -0.040875601880857447 -0.14942272204346682 -0.1210114226297957 -0.048345668483339155 3.5080765800610738 -0.12446910548683487 0.06668557488455816 -0.18589138811144779 0.14762154922526993 0.02731690543877088 0.0098018584581467255 -0.2605129710952504 0.025408182590508532 0.026325910248896352 -0.06718423968235443 0.023639272659650996 -0.083630311974432395 -0.015446662271380186 0.012414367916349776 8.412535095291414 -0.14124774483095157 0.47853037303807727 6.3404024878749743 -0.13677251762300552
leaf_weight=1939.3415543320007 194.41853890870698 393.61048986960668 3696.4403388502542 3123.7207970226882 290.74956063961145 208.45400783314835 335.53989308862947 424.56193147628801 4.8850320512428862 47.458759144879878 4.8068670281209052 411.67161913285963 1858.3134035943076 67.299118832219392 113.73857391811907 336.78887550160289 1448.1165800872259 81.231148828752339 7920.4908259898075 17584.215060677379 778.92795214918442 2858.6084835903021 66.152493427856825 2374.9322701667552 2821.6334341375041 1.0146697750315072 6.6152528519742173 31.450738743762486 1.3436358375474808 7.8507488644681862
leaf_count=108871 7495 63130 41306 178948 9386 7829 5300 5861 111 648 34 22848 5602 4891 2468 246 35424 526 96662 218259 26575 63839 5096 63670 60854 6 539 266 39 611
internal_value=0.011133 -0.00130315 0.00318794 0.00495514 -0.00174547 0.00690225 -0.0109674 -0.0773045 0.000666918 0.244569 1.6789 -0.00243154 0.025111 -0.066871 -0.0522503 -0.00819202 0.0285753 -0.00455589 0.0226608 0.0215035 -0.00062599 0.0163552 0.0625818 0.00706468 0.0239798 0.120237 1.79647 0.0746624 7.23195 0.355619
internal_weight=49434.4 26159.9 24040.7 23647.1 18421.3 15297.5 7168.6 817.252 392.691 57.1507 9.6919 6351.35 23274.5 815.76 2119.23 404.088 5225.79 1529.35 8128.94 21416.2 3831.95 3053.03 179.891 5535.59 3160.66 339.025 8.97356 330.051 2.35831 39.3015
internal_count=1037340 715570 599135 536005 458749 279801 175310 11954 6093 793 145 163356 321770 27985 116435 5137 77256 35950 104491 316168 97909 71334 7564 135371 71701 10847 584 10263 45 877
is_linear=0
shrinkage=0.05


Tree=17
num_leaves=31
num_cat=0
split_feature=3 15 1 19 20 16 0 1 6 8 13 4 12 2 11 1 1 1 4 3 6 4 4 14 6 2 1 6 1 4
split_gain=3707.56 2043.07 2698.74 4648.77 4704.6 2977.88 2680.52 2367.17 1904.11 1462.88 1596.35 1434.45 1422.19 1377.82 1179.44 1175.36 1718.96 1128.33 1110.13 1084.33 1038.59 993.786 1380.99 909.511 2396.87 6434.97 10704.2 882.225 4960.18 7065.8
threshold=0.0028896183866842381 1.0000000180025095e-35 8.2792216628112687 1.0000000180025095e-35 1.0000000180025095e-35 1.0000000180025095e-35 0.0027631995269805556 -0.29466594094434617 -0.81999999999999995 1.0000000180025095e-35 1.0000000180025095e-35 21.500000000000004 1.0000000180025095e-35 0.067143221853459292 1.0000000180025095e-35 8.2792216628112687 3.0136753299768682 3.0136753299768682 19.500000000000004 1.0000000180025095e-35 0.26000000000000006 3.5000000000000004 12.500000000000002 1.0000000180025095e-35 -1.1399999999999999 7.9188154199642593 2.3175261940400058 -0.059999999999999991 -0.55279629881616543 22.500000000000004
decision_type=2 2 2 2 2 2 2 2 2 2 2 2 2 2 2 2 2 2 2 2 2 2 2 2 2 2 2 2 2 2
left_child=12 2 3 4 5 6 8 18 14 10 -10 -4 15 27 23 16 19 -14 -3 -1 -12 -8 -23 -2 25 -25 -27 28 29 -11
right_child=1 7 11 -5 -6 -7 21 -9 9 13 20 -13 17 -15 -16 -17 -18 -19 -20 -21 -22 22 -24 24 -26 26 -28 -29 -30 -31
leaf_value=-0.1108301772245206 -0.099563074542920349 0.094060327249148812 0.0089629458231292505 -0.11464510303881588 -0.10426355548718298 -0.087573959887366826 0.041504628806023083 -0.076901563305284304 0.00077802789645222358 -0.062710447829514168 0.079912348283837115 0.048174740143986976 -0.077976250702834093 -0.058760312616379776 -0.35336840449466334 0.015391361706983351 -0.14230137450952979 0.094230387278220154 0.037781781741869448 -0.026900266191635443 -0.031345717134951108 -0.014437061893003292 0.027494048674185048 0.0051972951987147489 -0.041942618189969527 -0.051435678389410378 5.8742232092527615 -0.016109929575905999 0.043609022275966774 3.6480865104088296
leaf_weight=453.61785917519592 446.03326724754879 1484.4776823665015 3678.2837331302871 804.57824448612519 917.86423205328174 750.1559184063226 6467.9562534880824 341.29792129539419 5486.2493325286778 2.8668578215874723 1176.1215744372457 6373.9309123449493 129.27743337897118 1716.6279713611002 41.317872920888476 750.71631306994823 471.96994562991313 360.01583274640143 2138.6330775227398 2537.6900630354648 255.29065909225028 2670.2186492712062 7420.5579991675331 7.525348609313367 46.6774714946514 1.6269291751086714 1.433737796731293 1676.0978349669313 488.35067088494543 2.3217137451283634
leaf_count=66652 20155 13055 4283 58347 70549 38376 64941 51252 118728 306 12004 2291 20924 60762 1558 1401 4213 79 6663 130932 7975 134325 72345 181 2889 170 4 44311 27638 31
internal_value=0.0102562 0.0147282 0.0113696 0.00393896 0.00716497 0.0107339 0.0133764 0.0489822 -0.00534176 -0.000743439 0.0130467 0.0338264 -0.0319569 -0.0252903 -0.0965621 -0.0413258 -0.05362 0.0487312 0.0608405 -0.0396278 0.0600696 0.026205 0.0163982 -0.0754797 0.112109 0.791377 2.72438 0.00119131 0.0599477 1.59775
internal_weight=49099.8 44396.5 40432.1 30379.9 29575.3 28657.4 27907.3 3964.41 11348.5 10803.9 6917.66 10052.2 4703.29 3886.27 544.615 4213.99 3463.28 489.293 3623.11 2991.31 1431.41 16558.7 10090.8 503.297 57.2635 10.586 3.06067 2169.64 493.539 5.18857
internal_count=1037340 813139 742169 735595 677248 606699 568323 70970 296712 271755 138707 6574 224201 133048 24957 203198 201797 21003 19718 197584 19979 271611 206670 23399 3244 355 174 72286 27975 337
is_linear=0
shrinkage=0.05


Tree=18
num_leaves=31
num_cat=0
split_feature=3 3 1 19 20 16 0 4 6 6 8 2 12 1 0 1 2 17 1 13 1 4 6 2 1 1 3 1 4 1
split_gain=3344.43 1946.04 2026.19 4282.77 4293.82 2692.93 2308.28 1431.4 1322.66 1333.67 1530.67 1347.19 1299.45 1262.11 2300.55 2682.57 1316.81 1439.09 1070.42 1059.12 1058.99 2372.44 1692.11 1101.39 1055.59 1403.58 1043.99 1007.71 2125.97 2090.11
threshold=0.0028896183866842381 0.021841969312452632 8.2792216628112687 1.0000000180025095e-35 1.0000000180025095e-35 1.0000000180025095e-35 0.0021822207935997717 21.500000000000004 -0.81999999999999995 0.18000000000000002 1.0000000180025095e-35 0.071049272402348748 1.0000000180025095e-35 -0.33058919580895363 0.0096891416680031459 2.6725404816981908 -1.0000000180025095e-35 1.0000000180025095e-35 3.0136753299768682 1.0000000180025095e-35 -0.39916995509593139 21.500000000000004 0.14000000000000004 0.36663262701046723 8.2792216628112687 3.0136753299768682 1.0000000180025095e-35 1.1119199891141653 21.500000000000004 2.6725404816981908
decision_type=2 2 2 2 2 2 2 2 2 2 2 2 2 2 2 2 2 2 2 2 2 2 2 2 2 2 2 2 2 2
left_child=12 2 3 4 5 6 8 -4 -2 10 19 -12 24 20 16 -16 -15 -18 -14 -10 -8 22 23 -22 25 26 -1 -11 -29 -30
right_child=1 -3 7 -5 -6 -7 13 -9 9 27 11 -13 18 14 15 -17 17 -19 -20 -21 21 -23 -24 -25 -26 -27 -28 28 29 -31
leaf_value=-0.1092680005972686 -0.089677504953894316 0.061845517293328378 0.0071691143259285522 -0.11006592516058683 -0.099162100802338574 -0.082035935416949979 0.024139512432446001 0.047829250882229613 0.01259272782438218 -0.018632958449314486 0.025287618115480793 -0.087439745221751936 -0.075015269231363049 0.0058172453795756673 -0.061261622028954715 0.048191044215958684 -0.029806021522764015 -0.15705685518718027 0.094715435613273738 0.073152727583818508 0.12864776880208828 -0.008183122117638485 0.019396700295737351 0.021958992542227447 0.01482101666692404 -0.12896104154596497 -0.025622184583925303 -0.27131701476490416 -0.51513575331026773 0.035604253047119415
leaf_weight=437.51259432313964 469.53996515220933 2023.1885784389451 3490.1510016031971 778.37341820367146 897.78557302046102 746.93954647285864 8468.0331505592912 5698.8177625546232 2721.8808515571873 2857.0995971778175 465.0315727898269 616.28385965729831 127.70382126595359 3123.0138638154021 644.21833787730429 4272.3555323695473 1663.5190262710094 256.42908800160512 340.75073245819658 982.57934462907724 1426.7056930996478 990.97698852512985 723.35785558959469 291.29556266125292 740.88113386774785 494.13705152375042 2531.2327399391215 127.30455065275601 18.900624206289649 194.57611680577975
leaf_count=66652 21207 8088 4194 57760 69851 38036 73621 2150 61358 90103 32052 32720 20924 116534 77334 1545 90979 6991 79 10507 2755 1502 3541 1873 1401 4213 130932 7336 973 129
internal_value=0.00967438 0.0139501 0.0116388 0.00581522 0.00863765 0.0117536 0.0140646 0.0323857 -0.00812306 -0.00332663 0.0133784 -0.0389601 -0.0305446 0.0226446 0.00951188 0.0338495 -0.0142158 -0.0468017 0.0484457 0.0286558 0.0336355 0.0570633 0.0835477 0.110558 -0.039347 -0.0509363 -0.0379493 -0.0283265 -0.109597 -0.0131567
internal_weight=48620.6 43948.4 41925.2 32736.2 31957.8 31060 30313.1 9188.97 8453.2 7983.66 4785.78 1081.32 4672.22 21859.9 9959.54 4916.57 5042.96 1919.95 468.455 3704.46 11900.4 3432.34 2441.36 1718 4203.76 3462.88 2968.75 3197.88 340.781 213.477
internal_count=1037340 813139 805051 798707 740947 671096 633060 6344 256385 235178 136637 64772 224201 376675 293383 78879 214504 97970 21003 71865 83292 9671 8169 4628 203198 201797 197584 98541 8438 1102
is_linear=0
shrinkage=0.05


Tree=19
num_leaves=31
num_cat=0
split_feature=3 3 4 4 2 6 15 4 1 12 1 1 1 1 3 0 6 1 3 17 1 0 6 1 1 1 7 8 0 1
split_gain=3045.4 1843.6 1473.73 2894.14 1487.15 2370.38 1305.49 1717.64 1650.84 1187.52 1096.66 1013.54 948.573 1288.07 938.453 843.059 829.408 3647.42 1908.82 1071.15 872.293 812.833 1086.64 793.145 1002.26 3892.28 5575.5 981.891 1214.44 778.662
threshold=0.0028896183866842381 0.0089804911537572415 3.5000000000000004 12.500000000000002 0.020781210109777893 0.22000000000000003 1.0000000180025095e-35 20.500000000000004 1.0033337869097838 1.0000000180025095e-35 -0.55660634099877537 3.0136753299768682 8.2792216628112687 -0.48625663355558585 0.022892138400825299 0.0016964758104398439 0.22000000000000003 8.2792216628112687 0.0065167542412913034 1.0000000180025095e-35 -0.52013879439379507 0.0017520889996746013 0.38000000000000006 8.2792216628112687 -0.54653694380187778 -0.54871411076336918 0.86827055535856645 1.0000000180025095e-35 0.0043506653290681617 12.211797523472585
decision_type=2 2 2 2 2 2 2 2 2 2 2 2 2 2 2 2 2 2 2 2 2 2 2 2 2 2 2 2 2 2
left_child=9 2 16 -4 21 6 7 8 -6 12 -7 -11 13 -1 -3 -12 20 19 29 -18 -2 22 -5 24 25 -9 -27 28 -26 -19
right_child=1 14 3 4 5 10 -8 23 -10 11 15 -13 -14 -15 -16 -17 17 18 -20 -21 -22 -23 -24 -25 27 26 -28 -29 -30 -31
leaf_value=-0.0076024558571608607 0.078388684022193164 0.024269176142848986 -0.038102615416562804 0.015701544607302668 -0.032989879256237795 -0.088700016886660557 0.037866533169623441 0.047878331196564747 -0.12315104913581124 -0.071935084005022729 -0.05356861483781266 0.094984268428857543 0.014264545290359044 -0.071200049314263353 0.064147770185955119 0.047583477161020085 0.01998263848684317 -1.0576789526730968 -1.9989274747208232 -0.10961772745853804 0.02741121040900614 0.02701948042590277 -0.059400511453677224 0.032050887419175521 0.0085396805772676616 -0.071959828693219374 2.9400696767250918 -0.076575936437572503 -0.12797586818835802 -0.28430459184837459
leaf_weight=1241.1250498019508 1123.3553611463867 10532.849130065413 3892.956250951509 1684.9144511691411 1356.3104890621034 178.80812199728098 758.59988312912174 152.29171174159274 811.43848638571217 126.54501860984601 224.69833622121951 323.24083008989692 731.53753871159279 2220.6878114946594 1715.5627295039594 2474.1952211249154 1669.2769676448079 4.503305491060023 2.4387464486062518 176.26786510995589 3317.0226564592449 9511.6908500602585 674.427767813846 852.51405112899374 1319.7574793398453 3.3049141940427935 2.8711622247938067 810.24970208946615 185.85369205486495 11.738461911678314
leaf_count=60305 2785 148266 202739 47355 85849 3739 17294 10146 11444 20924 10223 79 1401 141492 5602 14221 36347 100 100 3686 42403 118164 25758 606 9963 222 20 12334 3692 81
internal_value=0.00930336 0.0134166 0.00696322 0.00149459 0.0088344 -0.00633628 -0.0236183 -0.0321071 -0.0667393 -0.0291858 0.0312172 0.0480223 -0.0374673 -0.0483991 0.0298547 0.039162 0.0285571 0.000568197 -0.694586 0.00760452 0.0403078 0.0205033 -0.00576669 -0.00954094 -0.0238711 0.0977806 1.32829 -0.0321954 -0.00831189 -0.498736
internal_weight=48091 43447.9 31199.5 24894.9 21001.9 9130.89 6253.19 5494.59 2167.75 4643.14 2877.7 449.786 4193.35 3461.81 12248.4 2698.89 6304.6 1864.23 18.6805 1845.54 4440.38 11871 2359.34 3326.84 2474.33 158.468 6.17608 2315.86 1505.61 16.2418
internal_count=1037340 813139 659271 573769 371030 179753 151570 134276 97293 224201 28183 21003 203198 201797 153868 24444 85502 40314 281 40033 45188 191277 73113 36983 36377 10388 242 25989 13655 181
is_linear=0
shrinkage=0.05


Tree=20
num_leaves=31
num_cat=0
split_feature=3 3 15 4 1 4 1 19 0 20 3 6 1 1 4 0 3 1 4 1 13 11 2 0 6 1 1 19 20 16
split_gain=2831.84 1825.58 1708.93 2315.79 2314.59 2456.75 1373.26 1243.85 1311.07 1591.06 1205.72 1050.6 948.615 1135.63 1336.11 1129.35 1068.91 1116.45 1010.84 1266.21 1344.77 900.121 850.499 838.996 819.274 1492.88 758.828 2173.73 2146.36 1293.87
threshold=0.0067870681773848232 1.0000000180025095e-35 1.0000000180025095e-35 3.5000000000000004 8.2792216628112687 21.500000000000004 -0.29466594094434617 1.0000000180025095e-35 0.0016457536441204176 1.0000000180025095e-35 0.022892138400825299 -0.85999999999999988 -0.33929786365491904 -0.39073343312015241 21.500000000000004 0.0034390603843985549 0.0010715418916509396 2.6725404816981908 18.500000000000004 0.0074159749625799191 1.0000000180025095e-35 1.0000000180025095e-35 0.66727087056420742 0.00041491383287088363 0.18000000000000002 4.1663491631514509 8.2792216628112687 1.0000000180025095e-35 1.0000000180025095e-35 1.0000000180025095e-35
decision_type=2 2 2 2 2 2 2 2 2 2 2 2 2 2 2 2 2 2 2 2 2 2 2 2 2 2 2 2 2 2
left_child=1 -1 3 24 7 -6 -4 8 -5 11 23 21 13 15 22 -13 17 -14 -18 20 -20 -10 -15 -2 -3 -26 27 28 29 -25
right_child=10 2 6 4 5 -7 -8 -9 9 -11 -12 12 16 14 -16 -17 18 -19 19 -21 -22 -23 -24 26 25 -27 -28 -29 -30 -31
leaf_value=-0.10365662067733319 -0.13051962329006658 0.038228859397418574 0.051974802820783643 -0.056419469889261858 -0.040315776872893096 0.045597557721869741 -0.074864477484911027 -0.095916340107785186 -0.058849936333064262 -0.088316416364710451 0.062926282475232506 -0.035910940831783832 -0.092951198487491005 0.099124695540998245 -0.018253889058197033 0.018998524617374158 -0.051698143386537589 0.31983964665182302 -0.10616553918417626 0.016086386947689456 0.086524714367750055 -0.35042371412941076 -0.0555204675381505 0.021509437047376574 0.012479007302730513 -0.14116215188698475 0.037089966981706669 -0.11979169670932628 -0.10735658995821246 -0.08582190252802592
leaf_weight=437.92705914174439 93.823005606071092 3519.7631660219049 2161.7551679187454 2087.4452098343609 1183.517246296833 2802.4756577519001 236.7680912601063 563.974763805978 581.11512817055336 662.7410406031413 1662.7784463688731 1626.36618363671 25.612461570184678 842.95069728931412 500.78778935829177 2207.4015147408936 1920.7469507083588 45.442805873695761 462.94965464458801 1917.5559136688244 112.56083927443251 27.732583640725352 99.391082083573565 14836.297386206686 1325.2193127747159 179.52512139268219 4650.5646222196519 297.39211432728916 341.07787805469707 286.20296149956994
leaf_count=75416 6089 43700 16202 112028 2719 1193 39104 41490 22854 49924 5602 39799 4122 3690 953 31686 152878 157 9808 25797 1888 1095 1714 243555 36604 749 2860 22117 27139 14408
internal_value=0.00890275 -0.00244919 -0.000682958 -0.00492478 -0.0134415 0.0200883 0.039454 -0.0232077 -0.0200825 -0.0132077 0.0219771 -0.00840788 -0.00443343 0.0099359 0.0477418 -0.00429524 -0.0213404 0.171046 -0.0244375 -0.00343491 -0.0684783 -0.0721309 0.0828139 0.0186566 0.0250277 -0.00585131 0.0193423 0.0141055 0.0166805 0.0194781
internal_weight=47699.9 25531.7 25093.8 22695.3 17670.8 3985.99 2398.52 13684.8 13120.8 11033.4 22168.1 10370.6 9761.77 5276.9 1443.13 3833.77 4484.87 71.0553 4413.81 2493.07 575.51 608.848 942.342 20505.4 5024.51 1504.74 20411.5 15761 15463.6 15122.5
internal_count=1037340 715570 640154 584848 503795 3912 55306 499883 458393 346365 321770 296441 272492 77842 6357 71485 194650 4279 190371 37493 11696 23949 5404 316168 81053 37353 310079 307219 285102 257963
is_linear=0
shrinkage=0.05


Tree=21
num_leaves=31
num_cat=0
split_feature=3 1 19 20 16 0 1 4 6 6 4 8 2 1 1 1 17 2 12 0 4 17 1 1 3 4 5 1 1 14
split_gain=2630.27 1681.97 3800.91 3683.66 2435.31 1870.86 2049.47 3053.73 1953.66 1489.07 1369.02 1352.61 1397.65 1217.28 1158.49 2191.74 3459.6 1183.87 1037.9 975.926 973.658 2030.67 1028.15 1511.16 1032.08 4122.73 12183.6 13418.7 4428.6 929.06
threshold=0.0028896183866842381 8.2792216628112687 1.0000000180025095e-35 1.0000000180025095e-35 1.0000000180025095e-35 0.0026036223623424359 3.0136753299768682 21.500000000000004 -0.81999999999999995 0.18000000000000002 21.500000000000004 1.0000000180025095e-35 0.067143221853459292 4.1663491631514509 -0.33058919580895363 2.6725404816981908 1.0000000180025095e-35 0.067143221853459292 1.0000000180025095e-35 0.0026232955804488785 21.500000000000004 1.0000000180025095e-35 -0.3126275683766499 -0.39916995509593139 0.0097998057325365089 18.500000000000004 1.5000000000000002 1.0033337869097838 1.0300040821880529 1.0000000180025095e-35
decision_type=2 2 2 2 2 2 2 2 2 2 2 2 2 2 2 2 2 2 2 2 2 2 2 2 2 2 2 2 2 2
left_child=18 2 3 4 5 6 8 13 -2 11 -3 20 -13 -8 -7 17 -17 -16 -1 -19 22 -22 23 -10 -24 -26 27 -27 -29 -25
right_child=1 10 -4 -5 -6 14 7 -9 9 -11 -12 12 -14 -15 15 16 -18 19 -20 -21 21 -23 24 29 25 26 -28 28 -30 -31
leaf_value=-0.035165882976238481 -0.085390310795455837 0.007544246296676169 -0.10360774086956147 -0.089903424454677958 -0.075700403091402649 0.036120534660511731 -0.26604738811822293 0.019324304101144132 0.017486733487426586 -0.012543839568817321 0.047496758860820582 0.036490939420432925 -0.061305583326459613 -0.096364456320591471 0.00069604873099265508 0.041943026396234179 -0.14148388428806372 0.21239712544875242 0.045856711712750534 -0.069118125097636929 0.017315385896285947 -0.49004437481616669 -0.027492530685406791 0.11547830943270471 -0.0012111512418624909 -0.050580242651374979 -0.024691246515102405 6.9777485416160436 3.3167775763365364 -0.054926597531116929
leaf_weight=4147.8329070131731 565.38334909660625 3552.0053192484193 755.32043488905765 900.49859886337072 761.71161256695632 10188.541222331056 183.91274085378973 432.90799390266329 767.66745648416691 4403.0571251096553 5409.921057058149 667.29255038301926 807.34747169830371 248.51826810736384 2480.9354705400765 4871.9680754046421 271.38243169541238 31.679600325645879 436.89556973299477 1091.3993199188844 2224.2185956949834 19.898304720292799 537.18191439181101 1297.3683739949483 100.94924065424129 2.8337067235261229 15.115500622661783 1.2218511598184707 2.5501730875112116 85.242486543953419
leaf_count=203198 25524 4283 58347 70549 38376 62481 1275 633 22394 121494 2291 36795 40800 2234 150363 4047 1536 1256 21003 101596 13227 541 43612 3678 3313 272 767 2 65 1388
internal_value=0.00854295 0.012409 0.00729147 0.00983281 0.0126342 0.014784 -0.000345206 -0.0745513 0.00523987 0.00992712 0.0316618 0.0250815 -0.0170515 -0.168531 0.0246613 0.0113141 0.0322647 -0.0185848 -0.0274449 -0.0611772 0.0373743 0.0128167 0.0569855 0.0737392 0.00238966 0.133246 0.758133 2.54942 4.50266 0.104972
internal_weight=47262.8 42678 33716.1 32960.8 32060.3 31298.6 12362.7 865.339 11497.3 10931.9 8961.93 6528.89 1474.64 432.431 18935.9 8747.36 5143.35 3604.01 4584.73 1123.08 5054.25 2244.12 2810.13 2150.28 659.852 122.67 21.7212 6.60573 3.77202 1382.61
internal_count=1037340 813139 806565 748218 677669 639293 318014 4142 313872 288348 6574 166854 77595 3509 321279 258798 5583 253215 224201 102852 89259 13768 75491 27460 48031 4419 1106 339 67 5066
is_linear=0
shrinkage=0.05


Tree=22
num_leaves=31
num_cat=0
split_feature=3 3 1 19 20 16 0 6 6 1 1 0 9 4 3 1 4 1 1 1 17 1 4 14 1 4 2 1 4 4
split_gain=2375.41 1542.7 1604.5 2847.59 2623.22 1662.04 1648.38 1462 1636.94 1330.72 1685.47 1295.96 1181.08 1120.8 1118.84 978.493 1429.6 1419.3 942.651 1268.11 931.18 902.749 896.844 856.853 793.298 768.382 933.905 2441.96 759.563 717.24
threshold=0.0036344972333131496 0.022892138400825299 8.2792216628112687 1.0000000180025095e-35 1.0000000180025095e-35 1.0000000180025095e-35 0.0026036223623424359 -0.81999999999999995 0.18000000000000002 -0.27711253231732208 -0.39916995509593139 0.0011182556087849813 1.0000000180025095e-35 21.500000000000004 1.0000000180025095e-35 1.1749217580623217 21.500000000000004 2.4612192134984352 -0.0070077561573003684 -0.3741325350387808 1.0000000180025095e-35 0.66424003265750453 21.500000000000004 1.0000000180025095e-35 6.2210504830589217 21.500000000000004 -0.020372734235384219 -0.3126275683766499 21.500000000000004 2.5000000000000004
decision_type=2 2 2 2 2 2 2 2 2 2 2 2 2 2 2 2 2 2 2 2 2 2 2 2 2 2 2 2 2 2
left_child=11 2 3 4 5 6 7 -2 9 10 -9 -1 22 -4 -13 18 -17 -18 19 -10 21 -11 23 -12 -7 -21 27 -27 -14 -16
right_child=1 -3 13 -5 -6 24 -8 8 15 20 12 14 28 -15 29 16 17 -19 -20 25 -22 -23 -24 -25 -26 26 -28 -29 -30 -31
leaf_value=-0.11503660583304776 -0.082426921802014996 0.061447493254808139 0.0084868148462256734 -0.098993920928721696 -0.082376230363257863 -0.10861975505619502 0.022704040594640026 -0.0079868846146579006 -0.012262957620053017 -0.057016273837280786 0.099465536027376497 -0.098081477260734837 -0.053484666777585448 0.047392599722480035 0.027366981704723882 -0.20803442372774922 -0.38930915344324035 0.03315155676220477 0.027935468637094507 -0.05509448666728467 -0.13565996010541043 0.014541883090396168 0.028080431709971779 -0.054251842378987947 0.0019403837082890994 -0.73445568151947827 -0.086892144157294487 -0.12434168875209771 -0.45681494806020784 -0.015012683404190819
leaf_weight=320.49295093331602 541.56647722979687 1587.2904632976279 3130.3114869390847 634.22919457009993 779.2278741504997 423.09585030109156 16242.948653291998 1429.9341297911014 2191.8660358845955 591.96398376044817 1402.7394542453112 363.89820405060891 45.249673634418286 4530.0052408080082 1186.0869487290038 168.30820716095332 22.263190512545407 185.82011273456737 948.84235152014298 397.24190584453754 141.95764752355171 1725.3709192467504 982.90838141343556 96.920601019868627 263.16639539413154 23.65942875482142 115.66414600319695 53.45505092618987 15.731119506643152 6308.0124512931652
leaf_count=34586 21483 5602 3711 50884 61310 32940 280426 35032 37057 78812 5467 67345 1248 2003 22331 7270 913 171 36557 22153 5352 18054 1533 2453 328 494 1474 1887 237 198227
internal_value=0.00799947 0.013177 0.0111109 0.00580433 0.00811299 0.0106303 0.0125605 -0.00230769 0.00180904 0.0175539 0.0354448 -0.0164823 0.0598613 0.0314941 -0.0124627 -0.0228513 -0.0996859 -0.0120482 -0.0150995 -0.0297778 -0.0113526 -0.00373767 0.0652013 0.089531 -0.0662224 -0.0948435 -0.176751 -0.31153 -0.157531 -0.00830528
internal_weight=46850.2 38671.7 37084.4 29424.1 28789.9 28010.7 27324.4 11081.5 10539.9 6432.78 3973.48 8178.49 2543.55 7660.32 7858 4107.12 376.392 208.083 3730.73 2781.89 2459.29 2317.33 2482.57 1499.66 686.262 590.021 192.779 77.1145 60.9808 7494.1
internal_count=1037340 714851 709249 703535 652651 591341 558073 277647 256164 148188 45970 322489 10938 5714 287903 107976 8354 1084 99622 63065 102218 96866 9453 7920 33268 26008 3855 2381 1485 220558
is_linear=0
shrinkage=0.05


Tree=23
num_leaves=31
num_cat=0
split_feature=3 4 15 1 4 1 3 3 6 0 6 13 0 18 1 4 1 12 1 6 1 0 7 1 17 2 11 17 7 5
split_gain=2230.25 1557.28 2029.14 2019.28 2227.8 1293.88 1229.12 1094.23 981.268 919.487 1189.69 892.743 957.638 820.466 1030.35 916 816.606 759.342 976.903 747.91 1158.57 735.201 678.486 677.074 664.725 651.362 646.694 638.373 624.078 690.026
threshold=0.0067870681773848232 3.5000000000000004 1.0000000180025095e-35 8.2792216628112687 21.500000000000004 -0.36555994012790854 0.0032734585251301455 0.022892138400825299 -0.33999999999999991 0.0021528550241008532 0.58000000000000018 1.0000000180025095e-35 0.0016038493527725461 1.0000000180025095e-35 -0.53442645257858212 21.500000000000004 -0.33929786365491904 1.0000000180025095e-35 3.0136753299768682 0.18000000000000002 4.1663491631514509 0.0022784234493327215 -0.58925955544124498 -0.39916995509593139 1.0000000180025095e-35 12.719632371713049 1.0000000180025095e-35 1.0000000180025095e-35 0.19094684464666389 4.5000000000000009
decision_type=2 2 2 2 2 2 2 2 2 2 2 2 2 2 2 2 2 2 2 2 2 2 2 2 2 2 2 2 2 2
left_child=1 19 3 6 24 28 8 9 -3 10 -2 12 -8 14 22 16 23 -16 -19 26 27 -7 -14 -15 -5 -23 -1 -21 29 -4
right_child=7 2 5 4 -6 21 11 -9 -10 -11 -12 -13 13 15 17 -17 -18 18 -20 20 -22 25 -24 -25 -26 -27 -28 -29 -30 -31
leaf_value=0.040787805705883119 0.008358309775283743 -0.085314823231790196 0.10444915329260135 -0.029829201553655028 0.044904493677364543 -0.081172214980183566 -0.063839215990765669 0.060102712826661145 -0.030227265952157724 0.021753023937237784 -0.06073977598607927 0.02726169258445876 -0.080751488386634068 -0.051346920089331061 -0.040969545839439042 -0.015014484678236238 -0.048756573100467944 -0.084885782171423854 0.050898223550875969 0.023071013051658085 -0.11960005779278281 -0.01180034130740742 0.02834944768147038 0.10281319488540806 -0.22010240264629558 0.1410765935412521 -0.061207688772963689 -0.08939792632259741 0.015527508875779587 0.019825797972522433
leaf_weight=3227.3778764012386 3172.6697966090869 1188.1901427906414 800.34835564962123 1177.0657850296848 2529.2045141588314 305.30945554119535 1074.8245741706342 1542.8121142331511 2529.0131408060843 15890.970842285082 775.12696086079814 1148.6244197023916 161.07763398764655 82.035689957905561 4178.0871491075595 1003.5982092496706 146.36320477363188 178.87129023182206 510.54970420338213 1139.5392963765189 197.08123467396945 322.29959183442406 1235.7790658403537 540.48080752044916 47.764123803004622 88.892094484937843 163.27125125366729 141.87632691970794 585.78959169203881 344.61852830444695
leaf_count=40848 71334 80662 5832 2735 1258 27299 55626 5602 139392 218259 26575 28886 14415 7122 139823 3985 11998 27336 137 36771 817 18130 48833 1079 332 1688 7991 3727 5688 3160
internal_value=0.00768125 -0.00244349 -0.00856763 -0.014458 0.0181002 0.0341111 -0.0232024 0.0195421 -0.0478358 0.0163878 -0.0052087 -0.014278 -0.0195145 -0.0135867 -0.0220845 0.0164468 0.0575124 -0.0329474 0.0156689 0.0229363 -0.00673931 -0.022394 0.0157685 0.0824979 -0.0372492 0.0212488 0.0358764 0.0106186 0.0575031 0.0789787
internal_weight=46429.5 25047.9 20178.8 17731.5 3754.03 2447.26 13977.5 21381.6 3717.2 19838.8 3947.8 10260.3 9111.67 8036.84 6264.36 1772.48 768.88 4867.51 689.421 4869.15 1478.5 716.501 1396.86 622.516 1224.83 411.192 3390.65 1281.42 1730.76 1144.97
internal_count=1037340 715570 625416 563619 4325 61797 559294 321770 220054 316168 97909 339240 310354 254728 230544 24184 20199 167296 27473 90154 41315 47117 63248 8201 3067 19818 48839 40498 14680 8992
is_linear=0
shrinkage=0.05


Tree=24
num_leaves=31
num_cat=0
split_feature=1 19 20 16 4 15 1 4 0 3 4 6 3 4 0 3 3 13 1 6 3 1 21 4 0 1 1 9 1 4
split_gain=2035.22 3743.49 3612.28 2333.35 2130.94 2256.87 1932.32 1611.69 1608.23 1485.69 1160.16 3604.89 2770.5 1120.94 983.338 976.006 957.112 901.467 1271.75 823.085 756.931 690.689 864.901 1764.97 5147.96 4122.08 736.047 1304.74 1274.24 1421.1
threshold=8.2792216628112687 1.0000000180025095e-35 1.0000000180025095e-35 1.0000000180025095e-35 3.5000000000000004 1.0000000180025095e-35 -0.29466594094434617 21.500000000000004 0.0016457536441204176 0.022892138400825299 3.5000000000000004 0.22000000000000003 0.0088828608466702784 12.500000000000002 0.0096891416680031459 0.0028104748079925508 0.0035548731522552055 1.0000000180025095e-35 -0.0070077561573003684 -0.85999999999999988 0.0089804911537572415 -0.57075792624846911 1.0000000180025095e-35 14.500000000000002 0.0024860171193720839 -0.61647843243978773 -0.33929786365491904 1.0000000180025095e-35 -0.0070077561573003684 20.500000000000004
decision_type=2 2 2 2 2 2 2 2 2 2 2 2 2 2 2 2 2 2 2 2 2 2 2 2 2 2 2 2 2 2
left_child=1 2 3 4 -1 8 -7 10 16 13 11 -2 -13 -10 -12 -15 -6 18 -18 -17 -14 22 -21 24 25 -24 27 -23 -28 -30
right_child=7 -3 -4 -5 5 6 -8 -9 9 -11 14 12 20 15 -16 19 17 -19 -20 21 -22 26 23 -25 -26 -27 28 -29 29 -31
leaf_value=0.033884430200642787 0.051225790283543696 -0.098681088819767351 -0.085419439065079997 -0.073254841470486276 -0.086601638328804853 0.045262300686240819 -0.075777662994342299 0.046648202708043852 -0.024580375875443428 0.084531973440787889 -0.069115885755929682 -0.28491942926512892 -0.34288458396857868 -0.032048658555143987 0.0028846931573796625 -0.042836320236230081 -0.073745766189043077 0.020410479587209245 -0.0056462411732987475 -0.083582725310291123 -2.3134307550391831 0.033312934160413116 3.2751502616578039 0.00026549758586806501 -0.051187338615418743 -0.050479702447694424 -0.043080765310556296 -0.13981882368400217 -0.031220718201299121 0.033801161480536135
leaf_weight=7105.7427726764581 1491.9686059206724 897.62560616486007 1079.2220281860209 873.38466315926053 645.31796073199075 4119.4206552649848 358.42064568633214 5230.320065894397 3498.6085611993185 545.77170196827501 687.48555959360965 48.79067044891417 0.62272353470325414 1438.0975292688236 1528.5991948666051 663.42010522259807 1212.0537546322448 985.06459545472171 1578.3106445617741 392.31375655415468 2.2414102852344513 5710.7132357634837 2.5820396430790424 451.110751475906 9.63917308161035 1.4578620004467655 1120.3590447414899 110.9346761002671 1139.4795885811327 3200.7238645062316
leaf_count=99434 541 75255 90740 49091 55622 25377 64844 2541 201976 2211 2432 357 5 51630 1993 17617 55064 23954 46815 17423 106 38019 45 4964 934 168 30078 4376 53282 20446
internal_value=0.00735272 0.00218563 0.00468385 0.0074493 0.0095049 0.00313219 0.0355739 0.0286991 -0.00326564 0.00327729 0.00372911 0.0370084 -0.37364 0.000777406 -0.0194517 0.00700717 -0.0303287 -0.0207102 -0.0352267 0.0113942 -1.88499 0.0143579 -0.0289129 0.0172322 0.576762 2.07504 0.0176452 0.0300138 0.00445868 0.0167303
internal_weight=46129.8 37139.8 36242.1 35162.9 34289.5 27183.8 4477.84 8990.03 22706 18285.2 3759.71 1543.62 51.6548 17739.4 2216.08 14240.8 4420.75 3775.43 2790.36 12802.7 2.86413 12139.3 857.104 464.79 13.6791 4.0399 11282.2 5821.65 5460.56 4340.2
internal_count=1037340 1029365 954110 863370 814279 714845 90221 7975 624624 443169 5434 1009 468 440958 4425 238982 181455 125833 101879 187352 111 169735 23534 6111 1147 213 146201 42395 103806 73728
is_linear=0
shrinkage=0.05


Tree=25
num_leaves=31
num_cat=0
split_feature=3 3 4 15 1 4 1 3 19 0 20 0 6 6 0 6 1 1 2 1 3 9 1 0 4 1 4 4 1 2
split_gain=1935.57 1459.2 1205.5 1663.92 1495.84 1947.06 1048.53 973.769 954.332 918.752 1090.16 783.672 1056.17 773.749 689.316 678.094 890.719 643.999 677.808 621.779 908.222 807.863 867.274 800.268 799.212 1035.48 1092.1 792.102 791.578 621.247
threshold=0.0067870681773848232 1.0000000180025095e-35 3.5000000000000004 1.0000000180025095e-35 8.2792216628112687 21.500000000000004 -0.36555994012790854 0.022892138400825299 1.0000000180025095e-35 0.0016457536441204176 1.0000000180025095e-35 0.0021528550241008532 0.58000000000000018 -0.85999999999999988 0.0022784234493327215 0.18000000000000002 4.1663491631514509 -0.38188869233909378 0.082792953791166732 -0.33929786365491904 0.0010715418916509396 1.0000000180025095e-35 -0.39073343312015241 0.0034390603843985549 18.500000000000004 0.0074159749625799191 21.500000000000004 21.500000000000004 2.6725404816981908 0.66727087056420742
decision_type=2 2 2 2 2 2 2 2 2 2 2 2 2 2 2 2 2 2 2 2 2 2 2 2 2 2 2 2 2 2
left_child=1 -1 15 4 8 -6 -5 11 9 17 13 12 -2 -11 -8 -3 -17 -4 -19 21 28 22 23 -15 -22 26 -26 29 -21 -24
right_child=7 2 3 6 5 -7 14 -9 -10 10 -12 -13 -14 19 -16 16 -18 18 -20 20 24 -23 27 -25 25 -27 -28 -29 -30 -31
leaf_value=-0.097350411568272496 0.0081321733162603559 0.034647463998725529 -0.090468796706207388 0.053237433878993989 -0.032438013327743841 0.044266333770532851 -0.07971204681426268 0.057424127469515543 -0.086856766421937265 -0.061216008766777991 -0.074781160390824469 0.020305703130614555 -0.057072988570940189 -0.02983175645459369 0.022129973882536041 0.009863771288084423 -0.10049785634819144 -0.0045848917044487717 -0.075538540521197475 -0.092725498942278009 -0.045228123742467333 -0.1236853177692791 0.081118898665321737 0.017283166271403399 0.067710672689823601 0.016240628812639327 -0.095305270962791719 -0.0085560205547645235 0.25722343671129949 -0.056650096144669274
leaf_weight=398.4643199511047 3161.4889579404844 3233.0421175382799 608.56549263658235 1731.9121023211628 1287.199641307554 2315.7593436079333 282.44549751887098 1472.7007107418031 504.43541413341882 621.36384854195785 631.52213832823327 15532.680552868755 772.83729395573027 1537.1247815792449 403.53593008453026 1225.9356683547376 214.87362144608051 963.48732001252938 517.30215921581839 23.051342835300602 1868.5800571621949 114.23905433423351 905.40955561888404 2178.7874720194377 131.85339515912347 1885.0385637892177 465.3195361290127 498.29661215585656 54.047666978673078 89.958038105396554
leaf_count=75416 71334 43700 35102 13148 2719 1193 24434 5602 41490 23949 49924 218259 26575 34472 17724 36604 749 42097 34829 4122 152878 6254 3306 31430 7099 25797 4597 855 157 1525
internal_value=0.0070401 -0.00244308 -0.000886374 -0.00632275 -0.011782 0.0168628 0.0325153 0.0182224 -0.0193716 -0.0167717 -0.0110007 0.0152568 -0.00467637 -0.0071177 -0.0198024 0.0219337 -0.0065949 -0.0471676 -0.029372 -0.00367064 -0.0175146 0.00784358 0.0107278 -0.0022064 -0.0205291 -0.0019359 -0.059312 0.0429054 0.152594 0.0686678
internal_weight=45631.3 24691.6 24293.1 19619.2 17201.3 3602.96 2417.89 20939.7 13598.4 13093.9 11004.6 19467 3934.33 10373.1 685.981 4673.85 1440.81 2089.35 1480.79 9751.71 4427.89 5323.82 5209.58 3715.91 4350.79 2482.21 597.173 1493.66 77.099 995.368
internal_count=1037340 715570 640154 559101 503795 3912 55306 321770 499883 458393 346365 316168 97909 296441 42158 81053 37353 112028 76926 272492 194650 77842 71588 65902 190371 37493 11696 5686 4279 4831
is_linear=0
shrinkage=0.05


Tree=26
num_leaves=31
num_cat=0
split_feature=1 19 20 16 4 15 1 4 3 13 0 1 1 4 6 4 17 0 4 3 1 1 1 6 4 1 6 4 3 8
split_gain=1857.53 3334.25 3137.35 2083.49 1884.77 1911.14 1721.82 1532.09 1381.51 1330.49 1332.12 1303.79 1495.06 1038.21 2288.98 898.774 838.458 826.889 818.894 822.221 744.722 720.469 716.304 623.954 623.046 1151.03 621.296 9266.6 1379.81 1291.45
threshold=8.2792216628112687 1.0000000180025095e-35 1.0000000180025095e-35 1.0000000180025095e-35 3.5000000000000004 1.0000000180025095e-35 -0.29466594094434617 21.500000000000004 0.0034870210581305285 1.0000000180025095e-35 0.0011557400643420967 -0.28582120016328755 -0.45591236902979998 3.5000000000000004 0.22000000000000003 21.500000000000004 1.0000000180025095e-35 0.0011182556087849813 12.500000000000002 0.0077269928538998807 -0.0070077561573003684 -0.3035106817254048 6.2210504830589217 -0.77999999999999992 21.500000000000004 2.6725404816981908 0.18000000000000002 11.500000000000002 0.0065167542412913034 1.0000000180025095e-35
decision_type=2 2 2 2 2 2 2 2 2 2 2 2 2 2 2 2 2 2 2 2 2 2 2 2 2 2 2 2 2 2
left_child=1 2 3 4 -1 8 -7 13 17 10 20 12 -11 14 -2 -14 26 -6 -12 -20 -10 -17 -5 -21 25 -22 29 28 -28 -15
right_child=7 -3 -4 22 5 6 -8 -9 9 11 18 -13 15 16 -16 21 -18 -19 19 23 24 -23 -24 -25 -26 -27 27 -29 -30 -31
leaf_value=0.032080570883982716 0.051033636659287951 -0.095338320292097115 -0.08048016361230724 -0.10225920719355647 -0.12410052554010878 0.041578632894080439 -0.076253420089450769 0.046243847407409132 -0.092436153830157075 -0.07636707638825635 -0.021333625691878938 -0.07955324369802183 0.08428012704080462 -0.10484807981551612 -0.23184591376137642 -0.0030267994315411589 -0.16621017189040072 -0.025367778963097717 -0.0035347045906460105 -0.056930489941027444 -0.038736659909782228 0.11094030169263702 -0.0068803876584424941 0.027446092549864222 0.013939714092934208 -0.34104252459484258 -0.93473576101923372 0.049899780603306555 -0.4201528011215987 0.0058611157498811304
leaf_weight=6884.8483564992785 1388.5913542746566 861.87314473150764 1061.9483174375491 573.23140060371952 226.37565435921715 4120.0434622234898 335.25558151723817 4842.8693602231215 593.39147483225679 227.47923944925424 3171.4646467853163 227.1752500666189 1326.18248413119 434.20794042901252 75.394957921467721 711.43192057241686 91.020972089841962 3354.0876470145886 7067.9676238320753 230.25677741109394 228.29002854356077 172.24973066337407 299.80206536222249 4523.1510011162609 515.04136794502847 36.525040553329745 20.82542812358588 1021.7635742167186 34.788829973898828 669.71475423569791
leaf_count=99434 541 75255 90740 48583 28189 25377 64844 2541 32412 10148 149782 31436 5662 1777 468 1113 481 154798 128277 5103 23568 110 508 49203 4155 668 457 494 332 884
internal_value=0.00673614 0.00184552 0.00417957 0.00676123 0.00872239 0.00278079 0.0327119 0.0276846 -0.00311686 0.00224394 -0.00309047 0.0350091 0.045687 0.00362886 0.0364654 0.058251 -0.0175267 -0.0316102 0.00122673 0.00727927 -0.0502248 0.019188 -0.0695059 0.0233589 -0.0181062 -0.0804327 -0.0113225 0.0156889 -0.612845 -0.0376843
internal_weight=45327.2 36748.1 35886.2 34824.3 33951.2 27066.4 4455.3 8579.18 22611.1 19030.6 16366.1 2664.52 2437.34 3736.31 1463.99 2209.86 2272.32 3580.46 14992.8 11821.4 1373.25 883.682 873.033 4753.41 779.856 264.815 2181.3 1077.38 55.6143 1103.92
internal_count=1037340 1029365 954110 863370 814279 714845 90221 7975 624624 441637 393168 48469 17033 5434 1009 6885 4425 182987 332365 182583 60803 1223 49091 54306 28391 24236 3944 1283 789 2661
is_linear=0
shrinkage=0.05


Tree=27
num_leaves=31
num_cat=0
split_feature=1 19 20 16 4 15 1 4 11 0 3 2 3 4 6 6 1 21 1 1 17 4 1 1 9 1 9 2 6 12
split_gain=1755.3 3091.89 2854.55 1907.77 1744.1 1730.9 1589.71 1474.64 1323.91 1185.53 1124.44 1307.29 1053.9 950.568 1940.15 819.658 2062.47 1884.99 2097.83 1475.49 2006.34 1452.17 1439.95 4658.22 9654.78 1079.51 867.539 799.401 796.176 765.689
threshold=8.2792216628112687 1.0000000180025095e-35 1.0000000180025095e-35 1.0000000180025095e-35 3.5000000000000004 1.0000000180025095e-35 -0.29466594094434617 21.500000000000004 1.0000000180025095e-35 0.00055917535313869816 0.022892138400825299 0.042430431452642338 0.0016904181854816554 3.5000000000000004 0.22000000000000003 0.18000000000000002 -0.0070077561573003684 1.0000000180025095e-35 -0.54259082868417463 -0.28582120016328755 1.0000000180025095e-35 21.500000000000004 0.6502245203429039 0.66424003265750453 1.0000000180025095e-35 0.10198666485236084 1.0000000180025095e-35 0.0032933367372989537 -0.73999999999999988 1.0000000180025095e-35
decision_type=2 2 2 2 2 2 2 2 2 2 2 2 2 2 2 2 2 2 2 2 2 2 2 2 2 2 2 2 2 2
left_child=1 2 3 4 -1 8 -7 13 9 -6 11 12 -11 14 -2 19 17 21 -19 26 22 -17 -21 24 -24 -18 -14 -23 -10 -27
right_child=7 -3 -4 -5 5 6 -8 -9 28 10 -12 -13 15 -15 -16 16 25 18 -20 20 -22 27 23 -25 -26 29 -28 -29 -30 -31
leaf_value=0.031023937617555376 0.050898332733986446 -0.093130526468408331 -0.077103944820161197 -0.067109243186433173 -0.079817368388866397 0.039491300660646322 -0.076663891102051504 0.045998642281432411 -0.20826359997213029 -0.10618656612766759 0.067847641963449654 -0.015793095336824138 0.047885569279888338 -0.016006159447136559 -0.1966467146972406 -0.019473225672194609 0.057414844811933388 0.042519821937563214 -0.2309809306192277 -0.053366369628309179 -0.13879792101426214 -0.13099689557097538 -0.050312541032893204 0.02783054582721094 4.2733646596448942 -0.038194363607838122 -0.10792298970004129 0.013977733580759695 -0.042452865639337242 0.040859072464919974
leaf_weight=6766.4471569941379 1324.2930740518495 838.77833526601898 1053.2544885073439 859.56490859185578 473.52885473923379 4120.898368095397 317.24110411226866 4630.6239958875813 117.73652419995051 194.61819308125996 596.61426431359723 9308.5911579564345 3564.9050143058412 2311.4719485396636 84.184411766938865 826.84740212396719 1421.3741102514323 889.83269536402076 76.108793459483422 672.51866041193716 252.71002062485786 743.84528456599219 3.6903296299278727 1801.2490307268017 1.9859937897417692 752.79039468729752 91.636557847901713 109.0234705042094 188.00242379080737 516.43519421236124
leaf_count=99434 541 75255 90740 49091 32230 25377 64844 2541 3755 26736 2843 251584 33840 4425 468 48818 8793 5117 1850 85190 9249 7407 809 22983 15 40317 8208 292 20407 14181
internal_value=0.00648319 0.00175904 0.00398715 0.00645078 0.008321 0.00264031 0.0311885 0.0271663 -0.00296491 -0.00154798 0.000150217 -0.00175241 0.00921267 0.00372369 0.0361026 0.0111281 -0.00333687 -0.0346844 0.0209701 0.0232103 -0.00458779 -0.0666892 0.00909118 0.0323372 1.46243 0.0274871 0.0439809 -0.112465 -0.106305 -0.00602831
internal_weight=44910.8 36560.2 35721.5 34668.2 33808.6 27042.2 4438.14 8350.57 22604 22298.3 21824.8 21228.2 11919.6 3719.95 1408.48 11725 5336.26 2645.66 965.941 6388.7 2732.15 1679.72 2479.44 1806.93 5.67632 2690.6 3656.54 852.869 305.739 1269.23
internal_count=1037340 1029365 954110 863370 814279 714845 90221 7975 624624 600462 568232 565389 313805 5434 1009 287069 126775 63484 6967 160294 118246 56517 108997 23807 824 63291 42048 7699 24162 54498
is_linear=0
shrinkage=0.05


Tree=28
num_leaves=31
num_cat=0
split_feature=1 19 20 16 0 6 1 4 4 4 6 0 3 4 6 8 2 1 1 0 2 6 4 1 1 3 1 17 4 1
split_gain=1656.43 2864.37 2590.35 1711.77 1631.14 1647.79 1488.84 1793.05 1432.75 883.961 1690.78 879.806 856.012 831.585 828.687 1152.37 1250.76 818.611 726.447 726.444 722.985 685.701 718.686 657.81 882.143 1564.59 646.35 755.336 659.035 619.257
threshold=8.2792216628112687 1.0000000180025095e-35 1.0000000180025095e-35 1.0000000180025095e-35 0.0026036223623424359 -0.81999999999999995 3.0136753299768682 21.500000000000004 21.500000000000004 3.5000000000000004 0.22000000000000003 1.0000000180025095e-35 0.0089804911537572415 3.5000000000000004 0.18000000000000002 1.0000000180025095e-35 0.067143221853459292 1.1749217580623217 6.2210504830589217 0.0081405850735747666 0.042430431452642338 0.10000000000000002 13.500000000000002 -0.0070077561573003684 -0.3741325350387808 0.022892138400825299 -0.52830317049938769 1.0000000180025095e-35 10.500000000000002 -0.33058919580895363
decision_type=2 2 2 2 2 2 2 2 2 2 2 2 2 2 2 2 2 2 2 2 2 2 2 2 2 2 2 2 2 2
left_child=1 2 3 4 5 -1 11 -8 9 10 -2 -7 13 -6 15 -13 -17 23 -5 -11 -15 26 -23 24 -16 -26 28 -28 -22 -14
right_child=8 -3 -4 18 12 6 7 -9 -10 19 -12 14 29 20 17 16 -18 -19 -20 -21 21 22 -24 -25 25 -27 27 -29 -30 -31
leaf_value=-0.080229140088035056 0.050755886868594537 -0.091052028335994795 -0.073831436697327113 -0.098182033614654884 0.030189414843210072 -0.11925521163400242 -0.11952891280557013 0.017488186777783445 0.045746317460855883 -0.064404755312554754 -0.17231928501622312 0.025820651240002865 0.050725225864858496 0.015099738090178373 -0.0048678160665223957 0.028420031884182847 -0.06147926483906882 -0.13456026763016113 -0.002935746838456019 0.00068713373599282607 0.094499429041442456 -0.036608579386121484 0.034409535118263827 0.027312459198322904 -0.088976062437014392 0.14198798762832798 -0.024599597968702393 -0.098536202117585972 -0.015713531941872107 0.015256577647710386
leaf_weight=696.61181691521051 1263.1541571849957 815.61895414892933 1045.1543054481735 548.65544800140196 4094.4118590421858 144.41002225680859 556.91046617402753 417.97542985287146 4428.4754023082787 564.5235691658163 91.066110174637288 5747.687098636874 2775.0088011175394 6028.4461255855131 2791.4773152651032 683.69220420805505 891.27137713576667 131.18273275304819 315.2033124291338 1780.6989458799362 197.58652408706257 502.05518766900059 1226.549585138273 1030.1674135438516 702.70300075877458 81.867532432079315 1854.8752305652597 424.48185478715459 432.62705229443964 2211.1949546494288
leaf_count=31212 541 75255 90740 48583 70293 12197 4140 734 2541 2030 468 120034 11595 152230 48624 44561 50187 10091 508 2395 517 25177 12342 49118 34993 247 69040 5341 11823 49783
internal_value=0.00615393 0.00159098 0.00371754 0.00606772 0.00785324 -0.0052844 -0.0013231 -0.0607838 0.0265593 0.00359125 0.0357549 0.00342659 0.0170848 0.0110344 0.00489561 0.0154377 -0.022454 -0.0113994 -0.0634287 -0.0149813 0.00368168 -0.0111589 0.0137831 -0.00789184 -0.0180333 -0.0648757 -0.0259771 -0.0383687 0.0188408 0.0349962
internal_weight=44475.7 36347.8 35532.2 34487.1 33623.2 13876 13179.3 974.886 8127.92 3699.44 1354.22 12204.5 19747.2 14761 12060 7322.65 1574.96 4737.4 863.859 2345.22 10666.6 4638.18 1728.6 4606.22 3576.05 784.571 2909.57 2279.36 630.214 4986.2
internal_count=1037340 1029365 954110 863370 814279 406138 374926 4874 7975 5434 1009 370052 408141 346763 357855 214782 94748 143073 49091 4425 276470 124240 37519 132982 83864 35240 86721 74381 12340 61378
is_linear=0
shrinkage=0.05


Tree=29
num_leaves=31
num_cat=0
split_feature=1 19 20 16 4 15 1 4 3 13 1 1 0 4 6 1 4 4 0 1 1 0 18 1 1 1 17 1 1 17
split_gain=1551.53 2661.32 2355.24 1568.12 1528.26 1557.08 1437.63 1389.75 1140.8 1158.67 1147.58 1275.54 1099.54 822.406 1500.64 769.695 857.552 726.315 700.727 687.313 684.456 626.73 616.014 1496.01 1412.62 1731.69 2313.86 1250.5 1477.98 1006.94
threshold=8.2792216628112687 1.0000000180025095e-35 1.0000000180025095e-35 1.0000000180025095e-35 3.5000000000000004 1.0000000180025095e-35 -0.29466594094434617 21.500000000000004 0.0034870210581305285 1.0000000180025095e-35 -0.28582120016328755 -0.45591236902979998 0.0016038493527725461 3.5000000000000004 0.22000000000000003 -0.0070077561573003684 17.500000000000004 21.500000000000004 0.0011182556087849813 6.2210504830589217 2.4612192134984352 0.0096891416680031459 1.0000000180025095e-35 3.0136753299768682 -0.54259082868417463 0.6502245203429039 1.0000000180025095e-35 -0.43223567832358151 -0.33929786365491904 1.0000000180025095e-35
decision_type=2 2 2 2 2 2 2 2 2 2 2 2 2 2 2 2 2 2 2 2 2 2 2 2 2 2 2 2 2 2
left_child=1 2 3 4 -1 8 -7 13 18 12 11 -11 15 14 -2 -10 20 -13 -6 -5 -17 -15 24 27 29 -26 -27 -24 -29 -14
right_child=7 -3 -4 19 5 6 -8 -9 9 10 -12 17 22 21 -16 16 -18 -19 -20 -21 -22 -23 23 -25 25 26 -28 28 -30 -31
leaf_value=0.029121240604707055 0.050605494234817965 -0.089102133343253509 -0.070668797984321005 -0.095819150831076394 -0.11510670363518523 0.037085228882269304 -0.076020960334367366 0.045486503839550801 -0.064976882577494122 -0.07372288873824738 -0.079907749032960329 0.075854638735251556 -0.003431482769248922 -0.049850292461295798 -0.1544168568518027 -0.034878111028910357 0.013368655100143678 0.017737946458966827 -0.023362159521602956 -0.0027832982551183006 -0.20175763911076863 0.0043839512765408975 -0.079272583678045683 -0.44174221660576224 -0.037099190264699287 0.020446754006108504 -0.11972497652596481 0.06310520314162632 -0.0041399243599762967 0.063879863476854842
leaf_weight=6567.9162846792606 1205.0316670248285 792.3854783308343 1037.5311902142712 534.4397822227038 221.97607576327573 4115.020367537858 301.52687911366229 4235.9571896368871 1109.1073536228796 217.93339827959426 210.23721544584259 1364.6359462008113 1078.8140635236632 806.52753093917272 96.39056106377393 214.21709864580771 1020.7464499568741 887.07104760129005 3335.9091700271892 315.82801454141736 86.156236065718986 1568.9076942298561 278.94949753058609 17.449722022749484 4000.1916919906216 3712.8031551359381 319.76920457559754 1711.892111800611 1563.3344024201506 1145.6178138987161
leaf_count=99434 541 75255 90740 48583 28189 25377 64844 2541 51514 10148 31436 5662 22686 2432 468 22615 18759 1223 154798 508 1172 1993 12807 176 169540 48854 5059 3433 24388 12165
internal_value=0.00590936 0.00152103 0.00355129 0.00579429 0.00749719 0.00222007 0.0293632 0.025964 -0.00310864 0.00177151 0.0322338 0.0417802 -0.0032494 0.00347288 0.0354204 -0.0342661 -0.00848383 0.0529593 -0.0290861 -0.0612614 -0.0827443 -0.0140301 0.00220137 0.0200849 -0.00402581 -0.0137902 0.00933161 0.0223523 0.0310077 0.0312349
internal_weight=44074.3 36161.5 35369.1 34331.5 33481.3 26913.4 4416.55 7912.81 22496.8 18938.9 2679.88 2469.64 16259 3676.86 1301.42 2430.23 1321.12 2251.71 3557.89 850.268 300.373 2375.44 13828.8 3571.63 10257.2 8032.76 4032.57 3554.18 3275.23 2224.43
internal_count=1037340 1029365 954110 863370 814279 714845 90221 7975 624624 441637 48469 17033 393168 5434 1009 94060 42546 6885 182987 49091 23787 4425 299108 40804 258304 223453 53913 40628 27821 34851
is_linear=0
shrinkage=0.05


Tree=30
num_leaves=31
num_cat=0
split_feature=1 19 20 16 0 1 1 14 17 1 4 6 4 1 1 4 4 1 9 1 14 11 1 17 3 2 6 2 0 1
split_gain=1452.06 2474.98 2140.87 1436.73 1447.49 2510.66 2538.87 2108.85 2076.63 1990.22 1695.81 1623.85 1464.93 2611.98 1511.59 1466.53 1347.04 1162.7 2098.4 1919.93 1109.44 1108.03 994.761 1575.62 4188.82 1848.83 1428.96 4411.32 2204.98 1558.9
threshold=8.2792216628112687 1.0000000180025095e-35 1.0000000180025095e-35 1.0000000180025095e-35 0.0096891416680031459 3.0136753299768682 4.1663491631514509 1.0000000180025095e-35 1.0000000180025095e-35 3.0136753299768682 11.500000000000002 -0.81999999999999995 21.500000000000004 -0.29466594094434617 -0.40760647707171044 3.5000000000000004 21.500000000000004 -0.0070077561573003684 1.0000000180025095e-35 -0.27711253231732208 1.0000000180025095e-35 1.0000000180025095e-35 -0.54259082868417463 1.0000000180025095e-35 0.015123089512823538 -0.014092417666581565 0.22000000000000003 -0.0068164411539443437 0.0017520889996746013 -0.41577085317730306
decision_type=2 2 2 2 2 2 2 2 2 2 2 2 2 2 2 2 2 2 2 2 2 2 2 2 2 2 2 2 2 2
left_child=1 2 3 4 5 11 7 -7 -8 10 -6 21 13 14 15 -13 -2 18 19 22 -16 -1 23 25 -25 -14 -24 28 -28 -30
right_child=16 -3 -4 -5 9 6 8 -9 -10 -11 -12 12 17 -15 20 -17 -18 -19 -20 -21 -22 -23 26 24 -26 -27 27 -29 29 -31
leaf_value=-0.025830523424051361 0.0033554033640473963 -0.087277680990652307 -0.067619127536919066 -0.059169929809930133 -0.059623095210502075 -0.18857316225877122 0.02291650961076052 -0.0064536965925790224 -0.12720642459180626 0.052962476039213682 0.056365484356211831 0.043163301476422604 0.025953314166410415 -0.022243252838886063 0.056067816021197869 -0.0064817664965537321 0.04521883400630361 0.022694860239953096 -0.17164209522455987 -0.10148467881406353 -0.054458970224039338 -0.15019349619749911 -0.0015655872625307051 0.095607934583434848 1.4680227990428554 -0.092658932524243717 -0.10820144444407334 0.0020387428824449527 -0.21592450108682107 -0.55005754931827722
leaf_weight=1394.4182357397513 3654.1827981129609 769.09419977368088 1030.2975015903939 836.8708172958286 884.00495584239252 469.20428760019422 1050.7541662591902 240.39364970939641 295.04159639659338 3424.6352744022734 489.69313430952025 2574.1918116834131 1920.6354341772967 2834.8749198391452 5016.4290698051045 3524.0624977373518 4052.6236781586194 2976.3417816480796 205.74090605258243 530.28865275497083 237.80567482401966 205.50215855825809 3240.4166652088752 367.52898577367887 5.6452224776148787 396.32601625082316 186.90611625183374 692.95282332028728 75.505925637437031 64.922128149715718
leaf_count=54432 5434 75255 90740 49091 96678 3020 4448 361 1547 1492 5413 7815 4743 392158 28687 129861 2541 34532 5004 10641 7098 4047 9370 1682 43 4623 1851 2163 1454 1116
internal_value=0.00567508 0.00145201 0.00339226 0.00553522 0.00716114 0.00288446 -0.0503467 -0.126876 -0.00999525 0.0325679 -0.0182757 0.00702091 0.0101644 0.0206889 0.0314097 0.0144744 0.0253693 -0.00383853 -0.0141122 -0.00977992 0.0510654 -0.0418044 -0.00278365 0.0210211 0.116369 0.00566419 -0.0178136 -0.069417 -0.220686 -0.3704
internal_weight=43647.3 35940.5 35171.4 34141.1 33304.2 28505.9 2055.39 709.598 1345.8 4798.33 1373.7 26450.5 24850.6 14187.4 11352.5 6098.25 7706.81 10663.2 7686.87 7481.13 5254.23 1599.92 6950.84 2690.14 373.174 2316.96 4260.7 1020.29 327.334 140.428
internal_count=1037340 1029365 954110 863370 814279 710696 9376 3381 5995 103583 102091 701320 642841 565619 173461 137676 7975 77222 42690 37686 35785 58479 27045 11091 1725 9366 15954 6584 4421 2570
is_linear=0
shrinkage=0.05


Tree=31
num_leaves=31
num_cat=0
split_feature=3 1 19 20 16 4 0 1 9 1 4 1 1 4 1 4 1 4 1 14 1 6 1 17 2 6 2 0 17 1
split_gain=1380.09 1243.44 2335.02 1978.47 1328.7 1308.53 1285.46 2366.7 2582.2 1879.88 1842.11 2494.07 2087.35 1558.32 1517.9 1354.27 1806.98 1640.66 1250.78 1019.46 1003.42 3784.52 2934.98 1302.51 1692.24 1123.02 3613.19 1527.89 1094.95 1981.03
threshold=1.0000000180025095e-35 8.2792216628112687 1.0000000180025095e-35 1.0000000180025095e-35 1.0000000180025095e-35 21.500000000000004 0.0096891416680031459 -0.28582120016328755 1.0000000180025095e-35 3.0136753299768682 21.500000000000004 -0.0070077561573003684 2.4612192134984352 11.500000000000002 5.249489726493402 21.500000000000004 -0.40760647707171044 3.5000000000000004 2.112192134984352 1.0000000180025095e-35 -0.54259082868417463 -0.97999999999999987 -0.56055245611647841 1.0000000180025095e-35 -0.014092417666581565 0.22000000000000003 -0.0068164411539443437 0.0017520889996746013 1.0000000180025095e-35 -0.50081643761055916
decision_type=2 2 2 2 2 2 2 2 2 2 2 2 2 2 2 2 2 2 2 2 2 2 2 2 2 2 2 2 2 2
left_child=-1 2 3 4 6 -3 7 8 15 13 12 -12 18 -8 -14 16 17 -2 -9 -18 21 22 -17 24 -23 28 27 -27 -22 -30
right_child=1 5 -4 -5 -6 -7 9 10 -10 -11 11 -13 14 -15 -16 20 19 -19 -20 -21 25 23 -24 -25 -26 26 -28 -29 29 -31
leaf_value=-0.090638972875554821 0.038529466488089421 0.0032183291916880589 -0.085691378907708338 -0.064619921821564036 -0.055898688822342238 0.044954524565531666 -0.057192896853979019 -0.023504137700192579 -0.11374918717342775 0.052903636511405942 -0.089525223143211555 0.019680478616293733 -0.1303088297822429 0.054906727650000542 -0.021099025593239361 -0.051235564490012979 0.052234490152087393 -0.012365989454885696 0.15019044897351341 -0.054232066732754936 0.0062161690095858882 0.024982285297285797 2.04632334867263 0.10477766459208988 -0.090458102639139046 -0.098674013882520437 0.0053556496493177772 -0.31160239039179827 -0.050344141475379467 -0.4769629204378949
leaf_weight=370.51274642243516 2697.0739879258908 3641.8513835213089 737.38322332449025 1013.0529044939321 837.28349085489754 3877.5778168407269 869.63766057486646 2708.8166936570487 390.76486040567397 3261.177378278735 606.29678857850377 3797.6154839813171 899.96799924942025 481.76646314933896 492.1676558195395 2.8138189524179325 5214.4131477063638 3834.8555977682117 107.76880377662019 234.97686535143293 3224.9902123741922 1908.3988745578099 4.0943341137608504 388.65694749844261 380.80487728252774 187.10301945620449 672.91393250325928 153.25865232624346 250.42602678196272 30.528644667007029
leaf_count=75416 7445 5061 70001 83817 45529 2476 89699 383415 25040 1484 12475 36003 7073 4991 3596 341 27086 118621 3362 7425 8823 4644 64 1750 4738 1735 1930 2422 550 328
internal_value=0.00544576 0.00627544 0.00235198 0.00422553 0.00629887 0.0247406 0.00788652 0.00388257 0.0134923 0.0323557 -0.0179597 0.00464588 -0.0416137 -0.0172301 -0.0916994 0.0160839 0.0263847 0.00864906 -0.0168582 0.0476437 -0.00104796 0.0231625 1.19195 0.0201474 0.00577899 -0.0154309 -0.0617937 -0.194552 -0.00203124 -0.0967007
internal_weight=43279 42908.4 35389 34651.6 33638.6 7519.43 32801.3 28188.7 19576.1 4612.58 8612.63 4403.91 4208.72 1351.4 1392.14 19185.3 11981.3 6531.93 2816.59 5449.39 7203.99 2684.77 6.90815 2677.86 2289.2 4519.22 1013.28 340.362 3505.94 280.955
internal_count=1037340 961924 954387 884386 800569 7537 755040 658866 212942 96174 445924 48478 397446 94690 10669 187902 160577 126066 386777 34511 27325 11537 405 11132 9382 15788 6087 4157 9701 878
is_linear=0
shrinkage=0.05


Tree=32
num_leaves=31
num_cat=0
split_feature=3 3 4 4 2 6 17 0 20 1 8 0 1 6 6 12 1 1 4 3 3 3 1 1 1 6 17 8 3 1
split_gain=1322.26 1151.07 1003.89 1362 1167.95 1821.69 1052.99 1291.67 830.752 1213.57 986.549 1741.98 1650.38 983.737 778.292 1049.18 1342.24 737.618 732.151 2037.25 1049.74 940.891 649.791 1263.85 1002.04 635.311 623.766 589.48 577.329 572.297
threshold=0.0089804911537572415 1.0000000180025095e-35 3.5000000000000004 12.500000000000002 0.0081184580035741655 0.22000000000000003 1.0000000180025095e-35 0.0035933620450797738 1.0000000180025095e-35 12.211797523472585 1.0000000180025095e-35 0.0051151969696766409 3.0136753299768682 0.18000000000000002 0.22000000000000003 1.0000000180025095e-35 3.0136753299768682 -0.51809770036739689 21.500000000000004 0.0073341453968680578 0.0028896183866842381 0.0064941679659544444 -0.52013879439379507 2.6725404816981908 2.4612192134984352 -0.81999999999999995 1.0000000180025095e-35 1.0000000180025095e-35 0.023583786309130956 6.2210504830589217
decision_type=2 2 2 2 2 2 2 2 2 2 2 2 2 2 2 2 2 2 2 2 2 2 2 2 2 2 2 2 2 2
left_child=1 -1 14 -4 29 8 7 -7 10 27 12 -12 25 18 22 16 26 -9 21 20 -20 -11 -3 24 -24 -6 -16 -10 -2 -5
right_child=28 2 3 4 5 6 -8 17 9 13 11 -13 -14 -15 15 -17 -18 -19 19 -21 -22 -23 23 -25 -26 -27 -28 -29 -30 -31
leaf_value=-0.088645870675644611 0.016446107174245116 0.06455989072040319 -0.028893672206945484 0.0071272033107074558 -0.061817709037375157 -0.037680448530724005 0.089739756237037976 -0.12041681992627291 -0.10023156770452153 -0.3012465519475751 -0.067273136942478995 0.018064800670024413 -0.091076626602555374 0.037281835111220844 0.019337068119673884 0.043161806101191372 -0.127063250308525 0.051368111393607745 -1.3324589854396411 -0.13280755913761563 -4.2598534941599917 -1.357712050176568 -0.01810067084686514 0.041646987848101773 -0.2746756459603063 0.017874436644116851 -0.088988885813633123 -0.0024158515596532301 0.05318044142482075 0.034751919938772483
leaf_weight=360.16617714936729 9210.8737689154805 1116.4671719114995 4231.5810671099898 10044.857943280585 273.19219786059693 860.03280145089957 505.74253225326538 66.026271581882611 339.41806319489842 37.424636489944533 1925.5532776595574 867.36118452809751 449.93465661230584 16.327751521021128 631.38010961236432 637.70754098100588 302.8257921077311 1166.2895469790092 0.63489563763141565 1.9088836377486584 0.59158379398286343 2.2332672476768485 865.74080251564737 2031.3797194742365 39.803420336218551 2957.3501330677245 168.31860807875637 281.99002803768963 1210.117390569998 2305.0847731339163
leaf_count=75416 149543 3557 247249 224559 11849 28631 22 1387 15893 292 69196 13350 2174 7 33612 8749 1347 2009 22 8 51 63 50600 1523 360 73468 4133 11030 4325 2915
internal_value=0.00521438 0.000243256 0.00123976 -0.00290593 0.00206961 -0.010865 0.0249946 0.009345 -0.0238881 -0.0764385 -0.0183636 -0.0407708 -0.00136006 -0.292908 0.020083 -0.00788565 -0.0374118 0.042164 -0.418891 -1.15443 -2.74447 -0.36074 0.0320907 0.0197476 -0.0293785 0.0111352 -0.00346311 -0.0558436 0.0207118 0.0122833
internal_weight=42908.3 32487.3 32127.2 26333.5 22102 9752.01 2598.09 2092.35 7153.92 680.529 6473.39 2792.91 3680.48 59.121 5793.62 1740.23 1102.52 1232.32 42.7933 3.13536 1.22648 39.6579 4053.39 2936.92 905.544 3230.54 799.699 621.408 10421 12349.9
internal_count=1037340 883472 808056 704175 456926 229452 32049 32027 197403 27366 170037 82546 87491 443 103881 47841 39092 3396 436 81 73 355 56040 52483 50960 85317 37745 26923 153868 227474
is_linear=0
shrinkage=0.05


Tree=33
num_leaves=31
num_cat=0
split_feature=3 0 3 1 19 20 4 1 12 1 9 4 1 1 6 6 1 2 1 11 2 1 4 1 4 4 1 15 0 3
split_gain=1221.84 996.884 932.691 976.903 1661.34 1240.51 1053.51 899.956 2133.32 2664.47 2069.63 1746.89 2129.12 1941.88 1208.98 1688.48 1154.56 1088.71 1075.26 850.951 928.889 768.046 1150.17 980.794 876.516 722.94 1517.49 1352.15 1698.62 670.929
threshold=0.0028896183866842381 1.0000000180025095e-35 0.023583786309130956 8.2792216628112687 1.0000000180025095e-35 1.0000000180025095e-35 21.500000000000004 -0.27711253231732208 1.0000000180025095e-35 2.6725404816981908 1.0000000180025095e-35 21.500000000000004 -0.0070077561573003684 2.4612192134984352 0.22000000000000003 -0.81999999999999995 5.249489726493402 20.891447536379889 2.112192134984352 1.0000000180025095e-35 -0.045545059994894048 -0.39916995509593139 10.500000000000002 -0.44788406585930057 21.500000000000004 22.500000000000004 -0.54653694380187778 1.0000000180025095e-35 0.0031274452269170585 1.0000000180025095e-35
decision_type=2 2 2 2 2 2 2 2 2 2 2 2 2 2 2 2 2 2 2 2 2 2 2 2 2 2 2 2 2 2
left_child=29 -2 3 4 5 7 -5 10 11 -10 14 13 -13 18 15 19 -15 21 -9 20 -3 22 23 -17 -23 -24 27 -27 -29 -1
right_child=1 2 -4 6 -6 -7 -8 8 9 -11 -12 12 -14 16 -16 17 -18 -19 -20 -21 -22 24 25 -25 -26 26 -28 28 -30 -31
leaf_value=-0.086689038536686233 -0.12642855435651756 0.048937906085749772 0.052102125555618585 0.0044524168484039338 -0.081474458281619672 -0.054893130306116436 0.045007686200143164 -0.01963612070918903 -0.077892799577988781 0.047446099051192507 -0.11158722079561773 -0.095394190655351013 0.019400161450149393 -0.11426579042031433 -0.0012477748765454184 0.056693516756653586 -0.029803692069573173 -0.069975627002120039 0.13841634684351811 -0.1411829446780318 -0.052414982880399058 0.064324055274313341 -0.017512078809189108 -0.13565865528969381 0.019026188872132657 0.11185814036689104 -0.0094439380067222779 -0.075219291091725676 1.1423524799103244 -0.014441011096335747
leaf_weight=350.13800104233087 137.71922509867727 360.87138801591936 1179.7210875102319 3207.8412832238537 568.20209118988714 845.09169124328764 3197.5624600667506 2489.2084929999255 496.60810949595179 2900.5750404028222 323.50543381401803 456.88314024207648 3484.5871410950349 1042.1732254599556 6361.459104093432 1903.7770856973948 661.3738700550748 250.62908618641086 112.47185769851785 153.79204595010378 605.16118921161979 3265.1443082141923 1859.3590253436123 68.661142598139122 1586.9935586889042 257.61039127514232 536.53685420326656 4.7691206322051567 7.1725997123867273 3906.9269455974063
leaf_count=75416 10892 3013 4265 4186 57999 70165 2179 327753 75638 1416 21544 9989 30148 7573 80220 8996 3537 5396 3230 1226 13552 14237 48397 666 2518 2049 2141 188 26 148785
internal_value=0.00502929 0.00785203 0.0083363 0.00694116 0.00322459 0.00482696 0.0246975 0.00655598 -0.00422112 0.0291238 0.0137081 -0.0179574 0.00609355 -0.0399762 0.0160617 0.0262007 -0.0814748 0.0328852 -0.0128034 -0.0319443 -0.0145536 0.0356018 0.0210527 0.0499977 0.0495084 -0.000366744 0.0391814 0.135969 0.656095 -0.0203833
internal_weight=42582.5 38325.5 38187.7 37008 30602.6 30034.4 6405.4 29189.3 11643.9 3397.18 17545.4 8246.7 3941.47 4305.23 17221.9 10860.5 1703.55 9740.65 2601.68 1119.82 966.033 9490.02 4637.89 1972.44 4852.14 2665.45 806.089 269.552 11.9417 4257.06
internal_count=1037340 813139 802247 797982 791617 733618 6365 663453 459284 77054 204169 382230 40137 342093 182625 102405 11110 84614 330983 17791 16565 79218 62463 9662 16755 52801 4404 2263 214 224201
is_linear=0
shrinkage=0.05


Tree=34
num_leaves=31
num_cat=0
split_feature=1 19 20 4 12 1 1 4 6 4 1 1 1 4 6 0 0 3 3 6 17 0 11 1 3 2 1 4 1 1
split_gain=1142.78 1962.58 1557.88 1243.69 1128.81 3174.19 2674.98 2330.74 1384.27 1140.92 2105.41 1105.63 1066.61 754.211 1272.79 737.602 695.398 681.614 664.262 643.235 602.917 600.604 562.786 606.474 570.519 568.435 560.438 554.883 554.128 548.997
threshold=8.2792216628112687 1.0000000180025095e-35 1.0000000180025095e-35 21.500000000000004 1.0000000180025095e-35 2.6725404816981908 3.0136753299768682 21.500000000000004 -0.81999999999999995 19.500000000000004 -0.33058919580895363 -0.39916995509593139 5.249489726493402 3.5000000000000004 0.22000000000000003 0.0024385336885336889 0.0031274452269170585 0.019342432133129809 1.0000000180025095e-35 0.14000000000000004 1.0000000180025095e-35 0.00044852871519050107 1.0000000180025095e-35 -0.33929786365491904 0.0077269928538998807 0.0032933367372989537 6.2210504830589217 3.5000000000000004 2.3175261940400058 -0.0070077561573003684
decision_type=2 2 2 2 2 2 2 2 2 2 2 2 2 2 2 2 2 2 2 2 2 2 2 2 2 2 2 2 2 2
left_child=1 2 4 13 6 -6 8 12 16 10 11 15 17 14 -2 27 28 -8 -11 -13 -9 -20 23 25 -24 -18 -4 -10 -1 -23
right_child=3 -3 26 -5 5 -7 7 20 9 18 -12 19 -14 -15 -16 -17 22 -19 21 -21 -22 29 24 -25 -26 -27 -28 -29 -30 -31
leaf_value=-0.088771976700177571 0.050320489809696146 -0.082066507673413128 -0.086429957022776394 0.044402282722387103 -0.077408945228386997 0.049890768969720514 -0.10551443211523399 0.028504463001435526 0.028112969659860522 -0.090965660820859648 -0.016959636843614363 0.065774111983823255 -0.031089300083233046 -0.013936928716341924 -0.13447852321622514 0.026342644049921468 0.069825503196233193 -0.73961107889206623 -0.09482049504091028 0.022061873140952964 -0.16342679023299822 -0.0052857556796633877 -0.080243839863627597 -0.10037554474542731 -0.54464481831250422 -0.022509616202811139 -0.0083806195606525285 -0.040837454181538169 0.046656035669467438 0.019284245648088054
leaf_weight=668.62162481751875 1100.9022040013224 694.80607208868605 645.14133900587331 3489.8597639017389 578.22594614850823 3197.9957631903235 1121.0825576328571 888.24127445110935 451.6813547264901 205.33726270122861 3033.8999846810184 2599.7011144497956 754.93091617675236 2369.1675185093627 101.7890978588257 4799.1276218221756 347.24946964869741 4.2541498315986237 165.65826633071993 1244.4627946984547 42.893090254394338 8823.437604752311 121.18562484055292 111.68733404332306 6.9951279684901229 320.54431668308098 357.42838728730567 824.26994320240919 85.151722848138888 3062.6821569387685
leaf_count=37109 541 75255 89884 2541 97122 1685 5763 1277 2777 11172 369407 10034 4659 4425 468 78980 1244 74 6514 9142 239 76240 1753 17384 326 5475 856 62136 344 62514
internal_value=0.00481922 0.0011324 0.00280982 0.023174 0.00465003 0.0303983 0.00137439 -0.0450302 0.00622939 0.00914269 0.0194897 0.0306381 -0.0770673 0.00243307 0.0346801 0.0173592 -0.0379765 -0.107912 -0.00179189 0.0516232 0.0196631 -0.000272559 -0.0084981 0.00746761 -0.105587 0.0255042 -0.0586044 -0.0164293 -0.073473 0.00104517
internal_weight=42218.4 35156.7 34461.9 7061.72 33459.3 3776.22 29683.1 2811.4 26871.7 25210.3 12953.1 9919.24 1880.27 3571.86 1202.69 6075.08 1661.44 1125.34 12257.1 3844.16 931.134 12051.8 907.662 779.481 128.181 667.794 1002.57 1275.95 753.773 11886.1
internal_count=1037340 1029365 954110 7975 863370 98807 764563 12012 752551 688916 532476 163069 10496 5434 1009 143893 63635 5837 156440 19176 1516 145268 26182 24103 2079 6719 90740 64913 37453 138754
is_linear=0
shrinkage=0.05


Tree=35
num_leaves=31
num_cat=0
split_feature=3 3 4 4 6 0 17 1 2 6 17 2 6 12 1 17 2 5 20 1 2 6 11 1 1 4 1 6 1 1
split_gain=1104.75 924.592 869.976 1124.05 1003.09 1420.2 1242.56 1865.04 902.826 740.278 1285.95 762.921 687.383 880.813 1048.31 728.54 672.315 585.51 624.726 541.758 540.691 533.479 940.58 596.276 584.204 795.471 675.293 1127.71 533.333 1092.92
threshold=0.0089804911537572415 1.0000000180025095e-35 3.5000000000000004 12.500000000000002 0.060000000000000005 0.0035933620450797738 1.0000000180025095e-35 -0.52422098244659132 0.042430431452642338 0.18000000000000002 1.0000000180025095e-35 0.0032933367372989537 0.22000000000000003 1.0000000180025095e-35 -0.3035106817254048 1.0000000180025095e-35 -0.05008935409752361 5.5000000000000009 1.0000000180025095e-35 12.211797523472585 -0.088001021189685974 0.14000000000000004 1.0000000180025095e-35 -0.52830317049938769 4.1663491631514509 11.500000000000002 8.2792216628112687 0.22000000000000003 -0.52013879439379507 3.0136753299768682
decision_type=2 2 2 2 2 2 2 2 2 2 2 2 2 2 2 2 2 2 2 2 2 2 2 2 2 2 2 2 2 2
left_child=1 -1 12 21 6 9 8 16 -5 11 -11 -6 28 14 15 -14 20 18 -10 -20 -8 22 23 -4 -23 26 -26 -28 -3 -30
right_child=-2 2 3 4 5 -7 7 -9 17 10 -12 -13 13 -15 -16 -17 -18 -19 19 -21 -22 24 -24 -25 25 -27 27 -29 29 -31
leaf_value=-0.082553259334848347 0.019040677299029165 0.060627695064414511 0.052217840907809378 0.012193235977771553 0.049995393507549647 0.03396254519315358 -0.05549406786982275 -0.11607284985589716 -0.0042716894165247465 -0.020416059828081382 0.085738470294506985 -0.028981558572416074 0.035230741929594765 0.042863074007566788 -0.095442790507671377 -0.087118907198802303 -0.024829404946271984 -0.060109689442957852 -0.047766962096837146 -0.22660284166434264 0.14911993296971823 -0.030931345625429058 -0.11742870188820503 -0.01487619023677374 -0.080962992807217249 0.036664486098515914 0.01785925852670834 -0.32046681583416858 -0.023290942157872647 0.042326476318711982
leaf_weight=335.20370622922201 10091.731828449585 1067.8668218905805 400.93283592461376 5003.5369399867777 1066.3521934812306 4507.4915994557959 44.540663409046829 633.68318764497235 3778.6261416344496 4217.4156949035969 305.9879615145037 428.72946494794451 496.33570658031385 560.33599157538265 426.08581731200684 161.18363048345782 485.72936615074286 705.66588379975292 403.99729613549425 47.307247028918937 117.35024125862401 1219.8115259343176 195.50035387622484 1902.476473490322 227.76409246772528 87.438473114096269 34.108404228463769 88.633358664810658 983.69980632897932 1788.0585673516616
leaf_count=75416 153868 3557 13702 122065 13020 28322 1940 8542 105652 108245 99 13507 15251 8749 20641 3200 6353 30483 17867 293 538 112467 16420 102536 1345 73 28 678 51170 1313
internal_value=0.00463148 4.74519e-05 0.000929613 -0.00290046 0.00165325 0.0127404 -0.00874771 -0.0550894 -0.00277357 -0.00315372 -0.0132352 0.027348 0.019022 -0.0080325 -0.0343508 0.00523807 0.00458161 -0.0179464 -0.0109124 -0.0665131 0.092825 -0.0267241 -0.0121345 -0.00319776 -0.0487164 -0.0982533 -0.13191 -0.22645 0.0306054 0.0190388
internal_weight=41813.6 31721.8 31386.6 25903.1 21746.4 10526 11220.4 1281.3 9939.13 6018.49 4523.4 1495.08 5483.57 1643.94 1083.61 657.519 647.62 4935.6 4229.93 451.305 161.891 4156.67 2498.91 2303.41 1657.76 437.944 350.506 122.742 3839.63 2771.76
internal_count=1037340 883472 808056 704175 456926 163193 293733 17373 276360 134871 108344 26527 103881 47841 39092 18451 8831 154295 123812 18160 2478 247249 132658 116238 114591 2124 2051 706 56040 52483
is_linear=0
shrinkage=0.05


Tree=36
num_leaves=31
num_cat=0
split_feature=1 19 20 4 12 1 1 4 6 4 1 1 1 4 6 0 6 1 1 3 4 10 3 0 1 9 17 1 2 15
split_gain=1047.7 1800.16 1389.28 1187.15 1044.21 2971.13 2361.47 2032.7 1198.38 1003.82 1838.84 990.383 930.355 667.568 1106.5 633.567 623.211 608.374 956.118 740.856 683.666 664.205 565.317 541.36 534.916 527.365 507.162 504.942 608.759 559.283
threshold=8.2792216628112687 1.0000000180025095e-35 1.0000000180025095e-35 21.500000000000004 1.0000000180025095e-35 2.6725404816981908 3.0136753299768682 21.500000000000004 -0.81999999999999995 19.500000000000004 -0.33058919580895363 -0.5547013199074704 5.249489726493402 3.5000000000000004 0.22000000000000003 0.0031274452269170585 0.18000000000000002 -0.39916995509593139 -0.50789223023540619 0.023583786309130956 15.500000000000002 1.0000000180025095e-35 1.0000000180025095e-35 0.00044852871519050107 6.2210504830589217 1.0000000180025095e-35 1.0000000180025095e-35 2.2079194448224251 31.587464896604548 1.0000000180025095e-35
decision_type=2 2 2 2 2 2 2 2 2 2 2 2 2 2 2 2 2 2 2 2 2 2 2 2 2 2 2 2 2 2
left_child=1 2 4 13 6 -6 8 12 15 10 11 -10 -8 14 -2 -1 17 18 20 21 -13 -20 -11 -24 -4 -12 -14 28 29 -25
right_child=3 -3 24 -5 5 -7 7 -9 9 22 25 16 26 -15 -16 -17 -18 -19 19 -21 -22 -23 23 27 -26 -27 -28 -29 -30 -31
leaf_value=-0.069572787443847359 0.049994858698933456 -0.080466485727157158 -0.084297891553233972 0.04400097440017034 -0.076260659289108024 0.049604306411897822 -0.10069942610078181 0.019087104033519278 -0.024867015278731863 -0.085714259057148523 -0.029035462450236662 0.055142634984014387 -0.0073933447896234105 -0.012678952765172833 -0.12083905719191897 -0.0074021627842661272 0.01553684149222123 0.060019641954071556 -0.057319138698306897 0.12847316186929184 -0.029549198748113428 0.050516829750478214 -0.090446357068613037 -0.0052641411986404834 -0.0074076109785507997 0.017960252786327641 -0.10638307476919984 0.047181333150237231 -0.081024335742235984 0.023309661500456394
leaf_weight=747.04603672905068 1016.3022881038487 666.32676318725862 620.40841064402775 3284.3984023233061 555.99689427175326 2992.0400358713232 1134.1418327036517 904.36522386263823 796.32628310605651 197.5179483355605 2172.1489522685733 1982.6731063584448 590.25670810820884 2398.8502241107635 104.53576109814458 907.71777724382991 3202.7787985692266 2765.3586253811663 598.36383434597519 79.62128309905529 270.83778987670667 187.55433127656579 164.74370410575648 8929.1134906255174 355.98224735271651 823.16554400339373 165.71969845867716 559.55250810101279 235.50588606254314 2118.9070779363974
leaf_count=37453 541 75255 89884 2541 97122 1685 5837 1516 73407 11172 336980 10991 3819 4425 468 26182 43030 10526 17793 73 7161 88 6514 107786 856 32427 840 1613 5790 23565
internal_value=0.0044396 0.000924118 0.00251649 0.0223806 0.00425139 0.0298806 0.0011724 -0.0425622 0.0057431 0.00846181 0.0181991 0.0285999 -0.0720596 0.00220559 0.0340619 -0.0354692 0.0332853 0.0429455 0.0278075 -0.016861 0.044964 -0.0315848 -0.00181273 -0.000432622 -0.0562645 -0.0161202 -0.0290932 0.000819518 -0.00147957 0.000216047
internal_weight=41528.3 34724.2 34057.8 6804.09 33081.5 3548.04 29533.4 2794.48 26738.9 25084.2 12878.8 9883.51 1890.12 3519.69 1120.84 1654.76 9087.19 5884.41 3119.05 865.539 2253.51 785.918 12205.3 12007.8 976.391 2995.31 755.976 11843.1 11283.5 11048
internal_count=1037340 1029365 954110 7975 863370 98807 764563 12012 752551 688916 532476 163069 10496 5434 1009 63635 89662 46632 36106 17954 18152 17881 156440 145268 90740 369407 4659 138754 137141 131351
is_linear=0
shrinkage=0.05


Tree=37
num_leaves=31
num_cat=0
split_feature=0 1 9 4 1 1 13 4 1 6 4 12 1 1 1 10 4 1 3 0 4 1 17 2 15 21 6 2 0 18
split_gain=996.874 1667.28 1754.88 1568.87 1317.3 1222.23 1789.44 1100.77 1478.83 1029.6 1009.65 983.924 3218.54 884.139 1263.58 861.324 724.698 676.081 643.413 637.363 636.002 620.118 1090.64 1496.54 698.367 1358.04 694.811 2259.75 830.902 698.18
threshold=0.010486837777588288 -0.33929786365491904 1.0000000180025095e-35 20.500000000000004 2.6725404816981908 -0.0070077561573003684 1.0000000180025095e-35 19.500000000000004 -0.39916995509593139 -0.77999999999999992 11.500000000000002 1.0000000180025095e-35 6.2210504830589217 2.2079194448224251 5.249489726493402 1.0000000180025095e-35 21.500000000000004 2.112192134984352 0.018224796444775936 0.013260519527557363 3.5000000000000004 -0.54259082868417463 1.0000000180025095e-35 -0.014092417666581565 1.0000000180025095e-35 1.0000000180025095e-35 0.22000000000000003 -0.0068164411539443437 0.00054499085098465153 1.0000000180025095e-35
decision_type=2 2 2 2 2 2 2 2 2 2 2 2 2 2 2 2 2 2 2 2 2 2 2 2 2 2 2 2 2 2
left_child=1 2 7 13 10 6 -5 8 9 15 -2 12 18 17 -15 -1 -14 -3 -6 -12 -11 22 23 24 25 -9 29 28 -28 -23
right_child=4 3 -4 5 11 -7 -8 21 -10 20 19 -13 16 14 -16 -17 -18 -19 -20 -21 -22 26 -24 -25 -26 -27 27 -29 -30 -31
leaf_value=-0.082633004237827601 -0.072986808808095757 -0.014629257634350216 -0.10734610376754808 -0.065873345349190843 -0.082747691520098823 0.015742888200396314 0.05250255611098114 -0.084117361847832889 0.048403309555273832 0.035316282828342621 0.043385010030037821 0.049437210355868837 0.0080638468376799197 -0.087031067882027635 -0.023941124477301182 0.050965780797254945 0.046684545730269547 0.22162381400315256 -0.84341420034640269 -0.091865844840716027 0.001460842949788676 -0.016397375041922024 0.086542151238319487 -0.082945697843658309 0.054449532685044912 0.033985618447423933 0.032680413815913641 0.0068245743433736454 -0.16899373927946176 0.032131076501508954
leaf_weight=503.15586447328678 647.24355797254248 3400.9313294492167 313.39754782998352 1187.2603780512 713.68382019315322 5118.2679404131923 436.66887683288951 366.41231524193427 3628.4410123188864 2341.284291459102 466.37621092684276 2825.8881729932036 2376.3493805044563 1306.0506194750997 2022.8477527454015 158.6929680109024 2484.7335193359759 30.554018520429963 2.7908497543539843 107.11103270940657 3404.1740757649532 2635.5046652659075 461.58852797446889 421.14961035631131 866.97801023727516 725.06377497737412 59.610280973676709 704.74846868938766 356.59659158889554 1031.1469005395193
leaf_count=16321 158023 426720 24846 21889 5185 62136 3701 8812 16370 16778 12357 1664 3532 12584 7427 66 1732 1338 64 41750 136567 18130 3973 17112 1601 2783 433 3381 6778 3287
internal_value=0.00426796 -3.73539e-05 0.00993485 -0.0133148 0.0183506 0.00375156 -0.0340425 0.0120156 0.0228979 0.00845426 -0.0301838 0.025401 0.0132229 -0.0303352 -0.0486937 -0.0505997 0.0278047 -0.0125257 -0.0857107 0.018124 0.015257 -0.00230016 0.0162048 0.00256097 0.0209485 -0.00566196 -0.0132819 -0.0477315 -0.140109 -0.00275006
internal_weight=41104.7 31480.5 17977.9 13502.6 9624.18 6742.2 1623.93 17664.5 10035.7 6407.31 1220.73 8403.45 5577.56 6760.38 3328.9 661.849 4861.08 3431.49 716.475 573.487 5745.46 7628.8 2841.19 2379.6 1958.45 1091.48 4787.61 1120.96 416.207 3666.65
internal_count=1037340 813033 277238 535795 224307 87726 25590 252392 186102 169732 212130 12177 10513 448069 20011 16387 5264 428058 5249 54107 153345 66290 34281 30308 13196 11595 32009 10592 7211 21417
is_linear=0
shrinkage=0.05


Tree=38
num_leaves=31
num_cat=0
split_feature=3 3 4 2 0 6 4 0 4 4 6 17 1 17 4 4 0 2 1 7 1 11 1 1 1 6 1 11 6 1
split_gain=943.434 782.585 729.066 943.97 744.625 690.959 1023.31 687.241 651.606 645.982 606.143 762.357 619.626 537.815 503.391 1447.74 528.609 496.01 489.929 485.927 473.616 444.797 435.678 421.989 752.205 405.077 1204.96 474.291 396.147 706.928
threshold=0.0089804911537572415 1.0000000180025095e-35 3.5000000000000004 0.042430431452642338 0.0013178201234866633 0.54000000000000015 11.500000000000002 0.0014796661251275137 11.500000000000002 20.500000000000004 0.22000000000000003 1.0000000180025095e-35 4.1663491631514509 1.0000000180025095e-35 11.500000000000002 3.5000000000000004 0.0026036223623424359 -0.11930048506510084 0.029731936317866362 -0.22870342365059146 -0.5262620764729895 1.0000000180025095e-35 -0.39916995509593139 -0.52013879439379507 3.0136753299768682 0.22000000000000003 8.2792216628112687 1.0000000180025095e-35 0.18000000000000002 8.2792216628112687
decision_type=2 2 2 2 2 2 2 2 2 2 2 2 2 2 2 2 2 2 2 2 2 2 2 2 2 2 2 2 2 2
left_child=1 -1 10 8 -5 7 -7 19 25 -9 21 12 -12 20 15 -2 22 18 -10 -6 -8 23 -16 -3 -25 27 -27 -4 -17 -30
right_child=14 2 3 4 5 6 13 9 17 -11 11 -13 -14 -15 16 28 -18 -19 -20 -21 -22 -23 -24 24 -26 26 -28 -29 29 -31
leaf_value=-0.078439487473834238 0.02523689539186005 0.061094081903425392 0.016575739017678889 -0.053813547401426277 0.14016481295717628 -0.060445314091968606 -0.087315536767899229 -0.03118502137982887 -0.077496286742121015 -0.0028690319498669006 0.02063657085128745 -0.094240070060053596 -0.075183801848623874 0.089929055153378595 -0.029572606392904904 -0.011603714387702259 0.035312765744992557 0.011433553600292863 0.0072274445271825515 -0.061611499050147157 0.028882451721841701 -0.040407091611151226 0.018241211575916919 -0.018404697915918634 0.041284140540542552 -0.032914188178833008 -0.25887756047080984 -0.082577009512612806 -0.065370899313521982 -0.32107206219613371
leaf_weight=316.22236316378621 1820.5350562698441 977.4267359970836 620.82965721405344 1051.2775184873935 115.78312744182767 338.75141984043876 95.61358875175938 4259.1172372684523 319.60906589441583 3821.2962522467351 1101.1517570551368 222.30092157470062 199.2423709332943 351.08484506607056 621.25421061948873 368.02174650953384 4399.8076526797377 12275.850486198899 366.07073414089973 40.197132388013415 1058.7041655519715 217.42185240407707 2043.7436435953714 776.28384600888239 1649.1364011233672 553.98725780576933 66.030126221477985 149.68732344167074 521.89652385667432 28.506641620770097
leaf_count=75416 23296 3472 48560 59931 1152 18435 2416 187805 12142 42063 42687 4391 763 13 14055 16173 33118 240700 7962 1985 11898 8727 37629 42528 1313 62264 427 6422 29379 218
internal_value=0.00409738 -0.00018508 0.000622897 -0.00284269 -0.0137694 -0.0095933 0.0180713 -0.0157875 0.00563236 -0.0177941 0.0177952 -0.00867242 0.00595527 0.0357394 0.0176139 -0.000582447 0.0246684 0.0091219 -0.032264 0.0881657 0.0192576 0.0289276 0.00709504 0.0333576 0.02218 -0.0268945 -0.0569787 -0.00268654 -0.0517625 -0.0786142
internal_weight=40746.8 30943.1 30626.9 25483.9 11131.8 10080.5 1844.15 8236.39 14352.1 8080.41 5142.96 1522.7 1300.39 1505.4 9803.77 2738.96 7064.81 12961.5 685.68 155.98 1154.32 3620.27 2665 3402.85 2425.42 1390.53 620.017 770.517 918.425 550.403
internal_count=1037340 883472 808056 704175 325698 265767 32762 233005 378477 229868 103881 47841 43450 14327 153868 69066 84802 260804 20104 3137 14314 56040 51684 47313 43841 117673 62691 54982 45770 29597
is_linear=0
shrinkage=0.05


Tree=39
num_leaves=31
num_cat=0
split_feature=0 1 9 4 1 1 4 1 4 12 1 4 1 17 2 1 14 1 1 4 15 21 0 1 1 1 12 4 6 4
split_gain=922.372 1420.97 2094.05 1693.24 2183.33 1234.19 982.286 1172.16 1035.91 898.463 2835.28 888.252 871.89 1263.87 1353.04 975.416 816.029 690.346 679.291 665.528 641.524 1257.23 634.535 629.794 1008.22 881.26 712.459 616.594 614.475 548.605
threshold=0.010749304354285187 -0.27711253231732208 1.0000000180025095e-35 21.500000000000004 -0.0070077561573003684 2.6725404816981908 21.500000000000004 -0.40760647707171044 3.5000000000000004 1.0000000180025095e-35 6.2210504830589217 12.500000000000002 -0.54259082868417463 1.0000000180025095e-35 -0.014092417666581565 -0.3126275683766499 1.0000000180025095e-35 -0.48625663355558585 -0.35644305347666355 21.500000000000004 1.0000000180025095e-35 1.0000000180025095e-35 0.013260519527557363 2.4612192134984352 5.249489726493402 0.81500884474078117 1.0000000180025095e-35 12.500000000000002 0.060000000000000005 3.5000000000000004
decision_type=2 2 2 2 2 2 2 2 2 2 2 2 2 2 2 2 2 2 2 2 2 2 2 2 2 2 2 2 2 2
left_child=1 2 6 23 -5 11 7 8 -1 10 -7 -2 13 14 20 18 27 -10 -14 -12 21 -8 -13 25 26 -3 -25 28 -9 -26
right_child=5 3 -4 4 -6 9 12 16 17 -11 19 22 15 -15 -16 -17 -18 -19 -20 -21 -22 -23 -24 24 29 -27 -28 -29 -30 -31
leaf_value=0.02980569887387588 -0.073448115423300334 -0.031908673450417029 -0.10952038633192294 -0.085973754606200381 0.018217940406893476 -0.0828309006638904 -0.083744383099989703 -0.084322249878565722 -0.0025754768719412008 0.04930324310497379 0.0082073940161556218 0.050348888216914925 -0.015372111165583097 0.099580406686245015 -0.08276688415314204 0.051502903855314489 -0.054590071146390251 -0.060471209673422704 -0.069393527783153094 0.046348089200397784 0.054365365557890857 0.033390751814338746 -0.092682564239686072 -0.086958083986062515 0.015998639161435197 0.028673449173205596 0.02912419477786643 0.04667760054891338 0.022277584484851815 -0.038726775440420323
leaf_weight=2448.3565938751271 588.35323612536013 1908.1749761029823 371.17440084487316 562.36026660777861 4747.1066049208966 670.71824202268908 338.31479937818949 173.26113601314137 3225.2944853730442 2560.685782518005 2291.0344692448271 358.72260013358027 3645.4096872691589 412.34091763035394 371.95535347281839 474.62063162845152 239.42037312431785 612.70125709600688 692.45835898228688 2283.9548796550371 832.57915956148645 709.46058306508348 98.924600200698478 1367.4399482656045 645.52173691045027 875.79242906345462 146.32497483002953 4640.5215505029337 615.16027242137352 1576.063544773293
leaf_count=17511 155990 375149 28244 13364 41822 5080 4443 4830 154268 1598 3416 8757 15298 2031 8607 1816 8606 26938 2434 1694 816 1385 38323 10609 823 66858 150 24089 4993 7398
internal_value=0.00392464 -6.78909e-05 0.00812251 -0.0137798 0.00718232 0.018191 0.0103696 0.0192602 0.00439325 0.0250249 0.0131735 -0.0328114 -0.00384492 0.0191006 0.00436678 -0.0165497 0.0357481 -0.011818 -0.0239956 0.0272482 0.0216028 -0.00443086 0.0194313 -0.0308517 -0.0442681 -0.0128505 -0.0757372 0.039732 -0.00114848 -0.0228253
internal_weight=40484.2 31631.8 19803 11828.8 5309.47 8852.39 19431.9 11954.7 6286.35 7806.39 5245.71 1046 7477.14 2664.65 2252.31 4812.49 5668.36 3838 4337.87 4574.99 1880.35 1047.78 457.647 6519.32 3735.35 2783.97 1513.76 5428.94 788.421 2221.59
internal_count=1037340 822482 306309 516173 55186 214858 278065 241235 198717 11788 10190 203070 36830 17282 15251 19548 42518 181206 17732 5110 6644 5828 47080 460987 18980 442007 10759 33912 9823 8221
is_linear=0
shrinkage=0.05


Tree=40
num_leaves=31
num_cat=0
split_feature=0 1 9 4 1 1 13 4 1 6 12 1 4 10 1 1 6 17 1 4 12 0 1 17 1 3 14 0 1 15
split_gain=866.554 1304.39 1587.73 1184.29 1152.35 1006.52 1501.85 930.237 1162.06 876.451 867.371 2672.62 840.304 725.341 613.284 779.712 605.168 1752.69 1271.51 1413.3 596.05 586.076 525.341 1173.72 876.386 512.959 510.152 505.669 499.965 489.708
threshold=0.010749304354285187 -0.33929786365491904 1.0000000180025095e-35 20.500000000000004 2.6725404816981908 -0.0070077561573003684 1.0000000180025095e-35 19.500000000000004 -0.39916995509593139 -0.77999999999999992 1.0000000180025095e-35 8.2792216628112687 12.500000000000002 1.0000000180025095e-35 2.2079194448224251 5.249489726493402 0.22000000000000003 1.0000000180025095e-35 8.2792216628112687 21.500000000000004 1.0000000180025095e-35 0.013260519527557363 -0.51809770036739689 1.0000000180025095e-35 -0.5547013199074704 0.012700231125836663 1.0000000180025095e-35 0.00044852871519050107 2.112192134984352 1.0000000180025095e-35
decision_type=2 2 2 2 2 2 2 2 2 2 2 2 2 2 2 2 2 2 2 2 2 2 2 2 2 2 2 2 2 2
left_child=1 2 7 14 12 6 -5 8 9 13 11 25 -2 -1 28 20 17 -7 -19 -20 -16 -14 24 -24 -11 -6 -10 -9 -3 -29
right_child=4 3 -4 5 10 16 -8 27 26 22 -12 -13 21 -15 15 -17 -18 18 19 -21 -22 -23 23 -25 -26 -27 -28 29 -30 -31
leaf_value=-0.075055534424222553 -0.072793592572290927 -0.012955177150661218 -0.10634952108255158 -0.059493553504814813 -0.05438227531087151 0.0087935390452964762 0.048636099765583016 -0.10961086499570157 0.046692063791498803 -0.023359400420411 0.049058807826425389 0.030994078858139398 0.047941687608131021 0.05091257803749577 -0.079335325962203093 -0.021167567472909422 0.033678230426508193 -0.13916519497330335 -0.28632856195423478 -2.4108940754976111 0.028110008523821828 -0.091729052183686599 0.01638390879149015 -0.073176078231937877 0.037036054970790343 -0.3161827394693999 -0.054977490959890109 -0.0084440429120723297 0.17303302516344934 0.020663051185174409
leaf_weight=510.41664981513168 564.56788123780279 3412.1070244847942 294.18732179692597 1204.1378712906444 1007.8499377481494 2645.9680660260492 437.9124791873619 108.40898640708474 3548.7077781291591 751.00736368223443 2447.6341764568351 4083.5272986076307 357.91856503025338 147.24414122104645 1310.0426731725165 2112.7285547453575 2255.7606610762887 162.56522007781314 1.9566435224842273 1.3047354146838186 143.18425773212221 95.054192493320443 1372.4014459614264 498.78462104508071 3000.3302781450475 19.064278118603397 127.82814177544788 5535.3943411459331 36.520156336075161 1955.5414394955733
leaf_count=16458 155990 432097 25367 21961 6070 43497 3701 2831 13255 83186 1598 3950 8757 66 12646 7563 17069 1787 17 77 354 38323 33644 3734 34783 170 3176 56528 1429 7256
internal_value=0.00376386 -6.42935e-05 0.00884672 -0.0116543 0.0178587 0.00336355 -0.0306568 0.0107771 0.0208321 0.00776259 0.0245838 0.0128615 -0.032094 -0.0468524 -0.0260193 -0.0405583 0.0143873 -0.00108892 -0.158776 -1.13627 -0.0687489 0.0186324 0.0141509 -0.00748926 0.0249451 -0.0592425 0.0431572 -0.00239711 -0.0109856 -0.000845509
internal_weight=40150.1 31574.4 17850.3 13724.2 8575.62 6709.61 1642.05 17556.1 9956.72 6280.18 7558.08 5110.44 1017.54 657.661 7014.58 3565.96 5067.56 2811.79 165.827 3.26138 1453.23 452.973 5622.52 1871.19 3751.34 1026.91 3676.54 7599.34 3448.63 7490.94
internal_count=1037340 822482 280284 542198 214858 88109 25662 254917 188302 171871 11788 10190 203070 16524 454089 20563 62447 45378 1881 94 13000 47080 155347 37378 117969 6240 16431 66615 433526 63784
is_linear=0
shrinkage=0.05


Tree=41
num_leaves=31
num_cat=0
split_feature=1 19 20 4 12 1 1 1 14 6 17 6 1 1 9 1 3 1 2 1 1 1 4 4 6 1 4 1 17 8
split_gain=815.418 1394.93 1114.85 1032.03 837.639 2368.74 1606.79 1438.18 1019.31 903.433 895.711 762.969 1134.61 2385.51 1328.86 1022.51 687.152 682.505 605.723 603.584 1085.62 934.05 915.385 563.304 981.008 540.051 646.481 887.935 963.039 2779.81
threshold=8.2792216628112687 1.0000000180025095e-35 1.0000000180025095e-35 21.500000000000004 1.0000000180025095e-35 2.6725404816981908 3.0136753299768682 5.249489726493402 1.0000000180025095e-35 -0.81999999999999995 1.0000000180025095e-35 0.18000000000000002 -0.27711253231732208 0.6502245203429039 1.0000000180025095e-35 1.2782011157980679 0.0015309080377949858 -0.56667573819567285 34.610824610671436 -0.0070077561573003684 0.10198666485236084 -0.3741325350387808 21.500000000000004 3.5000000000000004 0.22000000000000003 -0.5625935501428766 21.500000000000004 -0.54653694380187778 1.0000000180025095e-35 1.0000000180025095e-35
decision_type=2 2 2 2 2 2 2 2 2 2 2 2 2 2 2 2 2 2 2 2 2 2 2 2 2 2 2 2 2 2
left_child=1 2 4 23 6 -6 9 8 -8 -1 -9 12 14 -14 16 19 -11 -18 25 21 -21 -13 -23 24 -2 -19 -27 -28 -29 -30
right_child=3 -3 -4 -5 5 -7 7 10 -10 11 -12 15 13 -15 -16 -17 17 18 -20 20 -22 22 -24 -25 -26 26 27 28 29 -31
leaf_value=-0.031074882235353748 0.049477414687901983 -0.075933056001150273 -0.052546336593978595 0.042793496966106792 -0.072510544296035553 0.048599861148108575 -0.091285050152496924 0.019650142448800041 0.0084397047183396041 -0.05403880038651461 -0.10214949413813981 0.0013008994047115075 -0.062227507897038764 0.022746802896174451 -0.11184302762281373 -0.13177202626361692 -0.054503886921163827 0.16410574347585871 -0.059679538594948817 0.048168269624966696 -0.029819661619990324 -0.013486100895545245 -0.089991556513697252 -0.011154542320422622 -0.11169656442704708 0.038057223400262061 0.12463354109416128 0.01279922727751296 -0.53589494596021847 -0.025594442393270214
leaf_weight=1656.1021177975781 922.71995651209727 586.04750866879476 914.50405711654457 2794.6014897664718 482.57931758125778 2471.0638695969246 1148.4484194716169 1116.8779322789269 329.82705447091575 270.55842466394824 174.53169618808897 6358.1261906775908 1354.8789879882352 2115.6205763900798 181.35366165655432 152.68104565799877 252.75637292346801 74.889341046713525 190.4201033761201 1377.8298901946255 659.9772750306729 1118.1928638725949 601.19704309742519 2434.8585849970259 105.17197456560098 6792.7164064035751 162.54099225511891 2799.1239848094701 30.756608057767153 201.70386444742326
leaf_count=63635 541 75255 90740 2541 97122 1685 6161 4528 416 13994 907 95834 229022 47026 15836 13907 32691 1798 3145 20137 95196 52862 7348 4425 468 51183 941 7220 400 376
internal_value=0.003619 0.000530656 0.00188902 0.0201902 0.00344106 0.0288123 0.000867751 -0.0353593 -0.0690349 0.00467542 0.00318914 0.00707288 0.0144871 -0.0104271 0.0223785 -0.00334468 0.0246375 0.0266638 0.0286649 -0.00140619 0.0229106 -0.00754086 -0.0402368 0.00194837 0.0329864 0.0303369 0.0293338 0.0107823 0.00467802 -0.0931118
internal_weight=39832.7 33575.3 32989.3 6257.35 32074.8 2953.64 29121.1 2769.69 1478.28 26351.4 1291.41 24695.3 14427.3 3470.5 10956.8 10268 10775.5 10504.9 10252.2 10115.3 2037.81 8077.52 1719.39 3462.75 1027.89 10061.7 9986.84 3194.13 3031.58 232.46
internal_count=1037340 1029365 954110 7975 863370 98807 764563 12012 6577 752551 5435 688916 403632 276048 127584 285284 111748 97754 65063 271377 115333 156044 60210 5434 1009 61918 60120 8937 7996 776
is_linear=0
shrinkage=0.05


Tree=42
num_leaves=31
num_cat=0
split_feature=3 3 4 2 0 6 4 0 4 6 17 1 4 17 4 4 0 1 17 2 1 9 4 1 6 1 1 15 0 12
split_gain=798.386 666.129 587.341 756.812 626.815 592.276 896.899 534.873 549.031 534.773 658.883 520.246 508.203 470.778 439.356 1177.93 464.049 438.546 683.26 632.422 583.982 858.793 572.171 685.548 800.606 2094.97 750.501 742.118 663.184 448.271
threshold=0.0089804911537572415 1.0000000180025095e-35 3.5000000000000004 0.042430431452642338 0.0013178201234866633 0.54000000000000015 11.500000000000002 0.0014796661251275137 20.500000000000004 0.22000000000000003 1.0000000180025095e-35 5.249489726493402 11.500000000000002 1.0000000180025095e-35 11.500000000000002 3.5000000000000004 0.0026036223623424359 6.2210504830589217 1.0000000180025095e-35 -0.11930048506510084 0.065655191182473815 1.0000000180025095e-35 15.500000000000002 0.0074159749625799191 0.18000000000000002 -0.42420737515308204 -0.28582120016328755 1.0000000180025095e-35 0.0035933620450797738 1.0000000180025095e-35
decision_type=2 2 2 2 2 2 2 2 2 2 2 2 2 2 2 2 2 2 2 2 2 2 2 2 2 2 2 2 2 2
left_child=1 -1 9 12 -5 7 -7 -6 -9 -3 11 -11 -4 -8 15 -2 -16 19 -19 -14 21 22 -21 24 26 27 -24 28 -26 -22
right_child=14 2 3 4 5 6 13 8 -10 10 -12 -13 17 -15 16 -17 -18 18 -20 20 29 -23 23 -25 25 -27 -28 -29 -30 -31
leaf_value=-0.075346524066275608 0.023287071499763525 0.027199562649359743 -0.024537149382286162 -0.049558653055064218 0.074434977845553793 -0.057711187845596139 0.01835557933562218 -0.028874005864304893 -0.0025707874366581503 0.016128500300688985 -0.08930327513435346 -0.094416618030180824 -0.050854121935905841 0.085443880034545366 0.0064227727225447048 -0.04793908194758241 0.033128719629838793 0.032756995904297974 -0.19144500905202538 0.040567830038238023 -0.02607981373351009 -0.1016823678770688 0.024787255214439197 0.051890797831493321 -0.059926460343772338 -0.093170832178162646 -0.091351344756132269 0.045907134034386725 0.019655953589960525 0.050130702301844909
leaf_weight=294.36816426403675 1668.4298673357698 3351.6021066135727 1331.2213203974679 1042.8803838320891 165.54629191241111 324.73869264277164 1104.8564947287523 4173.1816073495866 3781.6734219323043 1070.9979773038067 218.60985473648179 118.1752338334918 503.51783435701509 342.57430410385132 2654.6879088462156 890.17992733023129 4200.3164448153693 2032.4466865016584 34.55965830385685 1695.4492630500463 1768.2714901740328 161.47008114146593 2851.6300268881605 774.57755519083003 503.04778070264729 692.52380184674985 146.23709227555082 779.19784099725075 545.82523838907946 216.58632100361865
leaf_count=75416 23296 56040 117673 59931 3137 18435 14314 187805 42063 42907 4391 543 19873 13 51684 45770 33118 3090 203 42355 93219 16134 37305 4259 11653 16340 10022 2986 2876 489
internal_value=0.00348203 -0.000501266 0.00023977 -0.00282823 -0.0126899 -0.00880315 0.0173855 -0.0145185 -0.0163697 0.0163373 -0.00952326 0.00514297 0.00485467 0.0342339 0.0161872 -0.00149361 0.0227865 0.00793424 0.0290084 0.00383957 0.00655686 0.01248 0.0147875 0.00784186 0.0016591 -0.0191103 0.019122 0.00894581 -0.0185124 -0.0177638
internal_weight=39439.4 30025.8 29731.4 24972 10935.5 9892.57 1772.17 8120.4 7954.86 4759.39 1407.78 1189.17 14036.6 1447.43 9413.61 2558.61 6855 12705.3 2067.01 10638.3 10134.8 8149.96 7988.49 6293.04 5518.46 2520.59 2997.87 1828.07 1048.87 1984.86
internal_count=1037340 883472 808056 704175 325698 265767 32762 233005 229868 103881 47841 43450 378477 14327 153868 69066 84802 260804 3293 257511 237638 143930 127796 85441 81182 33855 47327 17515 14529 93708
is_linear=0
shrinkage=0.05


Tree=43
num_leaves=31
num_cat=0
split_feature=3 12 1 1 1 4 4 6 8 15 3 4 6 1 1 13 21 18 2 4 1 1 4 3 1 2 0 1 14 1
split_gain=768.937 784.148 2284.49 954.129 2347.83 1592.35 972.749 773.494 744.969 612.372 597.26 528.471 859.668 520.935 829.193 859.771 751.036 749.112 673.472 662.974 1153.44 2096.61 1901.15 611.809 512.41 505.772 480.451 474.702 438.643 599.723
threshold=0.023583786309130956 1.0000000180025095e-35 3.0136753299768682 8.2792216628112687 3.0136753299768682 21.500000000000004 21.500000000000004 -0.81999999999999995 1.0000000180025095e-35 1.0000000180025095e-35 0.0028073221801353638 3.5000000000000004 0.22000000000000003 -0.55660634099877537 -0.54259082868417463 1.0000000180025095e-35 1.0000000180025095e-35 1.0000000180025095e-35 -0.014092417666581565 3.5000000000000004 1.0000000180025095e-35 -0.46380459926520617 21.500000000000004 0.0030642700585418502 5.249489726493402 7.9188154199642593 0.0031274452269170585 2.3175261940400058 1.0000000180025095e-35 4.1663491631514509
decision_type=2 2 2 2 2 2 2 2 2 2 2 2 2 2 2 2 2 2 2 2 2 2 2 2 2 2 2 2 2 2
left_child=1 3 8 4 7 -6 11 26 -3 10 -9 12 -5 16 -15 17 -12 19 -18 -16 21 23 -23 -21 28 -19 27 -1 29 -7
right_child=-2 2 -4 6 5 24 -8 9 -10 -11 13 -13 -14 14 15 -17 18 25 -20 20 -22 22 -24 -25 -26 -27 -28 -29 -30 -31
leaf_value=-0.075806669802426105 0.045618252730036196 -0.097893063855860912 0.054099462818311073 0.049158284255929004 -0.060325230629843567 -0.17455579396691467 0.04200928945044706 -0.026043359194881096 0.0099318786730103054 0.022030161097047554 -0.053566462213474934 -0.011577329572971591 -0.10306721753189121 0.039792619113196238 0.014779452570933672 0.029680937132582647 0.035275685908661487 0.019295708587462934 -0.080102167878930222 0.068744357063122333 0.0042685235586916361 -0.051732878040030551 -0.18678644160372829 -0.01699029099853221 0.034147813214101354 -0.077727784473369754 -0.0069337994278595343 0.047651589613303243 0.031519601697455754 -0.015925562352791897
leaf_weight=649.91185851862247 1046.5503833477851 384.00263335488853 2052.0951343341731 846.27382074296474 2746.108340339415 95.822540844703326 2526.9298178726167 1888.0647782816668 274.84772706075455 4054.7827990059159 917.11065709796094 2399.685532997144 104.16159356117714 1657.8883534653287 1906.20643051152 2423.8858682805148 645.36280077591073 3608.548591486353 157.3068456715846 232.38836590916617 2975.2642807883967 997.04185007314663 352.78339037683327 1989.803304067842 749.43173326931719 139.51329699295457 925.25142103429243 88.458716903551249 151.99049371456931 157.54223066239501
leaf_count=37251 4325 51389 1269 527 16274 640 2436 160050 45704 83492 107022 4383 466 19434 59948 43115 5402 39050 6905 2360 173688 75436 9359 41598 1099 4345 39495 345 104 429
internal_value=0.00333672 0.00217526 0.028092 0.000189847 -0.00347402 -0.0396096 0.0185873 0.00203021 -0.0529125 0.00432059 0.000710525 0.000920496 0.0324754 0.00351632 0.00628042 0.00248159 -0.0226549 -0.00292166 0.012664 -0.011171 -0.0187264 -0.0378797 -0.0870298 -0.00802449 0.00965269 0.0156842 -0.0309373 -0.061016 -0.0356345 -0.0759195
internal_weight=39145 38098.5 2710.95 35387.5 29510.5 3900.9 5877.05 25609.6 658.85 23946 19891.2 3350.12 950.435 18003.1 16283.3 14625.4 1719.78 12201.5 802.67 8453.49 6547.28 3572.02 1349.83 2222.19 1154.79 3748.06 1663.62 738.371 405.355 253.365
internal_count=1037340 1033015 98362 934653 926841 18546 7812 908295 97093 831204 747712 5376 993 587662 468333 448899 119329 405784 12307 362389 302441 128753 84795 43958 2272 43395 77091 37596 1173 1069
is_linear=0
shrinkage=0.05


Tree=44
num_leaves=31
num_cat=0
split_feature=0 3 12 1 1 1 4 4 8 6 6 1 1 1 9 2 1 1 1 1 4 3 4 6 1 18 0 1 4 1
split_gain=742.627 705.864 715.646 2148.45 835.296 2165.76 1428.62 931.988 680.161 669.789 581.518 899.357 734.597 2225.74 1029.07 644.142 573.608 551.472 936.271 891.308 613.21 541.454 491.805 797.849 467.213 460.139 509.464 452.211 523.341 762.962
threshold=1.0000000180025095e-35 0.023583786309130956 1.0000000180025095e-35 3.0136753299768682 8.2792216628112687 3.0136753299768682 21.500000000000004 21.500000000000004 1.0000000180025095e-35 -0.81999999999999995 0.18000000000000002 1.2782011157980679 -0.27711253231732208 0.6502245203429039 1.0000000180025095e-35 29.153893285677817 -0.56667573819567285 -0.0070077561573003684 0.10198666485236084 -0.3741325350387808 21.500000000000004 0.0015309080377949858 3.5000000000000004 0.22000000000000003 5.249489726493402 1.0000000180025095e-35 0.0037681680739542712 -0.5625935501428766 21.500000000000004 -0.54653694380187778
decision_type=2 2 2 2 2 2 2 2 2 2 2 2 2 2 2 2 2 2 2 2 2 2 2 2 2 2 2 2 2 2
left_child=-1 2 4 8 5 9 -7 22 -4 -2 12 17 14 -14 15 16 -11 19 -19 25 -21 -18 23 -6 -8 -12 -27 -23 -29 -30
right_child=1 -3 3 -5 7 6 24 -9 -10 10 11 -13 13 -15 -16 -17 21 18 -20 20 -22 27 -24 -25 -26 26 -28 28 29 -31
leaf_value=-0.10851837867050347 -0.028349008737868098 0.044604286304373741 -0.093792702265716288 0.054077831391100423 0.048906920895615595 -0.057164134412208994 -0.033669382119241399 0.041625202568654686 0.0094454542098381285 -0.052471600431342302 0.0041653011446261571 -0.12526638146186961 -0.061140450938004499 0.022716380528783553 -0.10579805714978563 -0.058916649992967342 -0.049750017368006813 0.046010301656228519 -0.027818971925407145 -0.017994763905233298 -0.080980405970524361 0.14236512490444841 -0.010884469080616955 -0.098480696644778667 0.033467237693074935 -0.083363358338282317 0.025720402154218183 0.032741170110003541 0.11122937317669204 0.0019863722077171453
leaf_weight=148.16391145696252 1643.0984075570013 1023.5339083210565 380.83719721001398 1952.775111425668 809.03528750687838 2737.9737769588864 401.85127849433047 2425.3730454301985 274.55948390811682 254.03589580081461 5633.7521666869434 152.10569024599681 1274.993951339773 2085.7862886112343 165.87458685247111 253.94549703478697 245.16953837189067 1278.9103623458795 646.49752650168375 1052.310349036823 610.67641341497074 82.066353014990455 2423.8926507746364 103.57546593435109 729.70421740313759 319.43949281815731 160.97641247330466 6366.6397804748558 168.8702024097438 2985.2559371634852
leaf_count=13878 75919 4265 51389 1269 527 15905 1160 2426 45704 65394 125468 16086 235930 63607 15447 9092 12435 20512 97668 55392 7227 3202 4335 466 1030 9058 1271 68764 1912 10602
internal_value=0.00320738 0.00363575 0.00252111 0.0277878 0.000638888 -0.00278881 -0.0376332 0.0180395 -0.0505441 0.00252361 0.00466062 -0.004628 0.0112542 -0.00909675 0.0177545 0.0197335 0.0217106 -0.00273677 0.0212205 -0.00866793 -0.0411241 0.0236241 0.000894486 0.0321794 0.00962489 0.00015981 -0.0468119 0.0254975 0.0244901 0.00783518
internal_weight=38791.7 38643.5 37620 2608.17 35011.8 29249.9 3869.53 5761.88 655.397 25380.4 23737.3 9854.67 13882.6 3360.78 10521.9 10356 10102 9702.56 1925.41 7777.15 1662.99 9848 3336.5 912.611 1131.56 6114.17 480.416 9602.83 9520.77 3154.13
internal_count=1037340 1023462 1019197 98362 920835 913081 18095 7754 97093 894986 819067 332682 486385 299537 186848 171401 162309 316596 118180 198416 62619 96915 5328 993 2190 135797 10329 84480 81278 12514
is_linear=0
shrinkage=0.05


Tree=45
num_leaves=31
num_cat=0
split_feature=0 3 3 4 2 6 4 17 0 6 17 1 1 2 4 4 8 0 0 3 6 4 1 1 1 3 4 2 6 1
split_gain=689.328 666.726 578.756 487.378 638.538 509.077 1058.07 727.288 855.13 463.128 593.836 437.314 433.815 415.48 412.733 977.412 408.383 1297.58 1128.87 544.747 454.771 624.363 3113.64 1351.55 611.207 511.558 406.274 398.461 374.21 408.974
threshold=1.0000000180025095e-35 0.0089804911537572415 1.0000000180025095e-35 3.5000000000000004 0.042430431452642338 0.22000000000000003 11.500000000000002 1.0000000180025095e-35 0.0042494482401022691 0.22000000000000003 1.0000000180025095e-35 8.2792216628112687 4.1663491631514509 -0.11930048506510084 11.500000000000002 3.5000000000000004 1.0000000180025095e-35 0.0051475028676973089 0.0051151969696766409 0.0013904218153912296 -0.77999999999999992 11.500000000000002 8.2792216628112687 12.211797523472585 8.2792216628112687 0.0053954636363614502 11.500000000000002 101.47554250702069 0.18000000000000002 6.2210504830589217
decision_type=2 2 2 2 2 2 2 2 2 2 2 2 2 2 2 2 2 2 2 2 2 2 2 2 2 2 2 2 2 2
left_child=-1 2 -2 9 13 16 11 8 27 -4 12 -7 -11 -5 15 -3 17 -6 -18 -19 -21 24 -23 25 -22 -24 -15 -8 -17 -30
right_child=1 14 3 4 5 6 7 -9 -10 10 -12 -13 -14 26 -16 28 18 19 -20 20 21 22 23 -25 -26 -27 -28 -29 29 -31
leaf_value=-0.10606775392166848 -0.072958753105079766 0.02142911446846936 0.025911103146213983 -0.032053322251586747 0.0057492194123357808 -0.042963184814136995 -0.030941521143085973 0.077839125389927544 0.045797925319070391 0.018799745353304212 -0.085684220076029216 -0.2059086676174903 -0.065717922835711637 -0.020482720125802083 0.021771525698372665 -0.0051767210229222288 -0.054972522882960319 0.076323092825446609 0.006069808089403772 0.0014530456262253754 -0.088428885761861573 -0.066720709795241903 -0.63427738482891916 -0.27373946451516951 0.038131945258845536 -1.2344268002007404 0.009790684280292089 0.12749105961006055 -0.05504834729447259 -0.19065331003330624
leaf_weight=144.11176267929113 270.70516316116482 1566.0354017504142 3191.8194584957673 721.77048060618108 3676.8623076141957 474.70452591148205 925.11093028371761 463.81168699264526 797.61894170858432 952.92082885431591 212.85848945585894 45.087371967732906 180.60232722759247 1224.0743670686788 6650.014366314892 358.80123943526996 1979.6465835533818 72.792781797805219 1226.7197643961408 205.47803030149953 229.17225530921132 374.70909908237809 18.584675950929526 42.911426737206057 163.42261744663119 4.3893216508440664 11712.110186709331 41.464724015939282 456.7070188983198 63.308716263622046
leaf_count=13878 74431 23158 55531 28672 88154 32230 30903 22 1502 42538 4391 251 763 108190 83095 16036 81421 4310 39118 6521 13205 22548 257 297 67 113 236110 153 29118 357
internal_value=0.00308074 0.00349139 -0.000189538 0.000491179 -0.0023072 -0.0114274 0.00713856 0.0221247 0.00747726 0.0155372 -0.00905594 -0.0570973 0.00533369 0.00486618 0.0153132 -0.00225357 -0.0178086 -0.00856123 -0.0316184 -0.0559022 -0.0651689 -0.0815989 -0.122456 -0.43944 -0.0357463 -0.74894 0.00692609 -0.024145 -0.0444557 -0.0715574
internal_weight=38448.3 38304.2 29209.3 28938.6 24400.4 10742.5 2747.8 2228.01 1764.19 4538.2 1346.38 519.792 1133.52 13658 9094.87 2444.85 7994.69 4788.32 3206.37 1111.46 1038.67 833.189 440.595 65.8854 392.595 22.974 12936.2 966.576 878.817 520.016
internal_count=1037340 1023462 871698 797267 694044 321072 65061 32580 32558 103223 47692 32481 43301 372972 151764 68669 256011 135472 120539 47318 43008 36487 23215 667 13272 370 344300 31056 45511 29475
is_linear=0
shrinkage=0.05


Tree=46
num_leaves=31
num_cat=0
split_feature=12 1 1 1 4 4 6 4 1 1 8 1 3 1 0 5 14 6 6 1 14 4 6 0 9 4 1 2 17 13
split_gain=671.683 1994.81 780.32 2111.69 1327.41 880.476 659.235 675.007 1117.42 715.929 626.867 514.996 597.252 487.839 467.953 517.956 460.424 446.526 433.575 430.992 827.158 430.181 726.456 425.589 423.629 399.352 1306.77 1560.31 1137.12 888.394
threshold=1.0000000180025095e-35 3.0136753299768682 8.2792216628112687 3.0136753299768682 21.500000000000004 21.500000000000004 -0.77999999999999992 19.500000000000004 -0.33058919580895363 -0.5547013199074704 1.0000000180025095e-35 2.2079194448224251 0.0018268528853829296 1.1749217580623217 0.0031274452269170585 3.5000000000000004 1.0000000180025095e-35 0.18000000000000002 0.060000000000000005 4.1663491631514509 1.0000000180025095e-35 3.5000000000000004 0.22000000000000003 0.00044852871519050107 1.0000000180025095e-35 11.500000000000002 -0.55279629881616543 0.12027061526678581 1.0000000180025095e-35 1.0000000180025095e-35
decision_type=2 2 2 2 2 2 2 2 2 2 2 2 2 2 2 2 2 2 2 2 2 2 2 2 2 2 2 2 2 2
left_child=2 10 3 6 -5 21 14 8 9 -8 -2 12 -9 23 15 -1 17 -11 -15 20 -6 22 -4 -14 -10 28 -27 29 -19 -28
right_child=1 -3 5 4 19 -7 7 11 24 16 -12 -13 13 18 -16 -17 -18 25 -20 -21 -22 -23 -24 -25 -26 26 27 -29 -30 -31
leaf_value=-0.022743636592021662 -0.087995119925080148 0.05382105164578084 0.048461115193991988 -0.055423465877153168 -0.16391554846337303 0.041359789841665107 -0.024927824599417427 -0.059913892129348216 -0.026534687761473344 0.035823588361617892 0.009848919154942664 0.043644151011258465 -0.099459855082818793 -0.0308729995947922 -0.002925564461015235 -0.10213849009532415 -0.0537868173563604 0.031680901549028827 -0.1754002117679393 0.02454612998290083 0.030134582789504767 -0.0089514441882594439 -0.093721918457139203 -0.00038383310855922838 0.017485711019856021 0.47774933605972347 -0.067894366857517097 0.068676077548790765 -0.05769289662758486 0.053073544346226222
leaf_weight=565.00403161803843 386.08463987687719 1899.0645607761107 769.41993569536135 2731.1948108213328 95.997965368500445 2376.7176690897322 759.42622513964307 483.22161350335955 2001.783381830217 5524.234088732599 284.19927399558946 558.8049883982967 109.53384039257071 187.74482505954802 1111.6406732535834 322.77660729903437 178.57704013855255 821.73530768312048 71.714428768114885 900.97619831196789 128.32575971136248 2495.1041351724198 101.71250534872524 10387.566797612002 751.79256826166238 16.069287955368054 492.31521804461954 891.54909561463865 627.80543151474558 219.42318733749562
leaf_count=21629 51691 1336 541 16365 642 2541 124120 22331 366176 54111 45780 2244 5765 4274 45873 22523 12032 25687 3737 1547 93 4425 468 141245 32122 346 14231 4764 5371 3330
internal_value=0.00295595 0.0276471 0.00117803 -0.00206036 -0.0365942 0.0180604 0.00304569 0.00533607 0.0135396 0.0216449 -0.0465094 -0.00320542 -0.00553462 -0.00309172 -0.0245423 -0.0516098 0.025677 0.0273284 -0.0708203 0.00910598 -0.052908 0.00160995 0.03186 -0.00141766 -0.0145161 0.0120365 0.0291013 0.0246046 -0.00702747 -0.0306009
internal_weight=38251.5 2569.35 35682.2 29939.2 3856.49 5742.95 26082.7 24083.3 12284.7 9531.13 670.284 11798.6 11239.8 10756.6 1999.42 887.781 8771.71 8593.13 259.459 1125.3 224.324 3366.24 871.132 10497.1 2753.58 3068.9 1619.36 1603.29 1449.54 711.738
internal_count=1037340 98807 938533 930558 18647 7975 911911 821886 642290 243992 97471 179596 177352 155021 90025 44152 119872 107840 8011 2282 735 5434 1009 147010 398298 53729 22671 22325 31058 17561
is_linear=0
shrinkage=0.05


Tree=47
num_leaves=31
num_cat=0
split_feature=12 1 3 1 1 4 4 8 3 6 6 1 1 9 2 14 1 1 1 0 1 4 1 11 17 0 4 6 1 1
split_gain=634.295 1878.32 724.458 597.206 1674.91 1265.21 708.207 568.512 567.236 527.065 569.672 711.945 1677.82 771.799 656.886 605.594 496.198 474.564 396.166 446.086 443.141 730.114 915.699 933.501 574.687 473.438 428.856 387.537 387.302 452.982
threshold=1.0000000180025095e-35 3.0136753299768682 0.0028896183866842381 8.2792216628112687 3.0136753299768682 21.500000000000004 21.500000000000004 1.0000000180025095e-35 0.022892138400825299 -0.81999999999999995 0.18000000000000002 -0.27711253231732208 0.6502245203429039 1.0000000180025095e-35 20.891447536379889 1.0000000180025095e-35 5.249489726493402 -0.56667573819567285 -0.5625935501428766 0.0064787911293519582 -0.39916995509593139 10.500000000000002 -0.44788406585930057 1.0000000180025095e-35 1.0000000180025095e-35 0.004793637613077815 3.5000000000000004 0.14000000000000004 1.2782011157980679 -0.0070077561573003684
decision_type=2 2 2 2 2 2 2 2 2 2 2 2 2 2 2 2 2 2 2 2 2 2 2 2 2 2 2 2 2 2
left_child=2 7 -1 4 8 16 -5 -2 9 -4 11 13 27 14 17 28 -6 -11 -19 20 21 22 -20 -24 -22 -23 -25 -13 29 -12
right_child=1 -3 3 6 5 -7 -8 -9 -10 10 15 12 -14 -15 -16 -17 -18 18 19 -21 24 25 23 26 -26 -27 -28 -29 -30 -31
leaf_value=-0.020230245200689247 -0.08391412031841218 0.053786846637440766 -0.025148083092650472 0.0037721992801586441 -0.073349154883530082 0.013587726484051328 0.041707941254676549 0.0093669505034376082 0.04584746167761302 -0.052015432989930194 -0.0061576923012923593 -0.070480140487840778 0.020502297857920886 -0.1024505860748593 -0.061451492728184377 -0.067130039243161757 -0.026738717655828151 0.13249683202191298 0.047481693616709821 -0.058459084320099268 0.037851249619785782 -0.015958557017467595 -0.062305700899607186 -1.2835827113365597 -0.086465826410224295 0.046163620014000144 -0.43916490983692208 0.019618433046274128 -0.15578922360840572 0.022810580436331142
leaf_weight=3570.6398198381321 384.65872818608477 1807.5666854358278 1472.8547846815127 3024.3280427345817 1307.5286024678389 1030.1238671327374 2073.9465667735785 283.88963632844388 830.4278390383115 204.57270043055178 6809.8991661671462 925.36855822008511 1784.8237866842392 128.10728438351362 234.7454285358981 362.55939451722952 1013.6401752008314 84.91067311479128 1424.5656842200551 161.09737961561768 4775.4868428499321 1851.4269120975368 46.083798851817846 1.832708841189741 94.808567029889673 367.59048986935522 8.3735603727400285 137.02075242894352 40.299468817000161 1683.0311993140931
leaf_count=203198 51691 1336 63526 4283 7138 1767 2291 45780 4719 48688 147979 175636 47566 11948 7880 29789 5529 2732 970 20767 14232 28085 195 49 1363 3330 84 6735 11567 86487
internal_value=0.00283618 0.0273025 0.00112726 0.00351939 0.000533506 -0.0325285 0.0192042 -0.0443036 0.00526253 0.00377122 0.00578734 0.0127895 -0.00911031 0.0194344 0.0211215 -0.00383993 -0.0529947 0.0232703 0.0250172 0.023972 0.0255215 0.0124769 0.0396661 -0.158129 0.0354312 -0.00566773 -0.590794 -0.0588598 -0.00115086 -0.000417093
internal_weight=37926.2 2476.12 35450.1 31879.5 26781.2 3351.29 5098.27 668.548 23429.9 22599.5 21126.6 12230.8 2847.21 9383.6 9255.49 8895.79 2321.17 9020.75 8816.18 8731.27 8570.17 3699.87 1480.86 56.2901 4870.3 2219.02 10.2063 1062.39 8533.23 8492.93
internal_count=1037340 98807 938533 735335 728761 14434 6574 97471 714327 709608 646082 370260 229937 140323 128375 275822 12667 120495 71807 69075 48308 32713 1298 328 15595 31415 133 182371 246033 234466
is_linear=0
shrinkage=0.05


Tree=48
num_leaves=31
num_cat=0
split_feature=12 1 1 1 1 14 4 4 3 15 0 3 1 21 0 1 13 18 1 1 4 10 17 4 8 2 4 2 3 2
split_gain=598.148 1774.62 668.841 1757.24 1100.53 896.22 813.03 620.066 578.446 563.029 478.3 429.184 410.858 786.39 542.816 499.769 591.573 749.993 759.167 2103.57 2159.33 757.412 531.284 784.67 520.057 462.169 462.086 443.335 414.385 450.888
threshold=1.0000000180025095e-35 2.6725404816981908 8.2792216628112687 3.0136753299768682 5.249489726493402 1.0000000180025095e-35 21.500000000000004 21.500000000000004 0.022892138400825299 1.0000000180025095e-35 1.0000000180025095e-35 0.0028073221801353638 -0.57075792624846911 1.0000000180025095e-35 0.0037715528190122032 -0.54259082868417463 1.0000000180025095e-35 1.0000000180025095e-35 -0.4789086950605525 1.0000000180025095e-35 21.500000000000004 1.0000000180025095e-35 1.0000000180025095e-35 21.500000000000004 1.0000000180025095e-35 8.2731427112586164 3.5000000000000004 -0.014092417666581565 0.0030642700585418502 0.80873117181516474
decision_type=2 2 2 2 2 2 2 2 2 2 2 2 2 2 2 2 2 2 2 2 2 2 2 2 2 2 2 2 2 2
left_child=2 -2 3 8 5 -5 -4 -6 9 10 -1 -12 13 -13 27 22 17 18 26 20 21 -20 -14 24 -24 -19 -17 -15 29 -28
right_child=1 -3 6 4 7 -7 -8 -9 -10 -11 11 12 15 14 -16 16 -18 25 19 -21 -22 -23 23 -25 -26 -27 28 -29 -30 -31
leaf_value=-0.098920158981231687 -0.065141520999340286 0.047115154644065349 0.0014807386013416829 -0.074911374547594542 -0.028281734999912506 0.013726372376275079 0.040596233656974526 0.031636708434848913 0.044086411595634464 0.018056315965032026 -0.023500823844885825 -0.068468940373636322 -0.011756115834722516 0.051977201403862694 -0.10295845915903706 0.032642287496013028 0.022300144200228064 0.01729846456499488 -0.055778605052681667 0.00047257822853818661 -0.16404368129518851 0.024586838832103376 0.039108130808385128 0.099815368254304482 -0.040926974394970582 -0.075594006405832179 -0.15046505803707333 -0.077378963366813533 -0.013282674245879421 0.078528024713688319
leaf_weight=126.4134270237264 429.19746212563768 1959.0067945483606 3345.0111656974914 1633.550662590671 1146.3153182138267 345.49391390335222 2203.6220007908414 692.68258725169289 820.67391260666773 4228.680503374504 1979.864313755992 589.52209588391997 670.56621284961875 436.02809886168689 86.641948926728219 1093.2804261783022 2438.8445933704643 3703.1565124441113 1315.5516598711547 3365.50021127746 424.0249482558429 377.25301893602591 824.27014381840127 419.81330263323616 269.27604158155737 138.92294138832949 23.86241014461848 78.100726621138165 2200.7313407582842 216.79402469687921
leaf_count=13294 97122 1685 5434 10139 6990 416 2541 1102 4719 89357 168140 99445 38394 2929 2821 5985 46296 41020 87250 230311 10629 12688 2520 421 1938 4657 1690 4045 42443 919
internal_value=0.00272603 0.0269409 0.00108287 -0.00189912 -0.0335603 -0.0594373 0.0170153 -0.00571267 0.00278127 0.00142573 -0.00195881 -0.0013653 0.000981796 -0.0274422 0.0128163 0.00291711 -0.000277099 -0.00455908 -0.0124413 -0.0240905 -0.0631429 -0.0378686 0.0252919 0.0417078 0.0194002 0.0139396 0.00562698 0.0323269 -0.00647077 0.0558221
internal_weight=37582.7 2388.2 35194.4 29645.8 3818.04 1979.04 5548.63 1839 25827.8 25007.1 20778.4 20652 18672.1 1190.29 600.771 17481.8 15297.9 12859.1 9017 5482.33 2116.83 1692.8 2183.93 1513.36 1093.55 3842.08 3534.67 514.129 2441.39 240.656
internal_count=1037340 98807 938533 930558 18647 10555 7975 8092 911911 907192 817835 804541 636401 109240 9795 527161 483888 437592 391915 340878 110567 99938 43273 4879 4458 45677 51037 6974 45052 2609
is_linear=0
shrinkage=0.05


Tree=49
num_leaves=31
num_cat=0
split_feature=0 1 9 1 12 1 17 2 4 1 13 14 1 4 1 10 1 6 1 3 4 6 1 18 13 6 2 0 1 6
split_gain=572.304 765.125 1057.33 738.997 832.044 1764.25 699.506 1049.74 663.226 655.123 1021.75 622.783 608.855 583.921 904.373 679.367 862.653 718.187 569.212 543.957 524.963 527.119 519.208 648.567 563.262 519.58 1820.35 689.454 577.321 516.075
threshold=0.010749304354285187 -0.33929786365491904 1.0000000180025095e-35 3.0136753299768682 1.0000000180025095e-35 6.2210504830589217 1.0000000180025095e-35 -0.0026295634414092413 20.500000000000004 -0.0070077561573003684 1.0000000180025095e-35 1.0000000180025095e-35 0.058715471492720078 19.500000000000004 -0.39916995509593139 1.0000000180025095e-35 -0.51809770036739689 -0.77999999999999992 -0.5547013199074704 0.0070520490802723481 11.500000000000002 0.18000000000000002 -0.54259082868417463 1.0000000180025095e-35 1.0000000180025095e-35 0.22000000000000003 -0.0068164411539443437 0.00054499085098465153 -0.53238535855218394 -0.059999999999999991
decision_type=2 2 2 2 2 2 2 2 2 2 2 2 2 2 2 2 2 2 2 2 2 2 2 2 2 2 2 2 2 2
left_child=1 2 11 29 5 -5 8 12 -3 10 -10 13 -8 14 15 16 17 -1 -19 -18 21 -14 23 24 -15 28 27 -27 -24 -2
right_child=3 6 -4 4 -6 -7 7 -9 9 -11 -12 -13 20 22 -16 -17 19 18 -20 -21 -22 -23 25 -25 -26 26 -28 -29 -30 -31
leaf_value=-0.077965505329296372 -0.059452423752303321 -0.01758204735832403 -0.094749411871949685 -0.07410662109718906 0.053925530054103644 0.023330859937711376 0.029989550353498862 -0.10590968210257511 -0.047650843593013636 0.016260394093581043 0.043522883837458885 -0.060070516317202831 0.052040124281107207 0.03012553212487426 0.037595705575645198 0.050769456015609706 -0.057290033668729971 -0.023049701868914533 0.029430301494283606 -0.00025281911007133182 -0.1252217769175645 -0.099611762017687455 -0.10674415899436629 -0.076682729088433876 -0.073497104791387255 0.034184864941834259 0.0087855259648723597 -0.14755200121863282 0.0020329346398736663 0.0087092805770494428
leaf_weight=202.44384938814619 499.93620769725385 5849.7711283689096 254.00551860382984 530.06268692396407 1560.7104707499966 3759.7184740579978 431.07686752587324 452.09833810346754 1090.3899483465939 4289.6904201785037 427.86972867838631 329.34464891163952 143.4325233779382 2214.3661247741911 3532.8628805982444 728.53495292551816 882.22654271841748 643.53830507124076 2621.2159158761788 794.41676825282048 161.64222850986698 95.418496934391442 126.32141727975977 171.65360133664217 139.39730038074777 60.821058328423533 709.1166654053668 367.60489771756693 3547.6960342847306 624.69421242174576
leaf_count=11623 97275 427889 25367 4190 1266 5110 8903 14244 21468 60543 3701 26060 61 24754 13255 412 24903 78665 32512 9459 3710 1679 2468 4234 2711 278 2498 5456 15629 107017
internal_value=0.00261756 -0.00035793 0.00651273 0.015529 0.0226645 0.0112911 -0.00955618 -0.0445874 -0.00569878 0.00627006 -0.0219566 0.0080194 -0.0112485 0.00935883 0.0176062 0.00558034 -0.000819905 0.013419 0.0190856 -0.030265 -0.0556356 -0.00854323 -0.00121341 0.017146 0.0239887 -0.0108496 -0.040378 -0.121752 -0.00170708 -0.0215909
internal_weight=37242.1 30267 17325.6 6975.12 5850.49 4289.78 12941.4 1283.67 11657.7 5807.95 1518.26 17071.6 831.57 16742.2 9405.24 5872.38 5143.84 3467.2 3264.75 1676.64 400.493 238.851 7336.98 2525.42 2353.76 4811.56 1137.54 428.426 3674.02 1124.63
internal_count=1037340 822482 280284 214858 10566 9300 542198 28597 513601 85712 25169 254917 14353 228857 170829 157574 157162 122800 111177 34362 5450 1740 58028 31699 27465 26329 8232 5734 18097 204292
is_linear=0
shrinkage=0.05


Tree=50
num_leaves=31
num_cat=0
split_feature=0 3 3 12 1 1 1 1 14 4 4 8 15 1 4 6 0 1 6 2 6 4 0 1 2 4 2 6 4 4
split_gain=547.671 531.188 496.418 503.555 1641.72 526.669 1407.61 940.236 791.375 761.206 522.124 494.329 439.954 409.234 407.625 664.325 378.309 358.819 1126.71 1029.67 425.781 439.892 422.946 381.663 355.623 344.493 733.558 343.224 2504.55 872.713
threshold=1.0000000180025095e-35 1.0000000180025095e-35 0.023583786309130956 1.0000000180025095e-35 3.0136753299768682 8.2792216628112687 3.0136753299768682 5.249489726493402 1.0000000180025095e-35 21.500000000000004 21.500000000000004 1.0000000180025095e-35 1.0000000180025095e-35 4.1663491631514509 3.5000000000000004 0.22000000000000003 0.011762648788380804 -0.51183834535310924 0.18000000000000002 0.80873117181516474 0.14000000000000004 12.500000000000002 0.0034042555931195089 -0.61470948428357597 -0.11187133009956597 21.500000000000004 0.02236405412305336 0.14000000000000004 11.500000000000002 11.500000000000002
decision_type=2 2 2 2 2 2 2 2 2 2 2 2 2 2 2 2 2 2 2 2 2 2 2 2 2 2 2 2 2 2
left_child=-1 -2 3 5 11 6 12 8 13 14 -9 -5 16 -8 15 -7 -3 20 -19 25 -14 24 -21 -23 -22 -20 -27 29 -29 -16
right_child=1 2 -4 4 -6 9 7 10 -10 -11 -12 -13 17 -15 27 -17 -18 18 19 22 21 23 -24 -25 -26 26 -28 28 -30 -31
leaf_value=-0.098527643854908045 -0.070026874447716728 0.00019656078353429146 0.039172527179316852 -0.080481634060948645 0.053762789676461226 0.048152657592128556 -0.091836209203549582 -0.025111271186296698 0.014169879926797286 0.039684498672486884 0.030688430303773842 0.0098607676173329308 -0.052923659611745312 -0.04014164116833166 0.032589673093760645 -0.089722281931801831 -0.068550141394546973 0.025226902235804507 -0.063541441598315318 -0.038350657809537926 0.35108320519774594 -0.12637506471879836 0.096664990998729591 0.052061328917664462 -0.059924452822687158 -0.26770398445144583 -0.02019659429159781 -0.14241739516945237 0.045567064867903503 -0.055637719724886459
leaf_weight=133.62997691686178 248.15751799937425 20083.16672011618 943.39467844949104 361.14182988807443 1527.6654837047681 711.82713641738519 904.11583032222916 1140.2982339811424 340.29480191294715 2004.1968825859949 662.96479904837906 260.73519457335351 107.09905288199661 664.02008636233222 412.09144462808035 99.590953417122364 202.13073144374357 2367.3749444691057 361.05418079797528 101.08424602434388 20.902968282462101 30.958929270156659 136.10064869670896 935.98287773854099 7.0339832918252787 69.263176591164665 52.724299902663915 218.39402269199491 939.00533921527676 876.33617066408624
leaf_count=13878 74431 645802 4265 46714 1268 520 5912 6303 382 2363 973 43309 5010 3280 226 448 100468 43692 19890 5802 70 563 649 3122 288 2864 1082 928 534 2304
internal_value=0.00251169 0.0028787 0.00337382 0.00242509 0.0258833 0.000917544 -0.00179318 -0.0304854 -0.0549475 0.0154394 -0.00459666 -0.0426037 0.00255809 -0.0699464 0.000521308 0.0312303 -0.000488459 0.017309 0.00856726 -0.0461928 0.0418023 0.0519996 0.0391236 0.0463483 0.247599 -0.0880851 -0.160729 -0.00966659 0.0100956 -0.027419
internal_weight=36922.7 36789.1 36540.9 35597.6 2149.54 33448 28186.6 3711.69 1908.43 5261.44 1803.26 621.877 24474.9 1568.14 3257.25 811.418 20285.3 4189.58 3087.6 720.227 1101.98 994.879 237.185 966.942 27.937 483.042 121.987 2445.83 1157.4 1288.43
internal_count=1037340 1023462 949031 944766 91291 853475 846152 16850 9574 7323 7276 90023 829302 9192 4960 968 746270 83032 73979 30287 9053 4043 6451 3685 358 23836 3946 3992 1462 2530
is_linear=0
shrinkage=0.05


Tree=51
num_leaves=31
num_cat=0
split_feature=0 1 9 17 2 1 12 1 10 2 4 1 13 14 1 6 4 1 4 0 4 6 6 4 6 0 7 7 3 6
split_gain=510.612 657.346 981.524 625.992 956.127 623.395 778.625 1561.68 582.91 586.149 566.407 584.607 919.818 559.267 554.403 512.507 502.541 472.966 1224.32 498.159 469.574 465.584 455.985 386.79 375.884 578.633 427.536 511.713 488.334 398.499
threshold=0.010749304354285187 -0.33929786365491904 1.0000000180025095e-35 1.0000000180025095e-35 -0.0026295634414092413 3.0136753299768682 1.0000000180025095e-35 6.2210504830589217 1.0000000180025095e-35 34.610824610671436 20.500000000000004 -0.0070077561573003684 1.0000000180025095e-35 1.0000000180025095e-35 0.058715471492720078 0.14000000000000004 21.500000000000004 -0.39073343312015241 21.500000000000004 0.0024385336885336889 11.500000000000002 0.18000000000000002 -0.059999999999999991 12.500000000000002 0.18000000000000002 0.0017889316653705715 0.68878477410780092 0.72305663217554628 0.010072316736902348 1.2600000000000002
decision_type=2 2 2 2 2 2 2 2 2 2 2 2 2 2 2 2 2 2 2 2 2 2 2 2 2 2 2 2 2 2
left_child=1 2 8 10 14 22 7 -7 9 13 -3 12 -12 17 15 -5 -9 19 24 -1 21 -16 -2 -24 -19 26 28 -28 -26 -27
right_child=5 3 -4 4 -6 6 -8 16 -10 -11 11 -13 -14 -15 20 -17 -18 18 -20 -21 -22 -23 23 -25 25 29 27 -29 -30 -31
leaf_value=-0.013725714749062893 -0.055033971090715728 -0.016269897090398298 -0.093421279937370094 -0.084412945810254797 -0.10225372834011114 -0.072540632397365981 0.053827739704651517 0.006257636981183568 0.048410759195631869 -0.058899972569052952 -0.044964714560659071 0.015447803568846974 0.041805204760234346 -0.059882575538699072 0.051893709065995698 0.055580478389351297 0.044013692415651902 0.046139801049517828 -0.018951519760346841 0.009538956798972157 -0.12029122546006815 -0.094046005212895661 -0.027551097106962276 0.051610702481474952 -0.058759541267580331 -0.065867414721515846 0.23422448325284534 -0.060846471592601897 0.084392960823087754 0.037103597669967493
leaf_weight=3343.0712328882291 493.37981749077881 5839.3858137092247 244.59685332357913 80.732895101056783 436.54716211878986 494.16938017665234 1415.4294733526185 2083.1038298347557 826.58036609343253 347.22894579058629 1094.2178788187521 4211.0576392061121 423.68598151794868 308.53142351852148 133.56561176211108 343.71459637185035 1527.6606023642235 2644.2755161997557 1354.0944882296026 7381.7129838507972 157.42858605639049 92.495942030698643 330.75577510964649 289.24808527845016 102.79623084503692 287.09675782514387 57.671343928668648 19.716285116504878 141.68755558226258 139.66844082900207
leaf_count=67975 97275 427889 25367 8134 14244 4190 1266 3416 532 11074 21468 60543 3701 25060 61 769 1694 7536 2286 135132 3710 1679 95588 11429 1501 2754 38 258 175 596
internal_value=0.00241196 -0.000362903 0.0060241 -0.00893621 -0.0426318 0.0149656 0.0218492 0.0108226 0.00745879 0.0053599 -0.00531135 0.00585842 -0.020745 0.00677386 -0.0104167 0.0289527 0.0222317 0.0081031 0.0212432 0.00228702 -0.0539908 -0.00781937 -0.0191641 0.00937996 0.0372847 0.00600749 0.0566237 0.159048 0.0242027 -0.0321679
internal_weight=36645.3 30011.6 17198.7 12812.8 1244.48 6633.75 5520.36 4104.93 16954.1 16127.6 11568.3 5728.96 1517.9 15780.3 807.938 424.447 3610.76 15471.8 4747.01 10724.8 383.49 226.062 1113.38 620.004 3392.91 748.637 321.871 77.3876 244.484 426.765
internal_count=1037340 822482 280284 542198 28597 214858 10566 9300 254917 254385 513601 85712 25169 243311 14353 8903 5110 218251 15144 203107 5450 1740 204292 107017 12858 5322 1972 296 1676 3350
is_linear=0
shrinkage=0.05


Tree=52
num_leaves=31
num_cat=0
split_feature=0 3 3 2 1 4 6 4 18 6 17 8 0 0 5 3 3 0 1 1 4 6 6 4 1 3 3 1 6 19
split_gain=501.965 489.882 443.759 470.327 573.787 461.555 530.447 1385.32 543.789 451.874 760.953 416.426 1199.56 1024.78 421.947 413.302 405.477 388.313 368.361 361.563 353.433 351.309 491.789 579.482 1947.05 1297.42 1110.96 540.098 491.431 845.363
threshold=1.0000000180025095e-35 1.0000000180025095e-35 0.023583786309130956 0.042430431452642338 -0.56667573819567285 3.5000000000000004 0.46000000000000002 11.500000000000002 1.0000000180025095e-35 0.18000000000000002 1.0000000180025095e-35 1.0000000180025095e-35 0.0051475028676973089 0.0048659601352351251 5.5000000000000009 0.0016904181854816554 0.0013904218153912296 0.0018219130792696085 4.1663491631514509 -0.34814260443597772 20.500000000000004 -0.77999999999999992 0.22000000000000003 11.500000000000002 8.2792216628112687 0.0084156264502499249 0.0089528583667573651 8.2792216628112687 0.18000000000000002 1.0000000180025095e-35
decision_type=2 2 2 2 2 2 2 2 2 2 2 2 2 2 2 2 2 2 2 2 2 2 2 2 2 2 2 2 2 2
left_child=-1 -2 3 15 -5 9 11 -8 17 -6 18 12 14 -13 -7 -3 -14 -9 -11 -10 -15 -18 23 27 -25 28 -27 -23 29 -26
right_child=1 2 -4 4 5 6 7 8 19 10 -12 13 16 20 -16 -17 21 -19 -20 -21 -22 22 -24 24 25 26 -28 -29 -30 -31
leaf_value=-0.096085390119132377 -0.06892289480958512 -0.080058850285242622 0.037386980892002528 -0.066387292046728719 0.027165002190233541 0.013843576164294158 -0.060602156831276892 -0.013779288577741076 0.0066970766990042049 0.024303416277257822 -0.097435632321318008 -0.044087477433704753 0.064807443425302202 -0.016147650546515221 -0.032271217084084966 0.0082399330081946078 0.0021725929271808274 0.045957087432775781 -0.097353960091048505 -0.11169943225027235 0.031441765772608342 -0.086796232281364558 0.024590095046331681 -0.066459483870339772 -0.2367291681646389 -0.49413504323035151 -2.3334504945506604 0.034861960505087448 -0.0096671478893858385 -0.61308305943624719
leaf_weight=129.1533375415529 237.42688449666457 133.47135791202891 921.38252635137178 360.35306410628255 2166.4815498174266 4023.0388653455957 536.65402739371348 320.68903221750406 171.24327269336209 581.51260688350885 213.7735330331343 2534.0389206571999 75.934241754730465 787.97223847999703 565.80392108875094 18690.80742374705 222.15448606334394 1793.5558343470038 69.676196704502217 103.43093549206969 772.7583531611308 217.89739408058813 125.31769407278625 354.19001549691893 56.661008296068758 1.8982024434953921 1.4466428128071127 156.9322039950639 13.58852895349264 20.254409031942487
leaf_count=13878 74431 11740 4265 66710 27791 75687 26832 12583 1924 17447 1799 83999 3476 31164 18978 506135 4750 11407 358 3869 4061 13509 2548 17189 355 21 69 75 19 271
internal_value=0.00231148 0.00266224 0.00313445 0.00223459 -0.00399791 -0.00258277 -0.00672126 0.0119905 0.0282979 0.0149674 -0.0155841 -0.0122342 -0.00365675 -0.0244572 0.00815763 0.00761386 -0.0471578 0.0368963 0.0112863 -0.0378861 0.00741511 -0.0544224 -0.0676823 -0.0817347 -0.120113 -0.322603 -1.28964 -0.0358609 -0.286864 -0.335836
internal_weight=36359.5 36230.3 35992.9 35071.5 16247.3 15886.9 12855.5 2925.57 2388.92 3031.44 864.962 9929.89 5835.12 4094.77 4588.84 18824.3 1246.27 2114.24 651.189 274.674 1560.73 1170.34 948.186 822.868 448.039 93.8488 3.34485 374.83 90.5039 76.9154
internal_count=1037340 1023462 949031 944766 426891 360181 312786 56615 29783 47395 19604 256171 136947 119224 94665 517875 42282 23990 17805 5793 35225 38806 34056 31508 17924 735 90 13584 645 626
is_linear=0
shrinkage=0.05


Tree=53
num_leaves=31
num_cat=0
split_feature=3 3 0 3 1 2 3 7 7 3 7 2 1 1 17 1 4 4 0 6 17 1 3 0 7 6 1 1 11 1
split_gain=467.145 412.552 325.589 314.496 805.086 389.719 423.081 437.037 546.527 349.662 337.779 325.718 307.619 556.759 429.998 992.357 305.15 1081 332.295 306.894 549.394 378.703 305.13 293.399 293.022 269.603 607.139 593.082 570.483 490.512
threshold=0.0078778945735231386 1.0000000180025095e-35 0.0011232821920815707 0.0013904218153912296 2.6725404816981908 0.042430431452642338 0.0028896183866842381 -0.21200384592769431 -0.24526710310695549 0.0016904181854816554 -1.1855593673027116 -0.11930048506510084 -0.56055245611647841 -0.54259082868417463 1.0000000180025095e-35 -0.52013879439379507 11.500000000000002 3.5000000000000004 0.010749304354285187 0.22000000000000003 1.0000000180025095e-35 4.1663491631514509 0.0030642700585418502 0.00081732788559413683 -1.2060914928806361 0.18000000000000002 -0.28582120016328755 0.6502245203429039 1.0000000180025095e-35 -0.0070077561573003684
decision_type=2 2 2 2 2 2 2 2 2 2 2 2 2 2 2 2 2 2 2 2 2 2 2 2 2 2 2 2 2 2
left_child=1 -1 -2 4 -3 9 7 8 10 -5 24 -11 -8 -14 23 22 17 19 -18 -4 21 -21 -16 -15 -7 26 28 -28 -13 -27
right_child=2 3 16 5 -6 6 12 -9 -10 11 -12 25 13 14 15 -17 18 -19 -20 20 -22 -23 -24 -25 -26 29 27 -29 -30 -31
leaf_value=-0.067837107516627013 -0.022239203587425926 -0.022031759866744507 0.037813375437162178 -0.077858075727164827 0.11592025616288547 -0.0073893641079349377 -0.064230481006449833 -0.063740653676426826 0.087956881070929138 -0.028896952626339303 -0.054398328378851363 0.029040542714843156 0.032653791831495874 -0.066681060174459142 0.075731375620994107 -0.080541108071432416 0.013075030381989811 -0.042718879283763639 0.040328858875334543 0.027377223927311813 -0.10734104373267753 -0.10069898423157818 -0.0091943994108591703 -0.0014938319313501014 0.16015339880723098 -0.016523815432085798 -0.052878524425639228 0.0059932848169578952 -0.05473244365936128 0.014403697851547277
leaf_weight=233.43798741728824 713.36957620890462 229.46167941296153 1122.1372653270955 129.12194175590594 196.18462777062086 91.711883255178691 215.75289391106344 668.77742879655852 125.12067019206006 678.1885768428474 355.1907761639668 4072.1428117450196 939.93075143329042 177.01355763811443 131.36792985349894 613.24094800381863 6680.4033528724394 1019.3584054571838 1343.3297212844482 563.82204668421764 108.99180471975706 64.298864237964153 542.70451801642776 6943.7182416697124 36.476276921282988 2731.6931811781396 526.69717796072655 2278.3058647400576 213.89879991865746 2415.8288860004614
leaf_count=75416 24285 15937 13170 10225 740 3209 46017 36966 982 29426 18047 61728 10210 13796 67 9639 94687 61214 9105 16010 1702 285 1382 186926 237 84260 101386 39927 1170 69189
internal_value=0.00222506 -0.00168429 0.0104862 -0.00104912 0.0415517 -0.00180824 -0.0088142 -0.0358425 -0.0051807 0.00401366 -0.029289 0.00483209 -0.00520446 -0.00384213 -0.00792199 -0.0345155 0.0126275 -0.00133825 0.0176379 0.0213492 -0.00371482 0.0142664 0.00735653 -0.00311431 0.0402854 0.00670115 0.013024 -0.00506111 0.0248598 -0.00200895
internal_weight=36161.7 24546 11615.7 24312.5 425.646 23886.9 10841 1277.28 608.5 13045.9 483.379 12916.8 9563.73 9347.98 8408.05 1287.31 10902.3 2878.61 8023.73 1859.25 737.113 628.121 674.072 7120.73 128.188 12238.6 7091.04 2805 4286.04 5147.52
internal_count=1037340 816882 220458 741466 16677 724789 327478 59441 22475 397311 21493 387086 268037 222020 211810 11088 196173 92381 103792 31167 17997 16295 1449 200722 3446 357660 204211 141313 62898 153449
is_linear=0
shrinkage=0.05


Tree=54
num_leaves=31
num_cat=0
split_feature=0 12 1 3 1 1 1 14 4 4 6 6 1 1 9 14 5 1 6 0 17 2 2 8 8 0 3 15 1 4
split_gain=455.084 436.623 1432.05 474.831 384.704 1100.96 904.794 721.48 588.381 567.987 438.455 500.248 613.31 1469.44 572.425 553.087 445.609 416.674 363.931 361.782 484.903 356.66 354.685 1605.46 900.46 504.516 470.31 369.596 358.739 611.623
threshold=1.0000000180025095e-35 1.0000000180025095e-35 2.6725404816981908 0.0028896183866842381 8.2792216628112687 3.0136753299768682 4.1663491631514509 1.0000000180025095e-35 21.500000000000004 21.500000000000004 -0.77999999999999992 0.18000000000000002 -0.27711253231732208 0.6502245203429039 1.0000000180025095e-35 1.0000000180025095e-35 5.5000000000000009 -0.56667573819567285 0.14000000000000004 0.0050582323563124294 1.0000000180025095e-35 -0.11930048506510084 0.042430431452642338 1.0000000180025095e-35 1.0000000180025095e-35 0.0051151969696766409 0.0032421895529447741 1.0000000180025095e-35 -0.39916995509593139 13.500000000000002
decision_type=2 2 2 2 2 2 2 2 2 2 2 2 2 2 2 2 2 2 2 2 2 2 2 2 2 2 2 2 2 2
left_child=-1 3 -3 -2 5 10 7 -7 19 -6 16 12 14 18 17 -13 -5 -12 -14 20 -8 -19 24 -24 28 26 27 -25 29 -23
right_child=1 2 -4 4 9 6 8 -9 -10 -11 11 15 13 -15 -16 -17 -18 21 -20 -21 -22 22 23 25 -26 -27 -28 -29 -30 -31
leaf_value=-0.093411944706088434 -0.01651648892618025 -0.060898257672189454 0.045341706738167592 -0.0086734641193180941 0.0030867042747499836 -0.093505878073003867 0.016459010877553543 0.0083398791621485165 0.025810705340033331 0.039592495383834136 -0.054030079980575046 8.1308806081218621e-05 -0.06891332393066156 0.019956177133219441 -0.093178095493650415 -0.064944469084162654 -0.078471829400672696 -0.048477109374772398 0.019698244977737849 -0.054887593383104075 -0.077747724661975937 0.041870058724975345 0.03287742946496143 -0.098747730841621639 0.080326689580535224 0.031245640602587811 -0.054240163936290955 0.18855572374674628 0.032753360012698997 -0.039547228186719491
leaf_weight=124.21758684832457 3436.1750261498637 392.7213185129367 1649.2403422752395 1470.6222206875682 2917.2329353553068 701.73462766855846 600.66815630490055 231.17806841110723 767.95386321697151 1678.6044131247327 182.74516872182721 8542.6618893120904 842.52922815490456 1733.073476120655 111.66468119676574 340.02727254250203 270.7691683660305 174.87150580981688 134.34876007103594 680.53101970354328 176.79819100163877 411.86092113918858 3297.9674447478174 16.228647716459818 844.18481880953186 255.44510457545402 1034.5913562265632 36.082635094819125 2404.4603817329626 524.32980555272661
leaf_count=13878 200212 97122 1685 55851 4244 4835 2682 282 1152 2284 49474 244878 169144 46113 11164 29419 17963 3211 6644 4046 1055 4662 18679 489 963 8069 14129 75 6177 16759
internal_value=0.00212541 0.00245634 0.0249091 0.00110068 0.00309308 0.000717908 -0.0269334 -0.0682682 -0.00960961 0.0164202 0.00457794 0.00658756 0.0132438 -0.00768631 0.0193463 -0.00240786 -0.0195264 0.0207146 -0.0567267 -0.0282661 -0.00496388 0.0222323 0.0236334 0.0141143 0.0341886 -0.0319841 -0.0468445 0.0994249 0.0225294 -0.0037291
internal_weight=35985.5 35861.3 2041.96 33819.3 30383.2 25787.3 3158.86 932.913 2225.95 4595.84 22628.5 20887.1 12004.4 2709.95 9294.43 8882.69 1741.39 9182.77 976.878 1458 777.466 9000.02 8825.15 4640.32 4184.84 1342.35 1086.9 52.3113 3340.65 936.191
internal_count=1037340 1023462 98807 924655 724443 717915 14052 5117 8935 6528 703863 630049 355752 221901 133851 274297 73814 122687 175788 7783 3737 73213 70002 41441 28561 22762 14693 564 27598 21421
is_linear=0
shrinkage=0.05


Tree=55
num_leaves=31
num_cat=0
split_feature=12 1 8 1 1 1 14 4 4 6 4 1 1 1 1 6 0 17 0 5 9 1 9 1 2 9 1 1 6 2
split_gain=424.136 1380.76 448.841 446.985 1175.27 845.998 830.874 645.026 535.28 442.54 450.564 738.335 493.391 441.084 460.45 425.443 410.604 502.692 397.263 477.954 381.446 365.829 742.251 729.805 502.117 441.396 435.486 431.377 576.703 1566.79
threshold=1.0000000180025095e-35 3.0136753299768682 1.0000000180025095e-35 8.2792216628112687 3.0136753299768682 4.1663491631514509 1.0000000180025095e-35 21.500000000000004 21.500000000000004 -0.77999999999999992 19.500000000000004 -0.33058919580895363 -0.5547013199074704 2.2079194448224251 1.2070349707443191 0.22000000000000003 0.0050582323563124294 1.0000000180025095e-35 0.0030303308570326635 3.5000000000000004 1.0000000180025095e-35 -0.0070077561573003684 1.0000000180025095e-35 -0.27711253231732208 0.0032933367372989537 1.0000000180025095e-35 -0.3126275683766499 -0.54259082868417463 0.26000000000000006 -0.0068164411539443437
decision_type=2 2 2 2 2 2 2 2 2 2 2 2 2 2 2 2 2 2 2 2 2 2 2 2 2 2 2 2 2 2
left_child=3 2 -2 4 9 6 -6 -5 16 18 11 12 -11 14 21 -8 17 -7 19 -1 -13 22 23 26 -23 -26 27 -12 -29 -30
right_child=1 -3 -4 7 5 8 15 -9 -10 10 13 20 -14 -15 -16 -17 -18 -19 -20 -21 -22 24 -24 -25 25 -27 -28 28 29 -31
leaf_value=-0.019446017117279883 -0.073687446456776814 0.052978239807016075 0.012676416167772493 0.001117106615368791 -0.089608027124268255 0.015378190103671028 0.029926947210143929 0.038371945104652944 0.021191012342866654 -0.023284181426990701 0.011567896933411519 -0.024778637998587184 0.02100683728338024 0.041780728961032694 -0.070324973233360663 -0.18633939158957086 -0.055244826343284419 -0.075293202100220349 -0.0015860594032474807 -0.099553530505388954 0.017849180124274371 0.030451283767213552 -0.10106598036620576 -0.06525972812563885 -0.093775204417338318 0.0063488818667791205 0.045003151391901981 -0.0036262790977572342 -0.1090838087049141 0.0043001927652639377
leaf_weight=538.8251271946865 357.28168454321712 1347.9849019288085 259.86274665515521 3253.6816296759134 835.55331558495345 676.32884501919216 251.5555461540207 1807.1785245655337 806.86252472699562 679.70073705705727 2596.6906620698355 1842.8938909285025 8393.311611474237 524.93217487236689 264.3622347140481 25.000764407566749 767.04982864683552 197.50139079007204 1144.367104398727 284.52053057152807 733.73228216960706 1479.5265980554614 208.7989666554713 483.98417894257727 167.62167405675427 320.63229313935881 463.62090779378195 3676.9302049562539 521.92049398926247 732.01191104875033
leaf_count=21211 51691 1336 45780 5434 6495 3600 222 2541 1547 124120 36722 366176 119872 2244 8700 139 5296 1348 46758 22056 32122 34299 9984 22332 24167 3532 3457 22869 7709 3581
internal_value=0.00204025 0.0246197 -0.037322 0.000722777 -0.00169952 -0.0285826 -0.0647442 0.0144204 -0.0121529 0.00211955 0.00405924 0.0109808 0.0176888 -0.00298856 -0.00514142 0.0103764 -0.0285489 -0.00511518 -0.0206423 -0.0471285 -0.0126397 -0.00352365 -0.00793456 -0.00564012 0.015942 -0.0280246 -0.00202926 -0.00492598 -0.013612 -0.0428933
internal_weight=35644.2 1965.13 617.144 33679.1 28618.2 3559.85 1112.11 5060.86 2447.74 25058.4 23090.7 11649.6 9073.01 11441 10916.1 276.556 1640.88 873.83 1967.71 823.346 2576.63 10651.7 8683.96 8475.16 1967.78 488.254 7991.17 7527.55 4930.86 1253.93
internal_count=1037340 98807 97471 938533 930558 18647 6856 7975 11791 911911 821886 642290 243992 179596 177352 361 10244 4948 90025 43267 398298 168652 106654 96670 61998 27699 74338 70881 34159 11290
is_linear=0
shrinkage=0.05


Tree=56
num_leaves=31
num_cat=0
split_feature=3 0 3 12 1 8 1 1 1 14 4 0 17 0 4 6 1 15 1 6 2 1 6 0 4 6 4 1 21 1
split_gain=416.141 411.707 377.636 381.355 1300.57 386.65 372.639 996.049 776.905 638.636 604.515 368.886 367.51 531.376 355.602 579.004 347.562 338.009 365.036 947.007 895.875 377.461 374.374 366.03 316.091 467.921 303.48 287.813 783.164 544.877
threshold=1.0000000180025095e-35 1.0000000180025095e-35 0.023583786309130956 1.0000000180025095e-35 3.0136753299768682 1.0000000180025095e-35 8.2792216628112687 3.0136753299768682 5.249489726493402 1.0000000180025095e-35 21.500000000000004 0.011762648788380804 1.0000000180025095e-35 0.0064212530313964081 3.5000000000000004 0.22000000000000003 4.1663491631514509 1.0000000180025095e-35 -0.51183834535310924 0.18000000000000002 0.28292060250191481 -0.61470948428357597 0.14000000000000004 0.0034042555931195089 21.500000000000004 1.5400000000000003 12.500000000000002 -0.57075792624846911 1.0000000180025095e-35 -0.60382364947611922
decision_type=2 2 2 2 2 2 2 2 2 2 2 2 2 2 2 2 2 2 2 2 2 2 2 2 2 2 2 2 2 2
left_child=-1 -2 3 6 5 -5 7 11 9 16 14 17 13 -10 15 -8 -9 27 21 -20 24 -19 -23 -22 -21 -26 -24 28 -3 -30
right_child=1 2 -4 4 -6 -7 10 8 12 -11 -12 -13 -14 -15 -16 -17 -18 18 19 20 23 22 26 -25 25 -27 -28 -29 29 -31
leaf_value=-0.066524448350660154 -0.091621134824226708 -0.067672345886241519 0.035068986557410482 -0.070980412865853007 0.052989968184169282 0.010848423724395947 0.047225495478793664 -0.086505807078656058 0.031058440849526938 0.012738308160559772 0.037576908922819015 -0.067821054335888156 -0.078463843458833893 -0.027322377199576788 -0.0087073969352360805 -0.083994498824704902 -0.036668652276396749 -0.10439798216986895 0.02196786975702536 -0.062945194007567692 -0.034271324632021524 -0.052762666689522557 0.20587408159985132 0.083522308986863858 -0.22921108408126065 -0.0095948087832952653 0.050234928067772466 0.0013391448583734155 0.040398229656381041 -0.060624432448628862
leaf_weight=220.4574580552362 116.08271499893453 554.17458461585557 878.34330599405803 346.60004751276574 1247.5592455018777 247.40334509284003 660.31099182600155 798.82756194495596 849.00776405354191 327.82517360995553 1683.9369578496553 187.89534098115109 146.83119570868439 720.55914746037161 2443.5736062882643 96.330342411994934 622.4181944203774 43.185882453457452 2341.4314542216889 329.66758883632428 123.50239137238532 87.101821186079178 32.424144244403578 141.52170865307562 77.0032610836206 35.405977160131442 920.3970603288617 18408.32949271554 486.23283526208252 183.97911666191067
leaf_count=75416 12893 82208 4265 46714 1268 43309 520 5912 3475 382 2363 100468 836 2965 3992 448 3280 1335 43692 18532 7268 4298 298 838 3307 342 3122 552208 5410 5976
internal_value=0.00195652 0.00238617 0.00269777 0.00186502 0.0239961 -0.0368986 0.000603302 -0.00166332 -0.0267179 -0.0501698 0.0133272 0.00196163 -0.00281955 0.00425689 0.00056719 0.0305195 -0.0646802 0.00251338 0.0155121 0.00665343 -0.0440575 0.0404457 0.0464608 0.02863 -0.0876334 -0.160038 0.0555313 -0.000222158 -0.0236959 0.0126666
internal_weight=35358.3 35137.9 35021.8 34143.4 1841.56 594.003 32301.9 27417.7 3465.47 1749.07 4884.15 23952.3 1716.4 1569.57 3200.21 756.641 1421.25 23764.4 4131.64 3048.53 707.101 1083.11 1039.92 265.024 442.077 112.409 952.821 19632.7 1224.39 670.212
internal_count=1037340 961924 949031 944766 91291 90023 853475 846152 16850 9574 7323 829302 7276 6440 4960 968 9192 728834 83032 73979 30287 9053 7718 8106 22181 3649 3420 645802 93594 11386
is_linear=0
shrinkage=0.05


Tree=57
num_leaves=31
num_cat=0
split_feature=3 3 0 0 4 4 0 6 17 1 3 1 2 1 17 8 3 1 3 3 3 1 1 2 6 1 1 2 1 2
split_gain=394.451 350.098 277.407 267.17 264.84 946.768 303.329 281.801 483.29 325.846 260.908 664.154 342.035 378.696 608.536 581.946 449.846 406.442 304.902 524.797 301.431 296.931 295.627 270.952 241.78 238.164 271.337 234.809 364.678 262.026
threshold=0.0078778945735231386 1.0000000180025095e-35 0.0011232821920815707 0.00044852871519050107 11.500000000000002 3.5000000000000004 0.010140800506249012 0.22000000000000003 1.0000000180025095e-35 4.1663491631514509 0.0013904218153912296 2.6725404816981908 0.042430431452642338 -0.35644305347666355 1.0000000180025095e-35 1.0000000180025095e-35 0.0046735210093326708 -0.47142468363042594 0.0033751213246618898 0.002922662702673069 0.0016904181854816554 -0.56055245611647841 0.83623622261532204 -0.11930048506510084 0.18000000000000002 -0.6183834535310927 -0.60763369165872905 7.9188154199642593 0.81500884474078117 0.28292060250191481
decision_type=2 2 2 2 2 2 2 2 2 2 2 2 2 2 2 2 2 2 2 2 2 2 2 2 2 2 2 2 2 2
left_child=1 -1 -2 -3 5 7 25 -4 9 -9 11 -5 20 15 16 21 22 -17 19 -19 -12 -14 -15 -22 -7 -6 -27 28 29 -18
right_child=2 3 4 10 6 24 -8 8 -10 -11 12 -13 13 14 -16 17 27 18 -20 -21 23 -23 -24 -25 -26 26 -28 -29 -30 -31
leaf_value=-0.065673153595590381 -0.020812557595259663 -0.062372190382266095 0.036725671663311296 -0.019643985307898616 -0.077252840056154723 -0.011878332089248538 0.038398341674134792 0.026341000296949697 -0.10195568944038064 -0.094341413948870745 -0.073639695777312539 0.106064283388089 -0.064126708958194167 -0.06390952450847924 -0.09040722879079377 -0.0054887342266035921 -0.013503474139947997 -0.13251823841602048 -0.080860309383550003 0.071156527339020254 -0.026208268219955411 0.019172633955152514 -0.020465616893056388 0.0066577593634920863 -0.061986387028299832 0.060908248343393749 0.010747309743179627 0.020925058782796085 0.0021786718221636944 -0.086122854780222025
leaf_weight=212.35495217422431 702.49472616103594 177.07513933079827 1050.4817644034047 228.38421516542439 74.015294154407457 415.97412037220784 1298.7102324792068 525.23658618197078 107.18597599858185 62.598580153658986 123.35992439172696 194.59717195895792 111.16250009850773 497.45079445979354 268.84257820812491 1456.5668377885522 270.58778799712309 46.918837439297931 373.97603913166677 97.038002246081305 662.40907684603008 2845.1055151249602 1840.019698447355 11764.795861558865 571.46610699043958 282.00676854513586 6127.5363189053896 900.35614475390685 1571.143987113308 229.63240151073842
leaf_count=75416 24285 18120 13170 15538 3293 23455 9836 16010 1702 285 9988 728 22867 80723 9299 54141 18710 1490 7021 629 28719 26976 26214 348965 37759 2285 88378 21315 15895 34128
internal_value=0.00187445 -0.00175957 0.00960781 -0.00118591 0.0116401 -0.00175018 0.0163425 0.0203844 -0.0043144 0.0134895 -0.000724522 0.0381895 -0.00143833 -0.00809315 -0.0170171 0.00200221 -0.0133008 -0.0190161 -0.0570586 0.00477425 0.00413387 0.0160404 -0.0297112 0.0049059 -0.0408776 0.0119245 0.0129543 -0.000392857 -0.00965908 -0.0468403
internal_weight=35089.5 23871.8 11217.7 23659.4 10515.2 2732.94 7782.27 1745.5 695.021 587.835 23482.3 422.981 23059.4 10508.8 5578.03 4930.77 5309.19 1974.5 517.933 143.957 12550.6 2956.27 2337.47 12427.2 987.44 6483.56 6409.54 2971.72 2071.36 500.22
internal_count=1037340 816882 220458 741466 196173 92381 103792 31167 17997 16295 723346 16266 707080 319408 206284 113124 196985 63281 9140 2119 387672 49843 106937 377684 61214 93956 90663 90048 68733 52838
is_linear=0
shrinkage=0.05


Tree=58
num_leaves=31
num_cat=0
split_feature=0 1 9 10 1 4 17 2 1 1 12 1 0 1 6 4 4 0 6 6 2 6 5 1 17 17 2 1 1 2
split_gain=371.774 483.495 661.217 560.303 549.624 544.367 517.539 749.677 476.837 497.195 472.895 1204.72 471.794 449.048 506.861 421.684 420.628 401.038 396.938 371.533 1019.93 359.921 387.261 357.692 859.194 468.708 984.595 799.623 426.201 351.419
threshold=0.010749304354285187 -0.35644305347666355 1.0000000180025095e-35 1.0000000180025095e-35 -0.39073343312015241 21.500000000000004 1.0000000180025095e-35 -0.0026295634414092413 2.6725404816981908 -0.39916995509593139 1.0000000180025095e-35 6.2210504830589217 0.0024385336885336889 0.058715471492720078 0.14000000000000004 11.500000000000002 21.500000000000004 0.0017889316653705715 0.18000000000000002 0.18000000000000002 0.0032933367372989537 0.14000000000000004 5.5000000000000009 -0.52422098244659132 1.0000000180025095e-35 1.0000000180025095e-35 -0.021955578248659686 -0.54259082868417463 -0.52013879439379507 -0.11769211130967576
decision_type=2 2 2 2 2 2 2 2 2 2 2 2 2 2 2 2 2 2 2 2 2 2 2 2 2 2 2 2 2 2
left_child=1 2 3 4 12 17 -3 13 9 -2 11 -10 -1 14 -8 18 -13 -6 -15 -7 -21 -19 -23 25 -25 26 27 29 -26 -14
right_child=8 6 -4 -5 5 19 7 -9 10 -11 -12 16 23 15 -16 -17 -18 21 -20 20 -22 22 -24 24 28 -27 -28 -29 -30 -31
leaf_value=-0.016230121917587961 0.02300415416212144 -0.0044155918996054968 -0.087037403798219129 0.049374360681810364 0.059299716023329986 0.0070190094163152909 -0.085129350128896067 -0.094192124215095277 -0.070039409077209305 -0.055358862238731758 0.044059387736965439 0.0057718502345546164 -0.094093019310331094 0.051863937365695091 0.054041231323590622 -0.11592559034242877 0.042569111146033956 0.031674408800862634 -0.088880532500327208 -0.21620392617549444 0.0095601152316992372 -0.065970832308475724 0.043823063354085041 0.0071138445900905374 0.0076302687998922869 0.029370496162431099 -0.065573793965581786 -0.13617664401326721 -0.08176175178255253 0.032082995848790777
leaf_weight=3485.4795474607672 352.74671381572989 12468.71121425162 190.50633798167109 731.99031110107899 983.71799726007885 883.23586291336687 81.984997428291535 405.14311672197073 420.13794518112991 474.96185725928808 1370.4942434201948 2025.7117213472666 57.682039079343667 123.46295691246632 323.86928168816667 146.89965198712162 1259.475622435566 1153.8955781842014 84.301262437460537 74.574150408574496 151.97696358263056 222.44047388521722 125.69665257370798 2329.3439687975624 183.91099603139446 2502.0359369932557 478.82131047924486 79.958717850175162 484.90194249738852 1274.1160969092889
leaf_count=90276 73891 520653 24543 500 4537 1274 8202 14520 5080 129179 1598 3416 3754 61 823 3710 1694 3806 1679 556 242 2368 543 29097 608 18538 56014 5717 3649 26812
internal_value=0.00178874 -0.000537413 0.0055354 0.00669536 0.00453663 0.0214839 -0.0073941 -0.0392543 0.0132268 -0.0219627 0.0189652 0.00968354 -0.00106589 -0.00998783 0.0259279 -0.0510875 0.0198792 0.0344833 -0.00524376 -0.00763288 -0.064755 0.0182305 -0.0263292 0.00608554 -0.00722862 0.0151731 -0.00361617 0.0173978 -0.0571806 0.0266181
internal_weight=34932.2 29028.7 15394.3 15203.8 14471.8 3595.54 13634.4 1165.66 5903.53 827.709 5075.82 3705.33 10876.3 760.518 405.854 354.664 3285.19 2485.75 207.764 1109.79 226.551 1502.03 348.137 7390.77 2998.16 4392.61 1890.58 1411.76 668.813 1331.8
internal_count=1037340 822482 272834 248291 247791 13326 549648 28995 214858 203070 11788 10190 234465 14475 9025 5450 5110 11254 1740 2072 798 6717 2911 144189 33354 110835 92297 36283 4257 30566
is_linear=0
shrinkage=0.05


Tree=59
num_leaves=31
num_cat=0
split_feature=0 3 4 2 3 0 6 4 17 0 1 6 17 1 7 4 11 7 4 6 12 10 11 1 2 1 2 14 7 4
split_gain=363.712 361.074 353.057 364.699 405.817 368.902 346.958 570.811 335.68 323.669 314.136 311.966 396.298 307.055 305.664 296.155 286.262 283.989 282.146 666.819 684.031 494.875 459.911 295.722 353.107 300.888 278.655 275.138 274.925 273.756
threshold=1.0000000180025095e-35 0.0089804911537572415 3.5000000000000004 0.042430431452642338 0.0016904181854816554 0.0013178201234866633 0.54000000000000015 11.500000000000002 1.0000000180025095e-35 0.0014796661251275137 -0.5262620764729895 0.22000000000000003 1.0000000180025095e-35 4.1663491631514509 -0.22870342365059146 20.500000000000004 1.0000000180025095e-35 -0.82736026614236735 11.500000000000002 0.18000000000000002 1.0000000180025095e-35 1.0000000180025095e-35 1.0000000180025095e-35 -0.5547013199074704 -0.014092417666581565 -0.55279629881616543 -0.11930048506510084 1.0000000180025095e-35 -0.14122257147918854 15.500000000000002
decision_type=2 2 2 2 2 2 2 2 2 2 2 2 2 2 2 2 2 2 2 2 2 2 2 2 2 2 2 2 2 2
left_child=-1 2 11 4 -4 17 9 -8 10 14 -9 16 13 -13 -7 29 -2 -5 19 -3 21 22 -21 24 -20 -25 -6 -19 -17 -11
right_child=1 18 3 5 26 6 7 8 -10 15 -12 12 -14 -15 -16 28 -18 27 23 20 -22 -23 -24 25 -26 -27 -28 -29 -30 -31
leaf_value=-0.087472405874049239 0.027143432492821945 0.02408459174890118 -0.069778977254147556 0.0090033564134517335 -0.027940655617916695 0.091699410743468074 -0.050596097229857834 -0.079592942949817544 0.074859432950853649 -0.013030659470375483 0.023188666365123498 0.017084409208073453 -0.075582847376464382 -0.061570722778623466 -0.066986559382891067 -0.021327724226611899 -0.032115238103924866 -0.071518366381848802 0.0075343111036787376 -0.094836015600619494 0.041885895036196635 0.014934775995232777 0.039078679584868957 0.16187633347048061 -0.083878648935750172 0.019081748391272465 0.0053574509049119333 0.0013832834586407932 0.0076059456453236619 -0.041114083724554856
leaf_weight=113.93972116224904 2503.6694779588615 997.21168648969615 191.39167041340261 228.1704589373694 663.62878156968873 134.56676449182123 274.78784771690698 81.357915314867569 302.42425417900085 2497.5497773439783 861.91113572617178 765.98941423031647 186.78142171920626 148.06429587554885 39.182482044743665 1279.8484282511963 221.85748487780802 566.42054945303971 349.82871402800083 519.72923306356824 231.80375291290693 187.19905310717877 73.136866741522681 37.140813458536286 151.34295215300517 5486.6663182985794 11802.880311254452 167.75597882852162 2290.0467670876897 1329.8073178336635
leaf_count=13878 51734 24419 41044 8817 27975 1283 21588 2850 13 130207 13733 45890 4799 815 2172 19106 9030 39900 6306 25743 8053 9477 977 318 7845 68626 335092 12608 26951 76091
internal_value=0.00171359 0.00200752 -0.000803976 -0.00317113 0.00247561 -0.0102804 -0.00716436 0.0146317 0.0290203 -0.0115416 0.0143236 0.0132465 -0.00921793 0.00434335 0.0559139 -0.0131261 0.0223198 -0.0397186 0.0112944 -0.00493183 -0.0335279 -0.0559379 -0.0783161 0.0167052 -0.0200704 0.0200419 0.0035849 -0.0548607 -0.00276711 -0.0227882
internal_weight=34686.1 34572.2 26538.1 22711.7 12657.9 10053.8 9091.48 1520.48 1245.69 7571 943.269 3826.36 1100.84 914.054 173.749 7397.25 2725.53 962.347 8034.06 2009.08 1011.87 780.065 592.866 6024.98 501.172 5523.81 12466.5 734.177 3569.9 3827.36
internal_count=1037340 1023462 871698 759430 404111 355319 293994 38184 16596 255810 16583 112268 51504 46705 3455 252355 60764 61325 151764 68669 44250 36197 26720 83095 14151 68944 363067 52508 46057 206298
is_linear=0
shrinkage=0.05


Tree=60
num_leaves=31
num_cat=0
split_feature=3 0 3 12 1 8 5 2 0 3 2 7 15 1 6 6 1 4 3 1 1 0 4 15 10 2 9 8 18 2
split_gain=344.419 337.752 322.494 296.967 1169.91 333.833 324.017 354.666 323.854 299.36 297.226 290.865 323.613 288.814 279.1 311.483 546.081 366.392 363.711 269.946 587.803 960.789 516.914 447.091 474.319 392.773 356.864 348.708 813.209 599.253
threshold=1.0000000180025095e-35 1.0000000180025095e-35 0.014881084193276941 1.0000000180025095e-35 3.0136753299768682 1.0000000180025095e-35 5.5000000000000009 0.4490936941536891 0.0011383072457758891 0.0045458235545912124 0.0032933367372989537 0.46299262339984398 1.0000000180025095e-35 -0.5625935501428766 0.18000000000000002 -0.85999999999999988 2.6725404816981908 3.5000000000000004 0.0028896183866842381 -0.36555994012790854 6.2210504830589217 0.0038210649882444818 21.500000000000004 1.0000000180025095e-35 1.0000000180025095e-35 -0.11291804952769975 1.0000000180025095e-35 1.0000000180025095e-35 1.0000000180025095e-35 0.0081184580035741655
decision_type=2 2 2 2 2 2 2 2 2 2 2 2 2 2 2 2 2 2 2 2 2 2 2 2 2 2 2 2 2 2
left_child=-1 -2 3 6 5 14 19 8 -8 10 -10 -9 -13 -4 15 -5 -17 18 -18 23 21 25 -22 24 26 -21 -3 -27 -29 -30
right_child=1 2 13 4 -6 -7 7 11 9 -11 -12 12 -14 -15 -16 16 17 -19 -20 20 22 -23 -24 -25 -26 27 -28 28 29 -31
leaf_value=-0.064292580527198953 -0.086630773766480998 0.0013378532580006202 -0.081021442910100369 0.048094836596083476 0.052639497020433391 0.010508206049103385 -0.067195670767161597 -0.05297759149470288 -0.009542683105633264 0.007229277249805011 -0.075530625238935153 -0.024448873705839216 0.08179665104721652 0.024544557648356786 0.013355225037132809 -0.082810928065994605 -0.28661794545115882 -0.23489281644875382 -1.1591934755955047 -0.045775155900126527 0.00041918194629187897 -0.046911754079381904 0.035733947370117251 0.027532686230604016 0.049280607120822127 0.0075825389257534589 -0.084556459534930184 -0.036647188802649409 0.047960123375561187 -0.058880809653907573
leaf_weight=196.96783105117356 107.12013070758985 8317.0445469955084 66.907218035368714 33.378172465279931 1062.9506556787528 222.24775156518444 193.8794263252712 792.40153397656832 706.46459305372991 2807.585584139495 224.99416164887953 336.11634940695512 91.095836893400701 2047.76932240311 79.090852268505841 187.18057364580454 2.471060834825038 28.095603369176388 2.3112328238785267 496.44611165584138 3134.2856848048395 1457.1248930937072 1547.9688499051845 2329.5828378825681 520.2435033894144 5043.9496428181155 122.70848776763887 1562.1164076535242 625.78638968657469 166.0719146541669
leaf_count=75416 12893 211459 3919 1438 1185 42159 12731 34966 26187 62565 12451 11308 1167 22051 16804 27160 22 184 56 28176 6581 129713 2260 15055 358 134166 16992 117140 6004 4774
internal_value=0.00163585 0.00201428 0.00229186 0.00104569 0.0219214 -0.0369347 -6.24374e-05 -0.0114919 -0.00418685 -0.000919674 -0.0254821 -0.0350487 -0.0017938 0.0212045 -0.0686436 -0.0942332 -0.115821 -0.303756 -0.708325 0.00226311 -0.00236709 -0.00960788 0.0120944 0.00801879 0.00294521 -0.00272242 8.90061e-05 0.000166684 -0.0157235 0.025553
internal_weight=34512.4 34315.4 34208.3 32093.6 1617.73 554.775 30475.9 5152.54 3932.92 3739.04 931.459 1219.61 427.212 2114.68 332.527 253.437 220.058 32.8779 4.78229 25323.3 14033.7 9351.5 4682.25 11289.6 8960 7894.37 8439.75 7397.92 2353.97 791.858
internal_count=1037340 961924 949031 923061 89008 87823 834053 161375 113934 101203 38638 47441 12475 25970 45664 28860 27422 262 78 672678 428814 419973 8841 243864 228809 290260 228451 262084 127918 10778
is_linear=0
shrinkage=0.05


Tree=61
num_leaves=31
num_cat=0
split_feature=0 1 9 10 1 4 17 2 0 1 6 1 12 1 4 4 4 6 0 1 7 2 6 2 6 6 3 1 1 19
split_gain=323.44 433.635 556.283 516.28 480.084 468.561 453.972 694.754 435.522 429.468 476.49 395.567 636.237 1127.01 416.763 383.78 359.92 359.524 343.975 346.147 342.986 338.607 326.509 833.834 303.834 360.193 301.715 336.447 358.516 300.551
threshold=0.010486837777588288 -0.35644305347666355 1.0000000180025095e-35 1.0000000180025095e-35 -0.39073343312015241 21.500000000000004 1.0000000180025095e-35 -0.0026295634414092413 0.0026232955804488785 0.058715471492720078 0.14000000000000004 3.0136753299768682 1.0000000180025095e-35 6.2210504830589217 21.500000000000004 11.500000000000002 11.500000000000002 0.18000000000000002 0.0017889316653705715 -0.3741325350387808 -0.85453061168881306 13.868368649476642 0.18000000000000002 0.0032933367372989537 0.14000000000000004 1.2600000000000002 0.003520636285976124 0.021975779017553394 0.058715471492720078 1.0000000180025095e-35
decision_type=2 2 2 2 2 2 2 2 2 2 2 2 2 2 2 2 2 2 2 2 2 2 2 2 2 2 2 2 2 2
left_child=1 2 3 4 8 18 26 9 21 10 -8 16 13 -13 -15 17 -2 -11 19 -6 -20 -1 -7 -24 -22 -26 27 -3 -29 -18
right_child=11 6 -4 -5 5 22 7 -9 -10 15 -12 12 -14 14 -16 -17 29 -19 20 -21 24 -23 23 -25 25 -27 -28 28 -30 -31
leaf_value=-0.010347612376018793 -0.03938100295120632 -0.058312590087416905 -0.084169105731501992 0.049192981560431698 0.074927158878805744 0.0068982065952570828 -0.084039875197198521 -0.092028482256426972 0.0073172893745305778 0.051715886058810445 0.05371138936633562 -0.069937890995298652 0.052403024570707918 0.004815961806280333 0.041953945987399925 -0.11258760640673465 0.031183954078796969 -0.086142890694089688 -0.075816785973765372 0.011359291527450638 0.035366571545554989 -0.081680615914672419 -0.19015960500673493 0.0094108462745841771 -0.064885568481698089 0.047339986333863091 -0.0010488281400072225 0.056524888880845441 -0.019860978447192066 -0.077856450398226029
leaf_weight=4263.0218882667577 632.2606180091534 492.77393260116878 172.40709897622583 665.98997720936313 679.22017954038893 874.45490277739736 78.346523725092993 385.87461558244831 6304.3566901266095 115.23862578725675 315.90546292805811 405.12170427762248 1078.5279082872439 2048.814903226099 1196.6459211772308 143.28222950257259 463.12322938585203 80.211412426448078 93.54529261267453 312.76652954111705 1090.5326208233892 173.11813772601454 80.226700828046887 150.56941874782206 184.37833401748503 116.78362276073312 10234.402060549455 175.66809635988466 1223.3982326034675 73.180975080820645
leaf_count=94601 158870 47785 24041 500 2240 1271 8202 14520 129494 61 823 4325 1319 3532 1732 3710 14506 1679 956 2297 3239 7908 556 242 2049 433 362525 5631 98270 40023
internal_value=0.00157014 -0.000642065 0.00513201 0.00615917 0.00415818 0.0200083 -0.00725152 -0.0377257 -0.0011286 -0.00913838 0.0263372 0.0122254 0.0186622 0.00869387 0.0185092 -0.0504286 -0.0138244 -0.00486045 0.0320867 0.0548847 0.01686 -0.0131313 -0.0070633 -0.0599615 0.0230894 -0.0213671 -0.00443974 -0.0227837 -0.0102699 0.0163049
internal_weight=34304.1 28406.5 15161.4 14989 14323 3582.48 13245.1 1118.86 10740.5 732.984 394.252 5897.68 4729.11 3650.58 3245.46 338.732 1168.56 195.45 2477.23 991.987 1485.24 4436.14 1105.25 230.796 1391.69 301.162 12126.2 1891.84 1399.07 536.304
internal_count=1037340 813033 269827 245786 245286 13283 543206 28995 232003 14475 9025 224307 10908 9589 5264 5450 213399 1740 11214 4537 6677 102509 2069 798 5721 2482 514211 151686 103901 54529
is_linear=0
shrinkage=0.05


Tree=62
num_leaves=31
num_cat=0
split_feature=3 0 4 4 6 1 11 3 6 0 2 6 17 1 1 8 8 1 6 8 0 6 17 2 6 1 8 1 6 1
split_gain=316.47 310.361 298.095 728.903 1090.49 883.909 525.603 477.721 516.52 704.267 514.686 475.248 656.573 489.725 417.234 855.541 720.803 524.789 1274.66 379.71 688.087 362.238 841.152 470.192 358.01 503.581 389.21 355.724 352.338 564.601
threshold=1.0000000180025095e-35 1.0000000180025095e-35 3.5000000000000004 11.500000000000002 0.18000000000000002 8.2792216628112687 1.0000000180025095e-35 0.0083172525788545119 0.060000000000000005 0.0042494482401022691 -0.041179474087311714 0.22000000000000003 1.0000000180025095e-35 4.1663491631514509 3.0136753299768682 1.0000000180025095e-35 1.0000000180025095e-35 8.2792216628112687 -0.77999999999999992 1.0000000180025095e-35 0.0038210649882444818 0.18000000000000002 1.0000000180025095e-35 0.0032933367372989537 0.22000000000000003 -0.50789223023540619 1.0000000180025095e-35 5.249489726493402 -0.97999999999999987 12.211797523472585
decision_type=2 2 2 2 2 2 2 2 2 2 2 2 2 2 2 2 2 2 2 2 2 2 2 2 2 2 2 2 2 2
left_child=-1 -2 11 4 6 -6 -4 8 10 21 19 -3 13 -13 15 -12 17 -16 -19 20 -5 23 -23 -10 25 -11 -27 -18 -22 -30
right_child=1 2 3 7 5 -7 -8 -9 9 24 14 12 -14 -15 16 -17 27 18 -20 -21 28 22 -24 -25 -26 26 -28 -29 29 -31
leaf_value=-0.063416256388656778 -0.084661049697315055 0.024367562014850783 0.011532786455213202 0.006581882510334449 -0.039661678579199888 -0.15483422041558842 -0.064614530521387312 0.013955245423310501 0.036344103824519337 0.055663355097372781 0.0041218676381000801 0.018300769839621655 -0.081578535907369062 -0.068877302770903218 -0.050056220530520446 -0.040774640022472886 -0.090928296626508448 -0.0065900780765256479 -0.26066863936024021 0.03295584797406919 0.03972331914719851 -0.014325374752896344 0.065155669456300719 -0.024729148030863186 0.041864895347407616 -0.10714488086426198 0.010814048697279454 0.0011963690680724436 -0.071193684266167206 -0.3147266026697238
leaf_weight=186.69482940382295 103.32995120955457 3287.6821322064825 1768.0398513591499 2138.6610465792273 1180.7288701292418 193.95572605915368 259.93092555151088 7259.4236140090798 1155.191610192036 190.06989978275669 3329.1779682775796 1092.4603714088735 260.86585639513214 188.95675218477845 437.09470329182659 1557.5236237352874 121.11046553759297 88.788690466608386 111.16585738636059 979.44850285279244 59.396563912159763 4206.5538570046265 361.4854666152969 433.37639793504786 1798.0857778407953 143.82774073586916 136.10450808425958 777.38354238614556 247.44671820526128 26.332044206093997
leaf_count=75416 12893 64731 103881 39034 127345 914 18009 105725 14395 8519 109487 54962 5711 977 2925 90646 1010 156 846 39592 735 115245 133 14693 5101 3772 934 1675 17663 215
internal_value=0.00150359 0.00186118 0.00212576 0.000207883 -0.0215319 -0.0559115 0.00177276 0.00310224 -0.00120346 0.00789082 -0.00896325 0.0136253 -0.00927393 0.00544556 -0.0173318 -0.0101879 -0.0400667 -0.0807502 -0.147846 0.00660924 -0.00383043 -0.000883645 -0.00803575 0.0196827 0.0317087 -0.007146 -0.0497926 -0.0112214 -0.0706673 -0.0946167
internal_weight=34080.3 33893.6 33790.3 28960.3 3402.66 1374.68 2027.97 25557.6 18298.2 8424.7 9873.53 4829.97 1542.28 1281.42 6422.24 4886.7 1535.54 637.049 199.955 3451.28 2471.84 6156.61 4568.04 1588.57 2268.09 470.002 279.932 898.494 333.175 273.779
internal_count=1037340 961924 949031 822650 250149 128259 121890 572501 466776 162792 303984 126381 61650 55939 206745 200133 6612 3927 1002 97239 57647 144466 115378 29088 18326 13225 4706 2685 18613 17878
is_linear=0
shrinkage=0.05


Tree=63
num_leaves=31
num_cat=0
split_feature=3 0 3 5 0 7 3 1 3 5 0 3 3 2 1 1 17 1 2 6 4 6 0 21 15 4 8 4 1 4
split_gain=297.267 289.239 285.03 263.317 248.358 283.268 247.059 361.523 236.87 437.94 220.09 197.665 239.609 181.594 181.272 495.028 463.268 1093.57 641.653 471.962 363.399 559.188 347.797 345.769 351.607 332.107 328.874 325.731 320.349 456.545
threshold=1.0000000180025095e-35 1.0000000180025095e-35 0.022892138400825299 5.5000000000000009 0.0011383072457758891 -0.68052663061214591 0.00062291017164413961 2.6725404816981908 0.0028896183866842381 1.5000000000000002 0.0021911819779333393 0.002159617713918502 0.0018268528853829296 1.3280316568802657 -0.57075792624846911 -0.54259082868417463 1.0000000180025095e-35 -0.52217988842019325 -0.012586162879754913 0.26000000000000006 22.500000000000004 0.18000000000000002 0.0037506698821007504 1.0000000180025095e-35 1.0000000180025095e-35 11.500000000000002 1.0000000180025095e-35 11.500000000000002 -0.52217988842019325 12.500000000000002
decision_type=2 2 2 2 2 2 2 2 2 2 2 2 2 2 2 2 2 2 2 2 2 2 2 2 2 2 2 2 2 2
left_child=-1 -2 3 6 -5 10 7 -3 9 11 -6 12 -8 -12 22 20 28 -18 19 25 -16 -22 23 24 -10 -19 -27 -21 29 -17
right_child=1 2 -4 4 5 -7 8 -9 14 -11 13 -13 -14 -15 15 16 17 18 -20 27 21 -23 -24 -25 -26 26 -28 -29 -30 -31
leaf_value=-0.062734773246698988 -0.083069153978214849 -0.005055810662140287 0.029548690637772664 -0.053170210071917925 -0.095993164524819499 -0.0013162781260680904 -0.074384066498862519 0.14229062668001122 -0.067144796994062311 0.0016056655535630973 -0.012297412606490511 -0.077072647841407438 0.002312433928498149 -0.089480598295430522 0.014824574416084653 0.025292948508440067 0.019166935950562607 0.020417199036717421 -0.079674056501994772 -0.075526693369781017 0.12248549891272627 0.02429676378286064 -0.08087770112706652 0.031329297551423434 0.0097690827722531886 -0.13226407384032565 0.017991605770849427 0.057168196067753342 0.0068198833912478706 -0.085113361401331133
leaf_weight=179.46984017462819 100.12617377233255 88.952378133963066 915.92108428175561 295.94357866780774 120.71689891511051 4533.5113885274659 154.16401198243693 78.24900549936865 292.1999668144781 1820.6720778913441 572.60370436689118 281.05309539887821 300.00222927951836 87.906683123626863 1327.0653565381654 160.21371245952469 1115.4842218643753 95.110736623231787 724.83105300238822 56.539049613274983 232.49697395920521 385.31002787314355 169.75144845456816 417.62098011976923 302.33093288925011 142.58037849079119 48.90952886728337 254.07986259460449 18412.171558679242 225.31865908845793
leaf_count=75416 12893 5643 5526 18576 7441 131958 11578 246 28305 68335 18983 21454 11382 5327 33772 7691 2856 5200 11655 2036 1576 525 53675 5602 3076 2998 483 25 468286 14821
internal_value=0.00144449 0.00178616 0.00203893 0.00126829 -0.00859044 -0.00610808 0.00331053 0.0639012 0.00293416 -0.0115465 -0.0339152 -0.0441162 -0.0237217 -0.0225696 0.00445338 0.00542728 0.00321599 -0.0172925 -0.0480553 -0.0096804 0.0295713 0.0612478 -0.0146472 -0.00353943 -0.0280325 -0.0559538 -0.0938864 0.033015 0.00587537 -0.0392324
internal_weight=33891.3 33711.8 33611.7 32695.8 5610.68 5314.74 27085.1 167.201 26917.9 2555.89 781.227 735.219 454.166 660.51 24362 23180.1 21235.2 2437.53 1322.05 597.22 1944.87 617.807 1181.9 1012.15 594.531 286.601 191.49 310.619 18797.7 385.532
internal_count=1037340 961924 949031 943505 182285 163709 761220 5889 755331 112749 31751 44414 22960 24310 642582 551924 516051 25253 22397 10742 35873 2101 90658 36983 31381 8681 3481 2061 490798 22512
is_linear=0
shrinkage=0.05


Tree=64
num_leaves=31
num_cat=0
split_feature=4 4 6 1 11 0 6 8 6 1 2 3 6 17 1 11 13 17 1 1 15 1 7 3 6 1 1 9 7 2
split_gain=281.334 641.613 953.992 738.264 509.49 471.836 688.966 777.805 741.114 2540.2 2273.41 531.41 420.555 595.033 444.972 383.832 369.68 341.594 329.665 311.039 287.452 504.152 301.255 290.004 462.079 265.288 571.88 278.977 263.105 430.631
threshold=3.5000000000000004 11.500000000000002 0.18000000000000002 5.249489726493402 1.0000000180025095e-35 0.010486837777588288 0.10000000000000002 1.0000000180025095e-35 -0.73999999999999988 8.2792216628112687 -0.031656880265509314 0.0067870681773848232 0.22000000000000003 1.0000000180025095e-35 4.1663491631514509 1.0000000180025095e-35 1.0000000180025095e-35 1.0000000180025095e-35 -0.49360457205061914 -0.4789086950605525 1.0000000180025095e-35 -0.29466594094434617 -1.087847367741537 0.0032734585251301455 -0.33999999999999991 -0.51183834535310924 3.0136753299768682 1.0000000180025095e-35 -0.56783795610926846 0.83346949195813136
decision_type=2 2 2 2 2 2 2 2 2 2 2 2 2 2 2 2 2 2 2 2 2 2 2 2 2 2 2 2 2 2
left_child=12 2 4 17 -2 20 7 8 -7 16 11 -11 15 14 -14 25 -10 -4 -6 -17 23 22 -22 24 -3 -1 27 -27 29 -24
right_child=1 5 3 -5 18 6 -8 -9 9 10 -12 -13 13 -15 -16 19 -18 -19 -20 -21 21 -23 28 -25 -26 26 -28 -29 -30 -31
leaf_value=0.048845470469163793 0.010914200460466168 -0.049886793604987226 -0.010959636236449834 -0.11853458162426661 -0.0088016508356141797 0.0093990574712442664 0.042971042331774262 0.022253896003432916 -0.075237489815521252 -1.1851605020894775 -0.31977437166299288 -2.5046313877933848 0.017194463789078747 -0.079169971132486444 -0.066493750508875266 0.0061309126746575612 0.079736826121160481 -0.070399692987911253 -0.11655579901983681 -0.10868972639044537 -0.047742213350261582 -0.06281308114398676 0.049950084277364262 -0.0004448258341477881 -0.0042241745076900547 -0.035132896954151317 0.036210584947055334 0.051837312727141843 0.011189729972249226 -0.11002448412068221
leaf_weight=998.55686657559272 1754.6930584743168 807.4528788874195 666.07437212463992 327.74152753758244 145.80653192289174 240.63789673622159 1625.5668548328395 956.48515755741755 171.02714437884788 4.4865057306597 41.686929709627293 0.91946626477874804 1080.8953657716338 252.42392378021759 186.19508901966037 159.57247888948768 49.652914177757339 379.3801296678721 138.31674315215059 93.565085560498119 180.00864066467329 216.7422883350082 855.98981371035188 15696.452746016726 1765.2608780583287 553.01224346221716 1327.7087749372295 110.65844476933125 2935.6797451626189 44.241350240306929
leaf_count=4745 112659 52611 122219 2094 267 8363 7808 18233 24808 135 383 47 58545 6119 1029 190 328 12562 20594 10467 2065 64844 3121 346225 81505 53338 1717 128 19393 798
internal_value=0.00137496 -0.000474415 -0.0208413 -0.0530564 0.000856436 0.00224094 0.0205602 -0.00430868 -0.0542815 -0.111509 -0.444877 -1.40958 0.0126377 -0.00906855 0.00489674 0.022808 -0.0403683 -0.0325296 -0.0612585 -0.0363093 -0.000275083 0.0114657 0.0154746 -0.00299522 -0.0185555 0.0278131 0.0172666 -0.0206317 0.0184411 0.0420882
internal_weight=33766.9 29004.3 3412.01 1373.2 2038.82 25592.3 3090.46 1464.9 508.411 267.773 47.0929 5.40597 4762.59 1519.51 1267.09 3243.07 220.68 1045.45 284.123 253.138 22501.8 4232.66 4015.92 18269.2 2572.71 2989.94 1991.38 663.671 3835.91 900.231
internal_count=1037340 901062 270395 136875 133520 630667 60105 52297 34064 25701 565 182 136278 65693 59574 70585 25136 134781 20861 10657 570562 90221 25377 480341 134116 59928 55183 53466 23312 3919
is_linear=0
shrinkage=0.05


Tree=65
num_leaves=31
num_cat=0
split_feature=3 0 3 4 4 6 17 0 6 8 6 1 6 4 1 1 13 11 1 0 17 11 1 6 6 3 2 1 4 2
split_gain=273.016 266.535 256.747 258.065 579.801 408.533 542.367 405.468 573.765 629.087 522.715 1195.84 397.186 598.728 648.55 396.942 343.761 324.832 324.523 318.875 317.281 309.218 298.129 1007.53 584.994 401.878 351.563 288.003 267.623 317.953
threshold=1.0000000180025095e-35 1.0000000180025095e-35 0.046563824612605102 3.5000000000000004 12.500000000000002 0.22000000000000003 1.0000000180025095e-35 0.010486837777588288 0.10000000000000002 1.0000000180025095e-35 -0.73999999999999988 8.2792216628112687 0.18000000000000002 11.500000000000002 5.249489726493402 5.249489726493402 1.0000000180025095e-35 1.0000000180025095e-35 -0.49360457205061914 0.0022850615974545165 1.0000000180025095e-35 1.0000000180025095e-35 12.211797523472585 0.18000000000000002 -0.69999999999999984 0.0096941496035035969 0.0032933367372989537 -0.4789086950605525 10.500000000000002 -0.077687005361245828
decision_type=2 2 2 2 2 2 2 2 2 2 2 2 2 2 2 2 2 2 2 2 2 2 2 2 2 2 2 2 2 2
left_child=-1 -2 3 5 12 21 15 22 9 10 -9 16 17 14 20 -7 -12 28 -19 -15 -14 -3 -6 24 26 -26 -24 -23 -5 -30
right_child=1 2 -4 4 7 6 -8 8 -10 -11 11 -13 13 19 -16 -17 -18 18 -20 -21 -22 27 23 -25 25 -27 -28 -29 29 -31
leaf_value=-0.061861305882739241 -0.081321618283869052 0.027139870575218512 0.051567216871994316 0.012730705788208141 0.0011840548549737566 0.013778271850729393 -0.077585029114150481 0.0084030349114346311 0.042372023291746476 0.022325877001136502 -0.074409479619900368 -0.29060658780511317 -0.010857894934883303 -0.070455751513390549 -0.11265659677188451 -0.080124730713057854 0.077099057477368171 -0.0051265736602519648 -0.11617333607732781 0.042701366320401266 -0.069195040840165548 0.0089700023273328079 0.04210623574425354 0.048389824726963009 -0.17125332340500288 -0.62592080414458129 -0.16959049390495884 -0.10544628964336132 0.019035291389519288 -0.047587915887504266
leaf_weight=170.05186893486825 96.503100448346231 2906.7347975832236 258.12041651876643 1594.3074249996553 20872.862595053324 1104.5653715232038 242.64461816341645 221.16790527028206 1458.7543180824432 892.07363146358693 155.20746328050154 60.685605619568378 652.26836244470178 78.309389193762399 327.16083599440753 125.30752062425017 49.340770197450183 139.67044785432518 124.38297647079889 303.74078737365198 362.66379672343464 153.63393321074545 64.10558897673036 165.46626823960105 111.83408650694764 5.0809277265798292 28.255951794773864 85.668525383545784 282.82651481867651 488.20822788101214
leaf_count=75416 12893 55488 578 91037 473193 55102 5703 6754 6639 15688 20642 457 114401 8278 1975 709 278 225 17784 5332 11725 167 44 271 704 77 164 9063 11999 34554
internal_value=0.00133202 0.00165365 0.001894 0.00150614 -0.000274206 0.0124685 -0.00926768 0.00276113 0.0205146 -0.00261565 -0.0483591 -0.0956907 -0.0170664 -0.0357168 -0.0514373 0.00421082 -0.0378629 -0.00483704 -0.0574354 0.0195074 -0.0317034 0.0226422 0.000390472 -0.0438115 -0.116711 -0.191012 -0.0226577 -0.0319902 0.00103475 -0.0231496
internal_weight=33581.6 33411.6 33315 33056.9 28438.4 4618.55 1472.52 24084.8 2837.23 1378.48 486.402 265.234 4353.54 1724.14 1342.09 1229.87 204.548 2629.4 264.053 382.05 1014.93 3146.04 21247.6 374.743 209.277 116.915 92.3615 239.302 2365.34 771.035
internal_count=1037340 961924 949031 948453 822221 126232 61514 524911 50458 43819 28131 21377 297310 141711 128101 55811 20920 155599 18009 13610 126126 64718 474453 1260 989 781 208 9230 137590 46553
is_linear=0
shrinkage=0.05


Tree=66
num_leaves=31
num_cat=0
split_feature=0 7 7 15 3 2 1 3 1 17 1 2 1 1 17 1 21 4 7 4 4 8 4 6 4 12 3 5 6 7
split_gain=257.306 334.93 288.758 280.117 245.515 267.628 372.949 336.631 280.051 597.319 941.553 296.872 361.229 665.988 280.832 244.739 339.632 238.819 245.437 322.453 235.344 294.095 230.391 335.648 289.811 269.918 222.632 245.579 235.169 214.104
threshold=0.0011383072457758891 -0.58925955544124498 -0.95394770978862009 1.0000000180025095e-35 0.022892138400825299 0.067143221853459292 -0.56667573819567285 0.0016904181854816554 -0.54259082868417463 1.0000000180025095e-35 -0.50081643761055916 6.3418177176410522 -0.35644305347666355 0.92441148455572197 1.0000000180025095e-35 -0.52013879439379507 1.0000000180025095e-35 21.500000000000004 -0.47770279848868386 18.500000000000004 21.500000000000004 1.0000000180025095e-35 2.5000000000000004 0.38000000000000006 11.500000000000002 1.0000000180025095e-35 0.0019432785141668188 1.0000000180025095e-35 -0.25999999999999995 0.14084558232853339
decision_type=2 2 2 2 2 2 2 2 2 2 2 2 2 2 2 2 2 2 2 2 2 2 2 2 2 2 2 2 2 2
left_child=1 3 -2 -1 5 7 -7 -4 14 11 29 12 17 -14 -8 16 -13 18 19 -10 21 -16 -15 -24 25 -25 28 -28 -17 -11
right_child=2 -3 4 -5 -6 6 8 -9 9 10 -12 15 13 22 20 26 -18 -19 -20 -21 -22 -23 23 24 -26 -27 27 -29 -30 -31
leaf_value=-0.0058239667358059855 -0.012409578706671441 -0.027846367568232056 -0.063817538527317308 0.062800525562548046 0.031844378860671874 -0.064794413338762555 -0.051421196870229752 0.008475574235421484 0.0082405248567916888 0.011877829152707952 -0.085619163538908416 0.01274962546532539 -0.05074242082783325 0.026021104506151738 0.034647028821276397 0.077484980093170258 -0.26147154408456141 -0.0081123925507912784 0.01254871650209155 0.10786127617506845 0.071251570946302953 -0.032111299314693253 -0.020437544369107965 -0.099849959268991498 0.037076658036109447 0.049356279609382117 -0.027794575889208702 0.017793300519309257 -0.10586416158299905 -0.033352959499123057
leaf_weight=553.43050798575132 2946.9564996341105 1577.8313667139591 162.77758281154456 203.33995941773173 772.21956437279005 233.79245804855964 118.54712018304781 14976.577544434112 148.10948063646356 698.18311339057982 537.43658896991838 27.670519299161242 933.91621252962432 575.3646522044437 614.90268887874845 217.1322607250404 19.075313299166737 894.1486140952984 926.78075337159316 179.88129812493935 258.98387939555687 225.46529492623813 1790.7208400963318 83.589501944319636 542.77782946598018 47.554988664327539 337.65391494632058 2361.5275218971001 19.020913604039379 418.44182669231668
leaf_count=24493 102934 91915 40084 2454 4429 58715 16527 416295 3840 1603 13506 3759 118888 4068 890 3670 565 4421 23417 1160 204 1133 25217 1818 3123 588 12106 49257 4728 1533
internal_value=0.00127804 -0.0147306 0.00248096 0.012615 0.00404135 0.00325634 -0.00225098 0.00769828 -0.00103011 -0.0036025 -0.0312432 0.0014189 -0.00488195 -0.0138126 0.0216945 0.0143559 -0.0991503 0.0116333 0.025704 0.0628759 0.0295789 0.0167362 -0.00246749 -0.00911808 0.0209596 -0.0457455 0.0161635 0.0120905 0.0627172 -0.00507187
internal_weight=33403.8 2334.6 31069.2 756.77 28122.3 27350 12210.7 15139.4 11976.9 10759 1654.06 9104.92 6122.84 3973.92 1217.9 2982.08 46.7458 2148.92 1254.77 327.991 1099.35 840.368 3040.01 2464.64 673.922 131.144 2935.33 2699.18 236.153 1116.62
internal_count=1037340 118862 918478 26947 815544 811115 354736 456379 296021 277267 16642 260625 186540 153702 18754 74085 4324 32838 28417 5000 2227 2023 34814 30746 5529 2406 69761 61363 8398 3136
is_linear=0
shrinkage=0.05


Tree=67
num_leaves=31
num_cat=0
split_feature=3 0 3 4 4 6 17 0 6 8 6 1 1 6 4 1 13 17 0 11 1 11 2 2 1 1 1 8 6 2
split_gain=246.597 243.675 233.09 232.064 516.828 372.232 496.512 371.946 533.452 570.625 457.766 830.277 371.558 364.992 535.724 571.104 312.229 300.735 293.818 291.928 295.942 282.211 269.27 273.165 584.448 741.691 732.411 673.764 866.941 640.196
threshold=1.0000000180025095e-35 1.0000000180025095e-35 0.046563824612605102 3.5000000000000004 12.500000000000002 0.22000000000000003 1.0000000180025095e-35 0.010486837777588288 0.10000000000000002 1.0000000180025095e-35 -0.73999999999999988 8.2792216628112687 4.1663491631514509 0.18000000000000002 11.500000000000002 5.249489726493402 1.0000000180025095e-35 1.0000000180025095e-35 0.0022850615974545165 1.0000000180025095e-35 -0.49360457205061914 1.0000000180025095e-35 -0.11988766913454173 0.0081184580035741655 -0.27711253231732208 0.72683358280038124 -0.55660634099877537 1.0000000180025095e-35 0.14000000000000004 0.26293081439877458
decision_type=2 2 2 2 2 2 2 2 2 2 2 2 2 2 2 2 2 2 2 2 2 2 2 2 2 2 2 2 2 2
left_child=-1 -2 3 5 13 21 12 22 9 10 -9 16 -7 19 15 17 -12 -15 -16 -5 -21 -3 -6 -24 26 -26 -25 -28 29 -29
right_child=1 2 -4 4 7 6 -8 8 -10 -11 11 -13 -14 14 18 -17 -18 -19 -20 20 -22 -23 23 24 25 -27 27 28 -30 -31
leaf_value=-0.060925269119417008 -0.079501860829570198 0.026105215089310987 0.050278512061228256 0.0010746993559808151 -0.03429492830928272 0.01536475388563611 -0.075806123489604887 0.0078759552503281337 0.041563283889798776 0.021729549216309377 -0.073299242551574814 -0.23713866508055756 -0.062521042190101087 -0.010372503720874586 -0.070109391144703326 -0.10684018280682238 0.071578662842843976 -0.068072741337705897 0.040722513029101202 -0.0046272220815739033 -0.11069946346124913 -0.0306328686152606 0.006527095294861663 -0.068138610522070972 -0.077855718488802544 -0.011954960892648856 0.021289550606466194 -0.0017589511694980266 0.0246354921883437 -0.068231205678091128
leaf_weight=158.87619137756701 92.549393707049603 2840.0536104818166 245.53133350610733 2347.1732148865558 547.49238055029127 1033.4214858670603 233.41949066922098 219.53922091348068 1395.5898797816626 877.02009307914705 149.19150040318345 70.276272058021277 179.76258064061403 647.51314345162973 74.769118946602248 325.04665416292846 49.536210533929989 346.75705333358928 298.65295727369084 140.20020254142582 123.84210978087867 237.48814557204605 11178.316608327383 336.0344167640651 510.11263967335253 2619.0768813316827 3628.3297203437323 682.17015440839168 936.01293615710892 772.29304536856216
leaf_count=75416 12893 55488 578 137590 16812 54836 5703 6754 6639 15688 20642 457 975 114401 8278 1975 278 11725 5332 225 17784 9230 229529 40704 89958 37268 28552 8510 6253 16867
internal_value=0.00121823 0.00151618 0.00174309 0.00137976 -0.000302573 0.011894 -0.0090248 0.00256182 0.0198238 -0.00239372 -0.0456992 -0.0894229 0.00382409 -0.0162559 -0.0343403 -0.0493051 -0.037186 -0.0304958 0.018531 -0.00453256 -0.0543776 0.0217268 0.000314614 0.00123167 -0.00500977 -0.0226979 0.00370007 0.00771087 -0.0128992 -0.0370545
internal_weight=33296 33137.2 33044.6 32799.1 28274.9 4524.15 1446.6 23971 2761.15 1365.56 488.543 269.004 1213.18 4303.95 1692.74 1319.32 198.728 994.27 373.422 2611.22 264.042 3077.54 21209.8 20662.3 9484.03 3129.19 6354.84 6018.81 2390.48 1454.46
internal_count=1037340 961924 949031 948453 822221 126232 61514 524911 50458 43819 28131 21377 55811 297310 141711 128101 20920 126126 13610 155599 18009 64718 474453 457641 228112 127226 100886 60182 31630 25377
is_linear=0
shrinkage=0.05


Tree=68
num_leaves=31
num_cat=0
split_feature=1 20 4 16 19 17 0 1 1 1 6 6 1 1 1 2 3 1 2 1 1 9 1 4 1 17 17 3 18 0
split_gain=236.753 830.088 627.485 564.555 517.855 330.259 321.003 589.222 611.565 368.102 331.958 345.495 504.506 958.569 630.603 456.579 459.373 420.431 371.189 369.404 1181.22 491.099 427.439 429.298 773.249 415.536 399.097 368.562 350.808 399.874
threshold=6.2210504830589217 1.0000000180025095e-35 21.500000000000004 1.0000000180025095e-35 1.0000000180025095e-35 1.0000000180025095e-35 0.0050582323563124294 3.0136753299768682 -0.3035106817254048 -0.56667573819567285 -0.77999999999999992 0.18000000000000002 0.10198666485236084 -0.0070077561573003684 -0.3741325350387808 0.12027061526678581 0.011488035181306491 -0.33058919580895363 0.0032933367372989537 -0.27711253231732208 0.6502245203429039 1.0000000180025095e-35 -0.39916995509593139 10.500000000000002 -0.49360457205061914 1.0000000180025095e-35 1.0000000180025095e-35 0.015123089512823538 1.0000000180025095e-35 0.0037681680739542712
decision_type=2 2 2 2 2 2 2 2 2 2 2 2 2 2 2 2 2 2 2 2 2 2 2 2 2 2 2 2 2 2
left_child=1 3 -2 4 6 -4 10 8 9 -8 -1 19 13 14 28 16 -16 -17 -15 21 -21 22 23 24 -12 -24 -22 -25 -13 -30
right_child=2 -3 5 -5 -6 -7 7 -9 -10 -11 11 12 -14 18 15 17 -18 -19 -20 20 26 -23 25 27 -26 -27 -28 -29 29 -31
leaf_value=-0.021358453992285118 -0.0012082662058412394 -0.071388593589339647 0.036793235295127444 -0.068785946114640326 -0.067644931396472693 -0.18433885048971355 -0.094712251695482599 0.048612825964706813 -0.031189761579153569 0.027666735895299478 0.039632125809076699 0.0038492528911580012 -0.036345945284369865 0.048480678806236133 -0.070772536276120498 0.024978579164074321 0.028563936001220088 -0.081744422065149369 -0.10927122044866716 -0.055843218317472 0.013935912438986453 -0.086770516199895828 0.024911146362434505 -0.017324428430708513 -0.071903042573208648 -0.079951137322667676 -0.077615081641328965 0.05059468251459779 -0.077464992682337697 0.022221660156569883
leaf_weight=1727.7457822346878 3686.1570832206198 409.40366129842369 1796.6649481028871 292.17725938577132 271.23726073528815 17.044817465008236 64.296329954351677 992.27962027805552 849.00549013224372 1386.1413294125305 1116.7595698692239 4705.4643943526244 1195.8758715318745 1021.1525557588029 845.35072851038058 405.43299413383284 134.96349407327943 119.4768632885025 38.70273484900099 916.06731112561465 2609.3914914709294 123.76658811781454 5023.6752881115463 2272.9687971365711 180.51239079056541 96.284256790146173 124.7301501514994 218.98409647028893 288.43179423950278 154.47496623085317
leaf_count=62992 9194 89884 3022 48583 74557 110 3313 1744 146559 4660 2036 69109 94454 10735 38309 1923 1793 12919 5698 196814 39698 14825 19615 65237 826 1839 4955 1344 9318 1275
internal_value=0.00116584 -0.000722786 0.0106383 0.000341813 0.00109312 0.0347151 0.00179372 0.0164101 0.00251369 0.0222418 -0.000269431 0.00141803 -0.00612822 -0.00144333 -0.00847814 -0.036946 -0.0570965 0.000686924 0.0427201 0.00671892 -0.00670454 0.0121433 0.0135174 0.000786892 0.0241123 0.0229391 0.00975937 -0.0113559 -0.00015503 -0.0426967
internal_weight=33084.6 27584.8 5499.87 27175.3 26883.2 1813.71 26611.9 3291.72 2299.44 1450.44 23320.2 21592.5 8909.33 7713.45 6653.6 1505.22 980.314 524.91 1059.86 12683.1 3650.19 9032.95 8909.18 3789.22 1297.27 5119.96 2734.12 2491.95 5148.37 442.907
internal_count=1037340 1025014 12326 935130 886547 3132 811990 156276 154532 7973 655714 592722 245533 151079 134646 54944 40102 14842 16433 347189 241467 105722 90897 69443 2862 21454 44653 66581 79702 10593
is_linear=0
shrinkage=0.05


Tree=69
num_leaves=31
num_cat=0
split_feature=3 0 3 4 4 6 4 1 6 17 1 0 6 8 6 1 17 13 0 1 6 6 2 1 1 9 11 1 4 2
split_gain=229.176 225.451 215.815 210.941 464.273 334.461 493.643 507.781 333.769 466.085 346.548 332.042 498.661 505.489 405.547 622.938 290.378 281.835 269.036 267.596 864.056 445.823 284.216 264.347 783.297 358.793 254.424 258.258 242.017 279.436
threshold=1.0000000180025095e-35 1.0000000180025095e-35 0.046563824612605102 3.5000000000000004 12.500000000000002 0.18000000000000002 11.500000000000002 5.249489726493402 0.22000000000000003 1.0000000180025095e-35 5.249489726493402 0.010486837777588288 0.10000000000000002 1.0000000180025095e-35 -0.73999999999999988 8.2792216628112687 1.0000000180025095e-35 1.0000000180025095e-35 0.0022850615974545165 12.211797523472585 0.18000000000000002 -0.69999999999999984 0.0032933367372989537 -0.50081643761055916 2.6725404816981908 1.0000000180025095e-35 1.0000000180025095e-35 -0.49360457205061914 10.500000000000002 -0.077687005361245828
decision_type=2 2 2 2 2 2 2 2 2 2 2 2 2 2 2 2 2 2 2 2 2 2 2 2 2 2 2 2 2 2
left_child=-1 -2 3 8 5 26 7 16 23 10 -10 19 13 14 -13 17 -7 -16 -8 -6 21 22 -21 -3 25 -25 28 -28 -5 -30
right_child=1 2 -4 4 11 6 18 -9 9 -11 -12 12 -14 -15 15 -17 -18 -19 -20 20 -22 -23 -24 24 -26 -27 27 -29 29 -31
leaf_value=-0.060387493802154205 -0.078105812986810103 0.040809963791528472 0.04926543639455451 0.012185620744997279 0.0010507216894565699 -0.0095547472424933576 -0.069456455510361573 -0.10206916378129788 0.012959727612523203 -0.074426831012308181 -0.077409836499643392 0.0076176915870021875 0.040780849877204206 0.020732649872832593 -0.07202770220176076 -0.20410884668543564 -0.067193901254025259 0.066781284105589034 0.039391722271018073 0.041375740201466421 0.048132341664561012 -0.16697779202315013 -0.14494375465974685 -0.051600691917389085 0.032264493454418029 0.051519481243994227 -0.0042925635880455117 -0.10336809503410192 0.017600356114262888 -0.045407886125324835
leaf_weight=150.75185951632375 88.913944742638705 1069.5223459518747 235.95706578996032 1562.2611340200965 20627.656478932779 629.76564702401811 70.416547686938429 322.02126015722752 1063.3099626402254 226.01721907754109 117.84346003830433 215.3963659541696 1323.9694289834442 844.53391986364295 140.08892397522868 77.422262998763472 334.60586790484376 49.485182103002444 292.89541034329886 60.268037601577817 156.00300953170517 126.15884855997865 30.993728950394143 538.78372788178967 1287.8493040480971 100.00977236381732 139.95071877725422 124.10051754126835 278.16078120230668 478.95514734467724
leaf_count=75416 12893 4632 578 91037 473193 114401 8278 1975 55102 5703 709 6754 6639 15688 20642 457 11725 278 5332 44 271 781 164 58085 1875 126 225 17784 11999 34554
internal_value=0.00111917 0.00140348 0.00162084 0.00127266 -0.000333286 -0.0155834 -0.033171 -0.0477064 0.0114427 -0.00864414 0.00394357 0.00239612 0.0190708 -0.00259089 -0.0434238 -0.084601 -0.0295537 -0.0357939 0.0182949 0.000291332 -0.0416568 -0.106082 -0.0219009 0.0208766 0.00981118 -0.0354562 -0.00435246 -0.0508567 0.000941852 -0.022259
internal_weight=32764.1 32613.3 32524.4 32288.4 27885.1 4233.13 1649.7 1286.39 4403.34 1407.17 1181.15 23652 2650.9 1326.93 482.393 266.996 964.372 189.574 363.312 21001.1 373.424 217.421 91.2618 2996.17 1926.64 638.794 2583.43 264.051 2319.38 757.116
internal_count=1037340 961924 949031 948453 822221 297310 141711 128101 126232 61514 55811 524911 50458 43819 28131 21377 126126 20920 13610 474453 1260 989 208 64718 60086 58211 155599 18009 137590 46553
is_linear=0
shrinkage=0.05


Tree=70
num_leaves=31
num_cat=0
split_feature=3 1 1 3 3 1 1 17 10 6 2 5 4 6 1 6 5 1 4 1 20 7 1 16 7 1 0 4 1 6
split_gain=221.829 217.322 245.977 196.824 185.901 318.523 185.764 354.496 350.358 339.269 322.6 314.389 489.906 647.044 316.27 315.023 321.072 310.709 379.757 298.799 280.836 275.727 282.798 265.31 265.978 260.386 240.926 236.834 599.196 358.251
threshold=0.0078778945735231386 -0.6183834535310927 -0.60763369165872905 1.0000000180025095e-35 0.00062291017164413961 2.6725404816981908 -0.36555994012790854 1.0000000180025095e-35 1.0000000180025095e-35 0.14000000000000004 34.610824610671436 3.5000000000000004 18.500000000000004 -0.77999999999999992 -0.56055245611647841 -0.97999999999999987 1.0000000180025095e-35 6.2210504830589217 21.500000000000004 0.058715471492720078 1.0000000180025095e-35 -0.96853348726304167 -0.54653694380187778 1.0000000180025095e-35 0.82869398875346256 -0.52217988842019325 0.0005286193451769772 12.500000000000002 -0.52422098244659132 0.14000000000000004
decision_type=2 2 2 2 2 2 2 2 2 2 2 2 2 2 2 2 2 2 2 2 2 2 2 2 2 2 2 2 2 2
left_child=3 -2 -3 -1 5 -5 8 17 10 -9 11 12 13 -6 -15 -14 26 20 -19 -11 23 -13 -23 24 -8 -24 -17 28 29 -16
right_child=1 2 -4 4 6 -7 7 9 -10 19 -12 21 15 14 27 16 -18 18 -20 -21 -22 22 25 -25 -26 -27 -28 -29 -30 -31
leaf_value=-0.059866045348864964 -0.071915402256631386 0.053970853641193375 0.0065187548779480631 -0.014587674668262274 -0.075000558641942813 0.12052408636994148 -0.0038265093301342633 -0.068746813060719378 0.049911046883918585 0.046347803685786018 -0.059604892314178752 -0.060141182310578516 0.068557875831985901 -0.055913830665951264 0.054673268046289053 0.060994099147791893 0.0013504155834117644 -0.0025670454698470862 0.03276859452028151 -0.065269376005299182 -0.065637739975307141 0.016095684886712206 -0.051762268290214332 -0.069319542969214568 -0.041395325434273621 -0.0071234129769139178 -0.049494347981487455 0.046601206192040778 -0.042249814906286438 -0.03912434524323477
leaf_weight=144.61701350369185 86.160070767844445 280.85582501340104 9890.9448781446408 91.234503531079099 153.59471910052525 83.583844111926737 7143.4216402088969 419.46592159362626 388.5949192084372 159.32688118408259 211.39983708307227 239.71878412976366 136.68222972526564 101.8848728885132 643.51677802774066 53.936129434327086 1792.4040680853759 2409.3819254386999 1110.9627229268517 96.139331764235976 214.75636471196049 1114.1362185661619 390.25662140560962 170.76190231423243 504.3842142325193 2005.5383307382508 578.88097194500006 1520.3467663638512 313.49342203274864 120.92917066841619
leaf_count=75416 8190 5283 206985 7091 7701 315 389044 16650 267 1270 12515 11595 1081 38811 2037 525 23820 5641 1810 2962 18327 55033 13861 14200 38931 27974 12927 21721 8702 6655
internal_value=0.00107343 0.00715917 0.00782897 -0.00172433 -0.00134504 0.0500117 -0.00175325 -0.00585959 0.0033889 -0.0410818 0.0014609 0.0028694 0.0105749 0.0248235 0.0305018 -0.00529701 -0.00945937 -0.003802 0.0085843 0.00434303 -0.0092299 -0.00825971 -0.00471635 -0.00768052 -0.00630423 -0.0143947 -0.0400772 0.0338904 0.0159627 0.0398352
internal_weight=32571.3 10258 10171.8 22313.4 22168.7 174.818 21993.9 12228.6 9765.31 674.932 9376.72 9165.32 5415.67 2853.77 2700.17 2561.9 2425.22 11553.7 3520.34 255.466 8033.32 3749.65 3509.93 7818.57 7647.81 2395.79 632.817 2598.29 1077.94 764.446
internal_count=1037340 220458 212268 816882 741466 7406 734060 488835 245225 20882 244958 232443 123980 85627 77926 38353 37272 467953 7451 4232 460502 108463 96868 442175 427975 41835 13452 39115 17394 8692
is_linear=0
shrinkage=0.05


Tree=71
num_leaves=31
num_cat=0
split_feature=0 7 7 15 5 3 0 7 7 7 1 1 5 2 0 0 4 3 4 6 4 1 6 7 4 3 6 1 4 1
split_gain=216.238 294.834 248.522 232.249 198.737 196.035 194.964 189.04 177.254 203.641 165.549 163.973 188.703 327.003 206.769 159.096 158.395 183.964 180.871 277.05 285.791 195.748 160.528 156.669 223.6 156.113 152.878 164.69 148.584 148.359
threshold=0.0011383072457758891 -0.58925955544124498 -0.95394770978862009 1.0000000180025095e-35 2.5000000000000004 0.0078778945735231386 0.0036601609896692558 -1.0171049987105281 -0.3403422161716525 -0.30554422614135024 -0.6183834535310927 -0.61647843243978773 1.0000000180025095e-35 2.6587184069440899 0.0011557400643420967 0.0011792489727635903 16.500000000000004 0.011749847885998867 3.5000000000000004 -0.33999999999999991 11.500000000000002 2.6725404816981908 0.10000000000000002 -0.89552752685406722 16.500000000000004 0.0055379219523830261 -1.0000000180025095e-35 -0.32174445502789495 8.5000000000000018 -0.33929786365491904
decision_type=2 2 2 2 2 2 2 2 2 2 2 2 2 2 2 2 2 2 2 2 2 2 2 2 2 2 2 2 2 2
left_child=1 3 6 4 -1 23 7 15 -3 25 -7 -12 13 14 -13 -2 18 -18 -14 21 22 -20 -21 24 -4 -10 -19 -28 -17 -25
right_child=2 8 5 -5 -6 10 -8 -9 9 -11 11 12 16 -15 -16 28 17 26 19 20 -22 -23 -24 29 -26 -27 27 -29 -30 -31
leaf_value=-0.058869242080979357 0.041586749500102008 -0.082123039492753458 -0.040038709077716866 0.057800440683892389 0.011961758206919172 -0.068578679746944593 0.00074268694663285316 -0.089255709843181874 0.068915602414523811 -0.026301730806373214 0.10312803267270934 0.10671648374094792 0.020776811466159659 -0.078887360277048263 -0.0029952850843357245 0.013579843230683451 0.012631037242541993 0.047951879169227205 -0.078080210904913336 0.019838362289917009 0.019758810136428707 -0.0052591643277931322 -0.041581134572290061 0.0043061118249695515 0.044481729153773325 -0.13357580623768942 -0.029570605658208089 0.035961299214179669 -0.033166078509188728 -0.0047287305436120169
leaf_weight=130.05717592529618 96.952669162772509 129.77628003189238 96.854299775413892 202.2511127691032 415.12322839332228 66.702636484173127 1486.8205396829726 106.71722776920797 89.965642969789769 1321.1173721489595 47.510731519345427 44.681812435621396 1096.4930215996428 143.07309980603168 1105.2404677152517 205.77967825148517 2879.9513310281764 831.48114638475818 194.58338683376496 145.64002253790386 1045.4754722449143 175.53152760615922 394.69087387841864 9520.0979108222909 407.3937866547476 10.644630355091065 157.05425125895999 246.1164901801385 977.39734540016798 8692.3990863922063
leaf_count=10353 1789 12033 7612 2454 14140 6713 55450 6743 1066 77968 762 126 21064 5472 27136 4696 32295 5592 16517 6872 19440 548 27137 221803 3827 848 1185 2449 34256 408994
internal_value=0.00102412 -0.0137575 0.00215068 0.0120405 -0.00493555 0.00362337 -0.0118354 -0.0253201 -0.0261856 -0.0210796 0.0098844 0.0104996 0.00997939 -0.00760164 0.00126772 -0.0199902 0.0131512 0.0195534 0.0045211 -0.00459187 0.00449924 -0.0435439 -0.0250262 0.000755166 0.0282473 0.0474919 0.0357004 0.0104335 -0.025036 -6.00724e-06
internal_weight=32463.6 2298.94 30164.6 747.432 545.18 27291 2873.67 1386.85 1551.5 1421.73 8574.23 8507.52 8460.01 1293 1149.92 1280.13 7167.02 4114.6 3052.41 1955.92 1585.81 370.115 540.331 18716.7 504.248 100.61 1234.65 403.171 1183.18 18212.5
internal_count=1037340 118862 918478 26947 24493 815544 102934 47484 91915 79882 173308 166595 165833 32734 27262 40741 133099 41521 91578 70514 53449 17065 34009 642236 11439 1914 9226 3634 38952 630797
is_linear=0
shrinkage=0.05


Tree=72
num_leaves=31
num_cat=0
split_feature=1 19 20 4 16 1 0 6 6 17 1 2 1 1 17 14 1 1 1 4 2 1 15 2 13 2 7 1 6 7
split_gain=212.309 595.325 490.789 372.171 303.664 285.48 277.463 435.844 511.297 465.26 761.206 336.421 311.41 820.338 563.262 309.93 271.253 289.763 574.756 877.314 698.202 651.044 542.569 473.768 419.966 414.392 339.41 313.681 258.79 258.474
threshold=8.2792216628112687 1.0000000180025095e-35 1.0000000180025095e-35 21.500000000000004 1.0000000180025095e-35 6.2210504830589217 0.0035933620450797738 -0.77999999999999992 0.18000000000000002 1.0000000180025095e-35 -0.53034426452578576 3.84066887924432 3.0136753299768682 0.065655191182473815 1.0000000180025095e-35 1.0000000180025095e-35 -0.6183834535310927 -0.45591236902979998 -0.066879847598312725 21.500000000000004 0.15011488383967325 0.10198666485236084 1.0000000180025095e-35 -0.038856267551697722 1.0000000180025095e-35 0.12027061526678581 0.29388923555526397 -0.60763369165872905 0.34000000000000002 0.68878477410780092
decision_type=2 2 2 2 2 2 2 2 2 2 2 2 2 2 2 2 2 2 2 2 2 2 2 2 2 2 2 2 2 2
left_child=1 2 4 -2 6 -4 7 -1 9 -9 -11 15 13 -8 -14 16 -10 22 19 24 -21 -20 23 -18 25 -19 -22 -25 -17 -26
right_child=3 -3 5 -5 -6 -7 12 8 11 10 -12 -13 14 -15 -16 28 17 18 21 20 26 -23 -24 27 29 -27 -28 -29 -30 -31
leaf_value=-0.031352986310284423 0.0017079193397317915 -0.068270721837780587 -0.07052809989602514 0.033826208951021119 -0.036300431222858684 -0.0035239455523508297 0.011825108450543215 0.011001422780951495 -0.083078879139518225 0.014733073057523791 -0.070623292395641565 -0.049974831168131589 0.042054931297793252 -0.037718096037195337 -0.066281495049451966 0.0070435062976849086 -0.053292522192238727 -0.047710190191002151 0.042227954303467846 -0.10193590270829092 0.018805091548600134 -0.022734057222423401 0.0422110660396035 0.079831050719029614 0.017763776686944465 0.031770075003359814 -0.20859207572298286 -0.0016575950459491184 -0.075972228992265148 0.11449014058269398
leaf_weight=1150.3040731338479 3013.3467686204422 321.36336373754239 381.69510996680765 1287.2257969688144 529.12095286080148 272.43102149580955 6280.3262374768128 9239.2901819328708 106.68677798045246 574.56848191028985 478.91056423014015 497.44368235657748 1217.881178857926 963.75275630665419 133.08899490917975 140.43294611774763 409.28187310451176 520.69917309817902 805.04368978219281 542.61082304931188 215.56267503924028 740.39504618067804 871.84632940153097 143.13302625072902 264.88946200855935 239.39392334978402 17.761563037136511 675.13108269354052 283.19015014177603 93.426260880929476
leaf_count=49586 5434 75255 89884 2541 49091 856 90217 267209 4680 7017 13163 23087 3181 185006 1322 5160 16662 21157 13216 4688 459 51289 4722 1331 4934 5134 258 12614 27338 849
internal_value=0.000975281 -0.000607601 0.000174903 0.0113214 0.00120662 -0.0426222 0.00195256 -0.00157487 0.000456836 0.00741183 -0.0240698 -0.0104442 0.00934389 0.00523388 0.0313823 -0.00720431 -0.00410939 -0.0025884 -0.0115225 -0.029983 -0.0708342 0.0111057 0.0120498 -0.00937179 -0.00164097 -0.0226776 0.00149472 0.0125966 -0.0484521 0.0429839
internal_weight=32410.2 28109.7 27788.3 4300.57 27134.2 654.126 26605.1 18010 16859.7 10292.8 1053.48 6566.93 8595.05 7244.08 1350.97 6069.48 5645.86 5539.17 3439.78 1894.34 775.935 1545.44 2099.39 1227.55 1118.41 760.093 233.324 818.264 423.623 358.316
internal_count=1037340 1029365 954110 7975 863370 90740 814279 534553 484967 287389 20180 197578 279726 275223 4503 174491 141993 137313 101984 37479 5405 64505 35329 30607 32074 26291 717 13945 32498 5783
is_linear=0
shrinkage=0.05


Tree=73
num_leaves=31
num_cat=0
split_feature=0 3 3 4 4 6 4 1 17 0 6 8 1 6 4 1 6 2 6 12 1 17 1 6 6 2 0 11 1 2
split_gain=202.278 198.496 195.519 198.075 379.766 299.015 433.088 455.039 309.822 296.426 466.503 459.708 603.791 726.994 405.528 322.121 599.688 1213.78 294.684 435.587 482.129 535.901 252.83 763.209 357.137 244.53 242.583 229.271 239.63 220.372
threshold=1.0000000180025095e-35 1.0000000180025095e-35 0.046563824612605102 3.5000000000000004 12.500000000000002 0.18000000000000002 11.500000000000002 4.1663491631514509 1.0000000180025095e-35 0.010486837777588288 0.18000000000000002 1.0000000180025095e-35 0.94849639406722019 -0.77999999999999992 17.500000000000004 8.2792216628112687 0.10000000000000002 1.612407454684708 0.22000000000000003 1.0000000180025095e-35 -0.3035106817254048 1.0000000180025095e-35 12.211797523472585 0.18000000000000002 -0.69999999999999984 0.0032933367372989537 0.0022850615974545165 1.0000000180025095e-35 -0.47142468363042594 -0.11988766913454173
decision_type=2 2 2 2 2 2 2 2 2 2 2 2 2 2 2 2 2 2 2 2 2 2 2 2 2 2 2 2 2 2
left_child=-1 -2 3 18 5 -5 7 8 -7 22 11 12 14 -14 -11 -15 -17 -18 27 20 21 -20 29 24 25 -24 -8 -3 -29 -6
right_child=1 2 -4 4 9 6 26 -9 -10 10 -12 -13 13 15 -16 16 17 -19 19 -21 -22 -23 23 -25 -26 -27 -28 28 -30 -31
leaf_value=-0.075577295876336617 -0.059404269810069549 0.02446999144826761 0.048017515474989482 -0.0037856766479131623 -0.030826104663167955 -0.0038802071641699646 -0.068815994979550751 -0.091994400360176809 -0.066170778446019526 0.066888481836780547 0.043073835399348448 0.022029894033013805 0.0087007546192696614 -0.08202848846324122 -0.077784558193872866 -0.18366996071362982 -2.1279831842138921 -0.249408212451737 0.030116105439669721 0.041305433735537342 -0.06805743593673802 -0.073858926086744714 0.040625137090161197 0.047784904384800424 -0.15195690665774694 -0.13147590573222043 0.037299054231797739 0.0072729281730916561 -0.099541561392278807 0.001614921304788952
leaf_weight=86.154807464703481 134.81450896228489 2637.5351265956087 223.29353453870863 2540.3405308081728 537.60434036502193 569.78401706536533 66.270583848616297 367.27187300054356 307.27409757492933 167.80235835441999 1077.6360800750699 887.58779292802501 135.22983063402353 101.37717267195694 68.093890174743137 84.687991443090141 1.2153663856443007 2.939470274373889 467.87319759337697 336.70694309897954 389.41023778288218 168.57923303244752 56.434003594389651 145.44661561373505 131.85290908850584 32.541252793955209 287.53404416859848 167.65717892814428 76.450265506951837 19935.828831751161
leaf_count=13878 74431 55488 578 155599 16779 113887 8278 2641 11573 12049 2694 16359 1100 3337 14365 471 53 30 19679 11296 26429 4110 44 271 781 164 5332 188 9042 456414
internal_value=0.000933439 0.00113874 0.00139403 0.00106612 -0.000485245 -0.0144457 -0.0313904 -0.0452697 -0.0257035 0.00198733 0.0181612 -0.000367446 -0.0357816 -0.0799302 0.0251271 -0.142939 -0.212443 -0.798926 0.0111198 -0.00803996 -0.024236 0.0025759 2.64393e-05 -0.0411482 -0.0997233 -0.022318 0.0174228 0.0201794 -0.0261795 0.000763064
internal_weight=32193.2 32107.1 31972.3 31749 27504.8 4138.48 1598.13 1244.33 877.058 23366.3 2526.57 1448.93 561.346 325.45 235.896 190.22 88.8428 4.15484 4244.21 1362.57 1025.86 636.452 20839.7 366.275 220.828 88.9753 353.805 2881.64 244.107 20473.4
internal_count=1037340 1023462 949031 948453 822221 297310 141711 128101 125460 524911 50458 47764 31405 4991 26414 3891 554 83 126232 61514 50218 23789 474453 1260 989 208 13610 64718 9230 473193
is_linear=0
shrinkage=0.05


Tree=74
num_leaves=31
num_cat=0
split_feature=1 20 4 16 19 17 4 6 0 1 1 1 1 1 14 6 17 6 4 4 8 6 1 2 6 6 0 5 1 4
split_gain=204.053 701.587 498.688 489.879 433.748 261.592 249.406 543.224 248.556 552.387 497.163 336.608 269.102 542.084 792.401 333.198 295.039 247.765 1740.86 668.124 1148.15 560.149 375.217 320.48 246.455 277.629 269.063 425.953 278.544 277.144
threshold=6.2210504830589217 1.0000000180025095e-35 21.500000000000004 1.0000000180025095e-35 1.0000000180025095e-35 1.0000000180025095e-35 3.5000000000000004 0.18000000000000002 0.0050582323563124294 3.0136753299768682 -0.3035106817254048 -0.56667573819567285 3.0136753299768682 4.1663491631514509 1.0000000180025095e-35 0.22000000000000003 1.0000000180025095e-35 0.18000000000000002 11.500000000000002 11.500000000000002 1.0000000180025095e-35 -0.77999999999999992 8.2792216628112687 -0.014092417666581565 -0.77999999999999992 -0.61999999999999988 0.0031274452269170585 3.5000000000000004 -0.33929786365491904 22.500000000000004
decision_type=2 2 2 2 2 2 2 2 2 2 2 2 2 2 2 2 2 2 2 2 2 2 2 2 2 2 2 2 2 2
left_child=1 3 6 4 8 -4 7 -2 12 10 11 -10 24 14 -14 -16 -15 19 -19 -8 21 -21 -23 -22 26 -26 27 -1 29 -28
right_child=2 -3 5 -5 -6 -7 17 -9 9 -11 -12 -13 13 16 15 -17 -18 18 -20 20 23 22 -24 -25 25 -27 28 -29 -30 -31
leaf_value=-0.012213327031891099 0.041774696787941712 -0.06983819617397205 0.035141239067204066 -0.067766868532930263 -0.066403683094294105 -0.15416517243641586 0.028567197677413444 -0.069644926155074435 -0.094025281634785143 0.04819908579735277 -0.029386095918344325 0.02497778567394358 -0.10169624120463049 0.019226215759767722 0.028960213994842849 -0.15685844735967316 -0.07588422620534184 -0.09529434943459128 0.049068642056516641 -0.0071143705826779121 0.047326287014196521 -0.053845441262135502 -0.16518422113054049 -0.023571808269735661 0.020475013847238405 0.00054999060141218664 -0.009035379542015904 -0.088466326134622852 -0.086516933064395785 0.057627399098806889
leaf_weight=543.40894960717196 682.88499455721649 363.62606737498209 1601.4695344810389 263.33052241742917 238.11442406061542 18.459120899096888 508.17026423454809 130.26186306288582 62.212654929899145 880.01230776719603 824.50103415099875 1324.8076086581132 379.28762946960251 653.42748741772903 242.43480359229579 26.790791556923068 93.164171772834379 283.12209376534156 795.82662763019107 121.70441913621471 240.28719381088194 108.76473566979257 248.69739717337507 473.46949752871296 1937.3020395401691 17916.477063870341 471.40377680871825 276.24250842753827 78.08914605127211 232.96045560581842
leaf_count=21533 636 89884 3022 48583 74557 110 429 782 3313 1744 146559 4660 2933 2548 222 139 993 1622 554 235 1345 786 1569 1236 45796 540647 4775 22444 13298 386
internal_value=0.000901082 -0.000859053 0.00995229 8.94658e-05 0.00077198 0.0329841 -0.00043121 0.0239259 0.00138855 0.0146944 0.00136211 0.0196401 -0.000411603 -0.0216903 -0.0551315 0.0104693 0.00735777 -0.00755552 0.011187 -0.0194433 -0.0398952 -0.0997633 -0.131307 0.000296135 0.000971983 0.00249424 -0.0178924 -0.0379124 0.00307949 0.0130126
internal_weight=32020.7 26807.6 5213.12 26444 26180.6 1619.93 3593.19 813.147 25942.5 3091.53 2211.52 1387.02 22851 1395.1 648.513 269.226 746.592 2780.04 1078.95 1701.09 1192.92 479.167 357.462 713.757 21455.9 19853.8 1602.1 819.651 782.453 704.364
internal_count=1037340 1025014 12326 935130 886547 3132 9194 1418 811990 156276 154532 7973 655714 6835 3294 361 3541 7776 2176 5600 5171 2590 2355 2581 648879 586443 62436 43977 18459 5161
is_linear=0
shrinkage=0.05


Tree=75
num_leaves=31
num_cat=0
split_feature=1 20 4 16 19 17 0 6 6 17 1 2 1 1 1 1 4 2 15 2 13 2 7 1 1 1 1 12 4 3
split_gain=189.753 662.044 466.242 462.281 409.543 234.7 233.327 341.939 454.744 386.238 669.701 285.625 324.892 484.199 413.004 471.284 732.376 636.27 599.518 505.599 417.502 366.096 309.964 304.45 287.13 274.151 716.901 535.916 251.613 243.874
threshold=6.2210504830589217 1.0000000180025095e-35 21.500000000000004 1.0000000180025095e-35 1.0000000180025095e-35 1.0000000180025095e-35 0.0035933620450797738 -0.77999999999999992 0.18000000000000002 1.0000000180025095e-35 -0.52830317049938769 3.84066887924432 1.2414614233229011 2.6725404816981908 -0.066879847598312725 -0.45591236902979998 21.500000000000004 -0.020372734235384219 1.0000000180025095e-35 -0.038856267551697722 1.0000000180025095e-35 0.12027061526678581 0.50473049726156038 0.10198666485236084 -0.61470948428357597 3.0136753299768682 0.065655191182473815 1.0000000180025095e-35 14.500000000000002 0.0029990056612352787
decision_type=2 2 2 2 2 2 2 2 2 2 2 2 2 2 2 2 2 2 2 2 2 2 2 2 2 2 2 2 2 2
left_child=1 3 -2 4 6 -4 7 -1 9 29 -11 12 14 -14 15 18 20 -18 19 -10 21 -17 -19 -16 -20 26 -8 -27 -15 -9
right_child=2 -3 5 -5 -6 -7 25 8 11 10 -12 -13 13 28 23 16 17 22 24 -21 -22 -23 -24 -25 -26 27 -28 -29 -30 -31
leaf_value=-0.028493920608615032 -0.0003767306836975211 -0.069267953548841452 0.034524167769771887 -0.067272840972286904 -0.066005997222356824 -0.14244104540770597 0.010891580802403822 -0.012718833422388907 -0.055244922060223772 0.012054281888441327 -0.070025709778036113 -0.047229472328302005 -0.15758681871406816 -0.099225800024381236 0.03982571173999172 -0.046978753608310421 -0.1091105297168825 -0.0052764723234514331 -0.11678353231019967 0.0069454198127919774 0.040097067009119462 0.0258405739527535 -0.17507950071963962 -0.01359613325473516 0.041563098358009226 -0.029102362892588485 -0.035857978253918441 0.051805469446781882 -0.0032544566091697474 0.012809277317364712
leaf_weight=1132.9698307000799 3528.1920058033429 348.66742824476387 1549.9080879608009 252.28091507757927 227.83176849519077 18.965294776244264 6196.6322841408419 1059.6976089397012 521.8885144769738 587.53690400073538 430.67416936448353 489.145313017425 81.872931257894379 87.308039120391186 796.74187794968384 556.14494371488036 415.94641418558786 337.80153159348265 29.618060897308169 874.33184824500677 364.58282399620657 250.27306628048245 29.198860208889528 400.88892230850979 856.9647736853949 272.79458224750124 945.13635870609687 819.57911087549292 313.61470900774657 7985.9539434982653
leaf_count=49539 9194 89884 3022 48583 74557 110 90217 75754 23108 7130 12913 23059 9696 912 16501 27971 4923 1659 580 18389 5783 7200 554 51599 4605 2248 185006 1336 858 190450
internal_value=0.00086791 -0.000821685 0.00970729 8.51283e-05 0.000737077 0.0323849 0.00132561 -0.00192408 -9.63638e-05 0.00653231 -0.0226632 -0.0105095 -0.00747405 -0.0467816 -0.00398194 -0.0113105 -0.0293354 -0.0667717 0.0041178 -0.0163005 -0.00430495 -0.0243792 -0.0187861 0.0219436 0.0362732 0.00827289 0.00470478 0.0316006 -0.0241539 0.00981866
internal_weight=31763.1 26666.1 5097.07 26317.4 26065.1 1568.87 25837.3 17603.2 16470.2 10063.9 1018.21 6406.32 5917.18 482.796 5434.38 4236.75 1953.95 782.947 2282.8 1396.22 1171 806.418 367 1197.63 886.583 8234.14 7141.77 1092.37 400.923 9045.65
internal_count=1037340 1025014 12326 935130 886547 3132 811990 533183 483644 286247 20043 197397 174338 11466 162872 94772 48090 7136 46682 41497 40954 35171 2213 68100 5185 278807 275223 3584 1770 266204
is_linear=0
shrinkage=0.05


Tree=76
num_leaves=31
num_cat=0
split_feature=0 3 3 4 4 0 6 8 2 6 6 4 1 17 6 17 1 1 6 6 1 1 9 0 7 9 1 1 4 4
split_gain=185.059 182.702 179.023 182.668 324.583 259.745 415.655 370.651 309.744 342.557 255.328 379.079 365.399 297.347 249.306 405.168 290.892 229.09 631.7 272.656 220.992 660.57 319.215 216.248 206.098 205.576 1127.05 739.184 296.469 253.074
threshold=1.0000000180025095e-35 1.0000000180025095e-35 0.046563824612605102 3.5000000000000004 12.500000000000002 0.010486837777588288 0.10000000000000002 1.0000000180025095e-35 19.550497829971921 -0.73999999999999988 0.18000000000000002 11.500000000000002 4.1663491631514509 1.0000000180025095e-35 0.22000000000000003 1.0000000180025095e-35 4.1663491631514509 12.211797523472585 0.18000000000000002 -0.69999999999999984 -0.50081643761055916 2.6725404816981908 1.0000000180025095e-35 0.0022850615974545165 -0.34899198893389666 1.0000000180025095e-35 1.4104640087086679 0.6502245203429039 14.500000000000002 21.500000000000004
decision_type=2 2 2 2 2 2 2 2 2 2 2 2 2 2 2 2 2 2 2 2 2 2 2 2 2 2 2 2 2 2
left_child=-1 -2 3 14 10 17 7 8 9 -7 24 12 13 -12 20 16 -16 25 19 -19 -3 22 -22 -13 -5 -6 27 -27 -29 -28
right_child=1 2 -4 4 5 6 -8 -9 -10 -11 11 23 -14 -15 15 -17 -18 18 -20 -21 21 -23 -24 -25 -26 26 29 28 -30 -31
leaf_value=-0.074266128767325232 -0.058866575343508434 0.038284167120478808 0.046948003172953036 -0.028402783008309854 0.0020570146869029497 -0.0048469887467648305 0.038958075812581094 0.018398781064440498 0.033168004492034019 -0.10558184707136509 -0.0030889765969144833 -0.06730299670025168 -0.085485962261681314 -0.065409949370663509 0.015484539634570461 -0.071683940465655765 -0.058978867148159878 -0.021574340877645922 0.047191265434858881 -0.13444235356592354 -0.048699191399483137 0.030725480975522079 0.05137614798373729 0.035408315074245793 0.004645971142771624 -0.076955808351519106 -0.10409188218170858 -0.12585640090113834 0.017197399915779617 -0.28586147581735133
leaf_weight=81.822499213951232 126.81700051446023 985.85273255396169 213.03435692004859 631.90260002359719 18861.505443416499 148.4464772639476 1152.99552433192 765.05085739063361 113.40373777363857 195.5917830062026 545.09705364255569 62.687129472678862 354.81194790173322 294.96728352579885 923.12274562160019 205.69077249791371 152.87547315843403 87.479201200163516 131.83685849889298 137.78460030294445 518.22557958663674 1176.2106962344551 94.162262119003572 280.76753475832811 1861.205210465343 296.34649732021717 35.081764538896095 37.524785721616354 1039.7043334565678 42.163344051703461
leaf_count=13878 74431 4632 578 50436 419922 5960 6639 15688 2454 19717 113887 8278 2641 11573 54836 5703 975 208 271 781 58085 1875 126 5332 105163 46911 1652 773 3586 349
internal_value=0.000831247 0.00102649 0.0012688 0.000956226 -0.000526142 0.00176357 0.0174219 -0.00289006 -0.0384947 -0.0621165 -0.0136148 -0.0296338 -0.0429409 -0.0249714 0.0108516 -0.00738636 0.00490494 -3.60029e-05 -0.0397363 -0.0906111 0.0192769 0.00880028 -0.0333114 0.0166615 -0.00373056 0.000661947 -0.0174747 -0.00702408 0.0122142 -0.203309
internal_weight=31554.2 31472.3 31345.5 31132.5 27076.4 23044.9 2375.49 1222.49 457.442 344.038 4031.44 1538.33 1194.88 840.064 4056.14 1281.69 1076 20669.4 357.101 225.264 2774.45 1788.6 612.388 343.455 2493.11 20312.3 1450.82 1373.58 1077.23 77.2451
internal_count=1037340 1023462 949031 948453 822221 524911 50458 43819 28131 25677 297310 141711 128101 125460 126232 61514 55811 474453 1260 989 64718 60086 58211 13610 155599 473193 53271 51270 4359 2001
is_linear=0
shrinkage=0.05


Tree=77
num_leaves=31
num_cat=0
split_feature=0 3 3 2 1 1 17 1 1 8 3 3 7 7 8 6 3 2 3 7 10 3 4 17 17 1 3 3 4 2
split_gain=173.803 172.027 166.853 175.012 408.448 276.066 690.552 505.866 472.478 558.123 453.028 388.013 345.031 365.877 339.942 492.577 327.95 311.928 325.697 451.887 283.602 269.853 237.918 352.904 276.267 365.087 212.084 195.82 178.703 177.155
threshold=0.00041491383287088363 1.0000000180025095e-35 0.046563824612605102 0.042430431452642338 -0.56667573819567285 -0.35644305347666355 1.0000000180025095e-35 0.72683358280038124 -0.27711253231732208 1.0000000180025095e-35 0.0013904218153912296 0.0049102659772611934 0.16946744894789112 -0.85453061168881306 1.0000000180025095e-35 0.060000000000000005 0.002922662702673069 0.26293081439877458 0.0033751213246618898 -0.61065475358684973 1.0000000180025095e-35 0.0057831425844928402 14.500000000000002 1.0000000180025095e-35 1.0000000180025095e-35 -0.51387943937950742 0.0016904181854816554 0.023583786309130956 19.500000000000004 -0.11988766913454173
decision_type=2 2 2 2 2 2 2 2 2 2 2 2 2 2 2 2 2 2 2 2 2 2 2 2 2 2 2 2 2 2
left_child=-1 -2 3 26 -5 14 7 8 9 11 -9 -7 13 -13 27 17 -12 18 19 28 -19 -14 23 -17 25 -24 -3 -6 -16 -28
right_child=1 2 -4 4 5 6 -8 10 -10 -11 16 12 21 -15 15 22 -18 20 -20 -21 -22 -23 24 -25 -26 -27 29 -29 -30 -31
leaf_value=-0.056486461662621001 -0.058432996372512064 -0.066066634083791348 0.046073503685105599 -0.065126394273344823 0.011503576952779869 -0.05213867246702051 -0.085921610370920401 0.072992929549040964 -0.065739734150516135 -0.07154774571646659 -0.036518448388358125 0.030792836577945317 0.093132799837726238 -0.08975239763668752 0.1539196171261828 0.021893212628244299 0.0035168275112945242 -0.060781986346022457 -0.021889613810513048 -0.099263737885256345 0.050745799112052958 0.014790233119181932 -0.1137543513825702 -0.069776510359301144 0.05202205009580646 0.016261090931074747 -0.01822691098976971 0.054017958634686093 -0.17620942347666252 0.0060967498965860626
leaf_weight=131.86003616214657 121.1239998857709 105.85835347166721 206.4245301480405 260.31186232945402 3747.2266135383907 203.6088406647541 277.40449229180376 216.0200908295883 580.1335125891419 286.0842342089818 574.95711843462777 150.88528361409408 215.95050867116515 108.00525822639611 76.08968822544557 237.07120198658231 4636.015241916466 689.95100729078331 385.05321651820122 27.31102397766881 62.134439617395401 223.86765161689254 63.165046262001852 188.44317351130303 494.12931749480776 371.88534943173727 786.19568277662074 291.95056593324989 4.332656321435933 15644.699951618959
leaf_count=19869 73994 11679 576 66889 39758 4146 12375 3530 178134 6978 12440 541 320 1736 266 7537 54950 20055 6476 1342 45 1290 2816 1379 307 3030 32733 345 141 471663
internal_value=0.00079681 0.00103862 0.00127013 0.000970913 -0.00306489 -0.00192006 -0.00851157 -0.00552723 -0.0287508 -0.0106942 0.00204081 0.00859973 0.0262994 -0.0194968 0.00549969 -0.00860375 -0.000900499 -0.0313084 -0.000388443 0.0764596 -0.051568 0.0532564 0.0122603 -0.0187036 0.0264401 -0.00261587 0.0044784 0.0145765 0.136134 0.0049329
internal_weight=31368.1 31236.3 31115.2 30908.7 14372 14111.7 7472.93 7195.53 1768.54 1188.4 5426.99 902.318 698.709 258.891 6638.74 2599.57 5210.97 1244.87 492.787 107.733 752.085 439.818 1354.69 425.514 929.18 435.05 16536.8 4039.18 80.4223 16430.9
internal_count=1037340 1017471 943477 942901 426826 359937 276440 264065 193145 15011 70920 8033 3887 2277 83497 43394 67390 28325 8225 1749 20100 1610 15069 8916 6153 5846 516075 40103 407 504396
is_linear=0
shrinkage=0.05


Tree=78
num_leaves=31
num_cat=0
split_feature=1 20 16 4 19 4 6 6 4 4 8 6 2 1 16 5 7 1 0 1 1 1 6 1 1 14 6 17 1 14
split_gain=172.467 618.859 433.65 424.955 377.257 214.729 480.118 217.758 1499.82 589.135 956.085 463.311 292.001 236.404 220.064 308.731 357.888 576.239 204.088 492.935 406.112 329.192 289.085 224.342 501.897 720.289 285.598 255.888 223.35 646.722
threshold=6.2210504830589217 1.0000000180025095e-35 1.0000000180025095e-35 21.500000000000004 1.0000000180025095e-35 3.5000000000000004 0.18000000000000002 0.18000000000000002 11.500000000000002 11.500000000000002 1.0000000180025095e-35 -0.85999999999999988 -0.014092417666581565 8.2792216628112687 1.0000000180025095e-35 3.5000000000000004 0.32332149035953289 8.2792216628112687 0.0050582323563124294 3.0136753299768682 -0.40760647707171044 -0.56667573819567285 0.26000000000000006 3.0136753299768682 4.1663491631514509 1.0000000180025095e-35 0.22000000000000003 1.0000000180025095e-35 2.112192134984352 1.0000000180025095e-35
decision_type=2 2 2 2 2 2 2 2 2 2 2 2 2 2 2 2 2 2 2 2 2 2 2 2 2 2 2 2 2 2
left_child=1 2 4 5 18 6 -2 9 -9 14 11 -11 -12 -13 -7 -16 17 -17 23 20 21 -20 -22 28 25 -25 -27 -26 29 -1
right_child=3 -3 -4 -5 -6 7 -8 8 -10 10 12 13 -14 -15 15 16 -18 -19 19 -21 22 -23 -24 24 27 26 -28 -29 -30 -31
leaf_value=0.0013444368653821482 0.04054266741135458 -0.068730676210892197 -0.066933849620644789 0.031591229210955342 -0.065555969963897481 0.051120055292566448 -0.067062214179727894 -0.087217774598675357 0.048752648069933194 0.0047435047761280663 0.046917848531052506 -0.052564357855588453 -0.021796356720283305 -0.13928753459884402 0.0094543984630582542 -0.13802850376754403 -0.054920546829701412 -1.0375536773207898 -0.092940907911114229 0.047447469509209882 -0.044019113883245517 0.027517029430541875 0.011198312912268034 -0.098777727217657887 0.018791583353731281 0.027836265816581426 -0.14165201408993452 -0.073781941272400051 0.026022311062502548 -0.051245462619314897
leaf_weight=19740.650605573672 640.43935208968287 331.61167116841534 239.68054547471547 1494.8423027653844 213.4863969074795 334.3357896580128 123.68265981091827 279.62871037522564 738.25002688466157 101.67445742936252 228.62126770334362 109.00969487213661 477.56985897899722 281.52948354918408 137.62528312084032 4.8905013619805713 17.130523688276298 2.7995865828706883 59.803185074753856 786.81966587707211 601.78176914995493 1099.3106974094953 391.0762026076045 362.05149788625567 643.52859498977341 235.3035675770152 27.790674831208889 84.442819400566805 844.94832813836547 602.43239093360535
leaf_count=544016 636 89884 48583 3132 74557 86 782 1622 554 163 1345 805 1236 1622 176 40 62 65 3313 1744 95106 3586 52527 2933 2548 222 139 993 8188 96675
internal_value=0.000758019 -0.000858463 9.43189e-06 0.00929708 0.000633911 -0.000287171 0.0231255 -0.00688123 0.0113992 -0.0178578 -0.0368358 -0.0903292 0.000449078 -0.115081 0.0279235 -0.0198183 -0.18213 -0.465502 0.00118849 0.0135817 0.00119941 0.0213021 -0.0222696 -0.000427265 -0.0201658 -0.0530264 0.0099332 0.00805329 0.000833284 -0.000212941
internal_weight=31236.7 26264.7 25933.1 4972.03 25693.4 3477.19 764.122 2713.07 1017.88 1695.19 1198.4 492.214 706.191 390.539 496.782 162.446 24.8206 7.69009 25479.9 2938.79 2151.97 1159.11 992.858 22541.1 1353.12 625.146 263.094 727.971 21188 20343.1
internal_count=1037340 1025014 935130 12326 886547 9194 1418 7776 2176 5600 5171 2590 2581 2427 429 343 167 105 811990 156276 154532 6899 147633 655714 6835 3294 361 3541 648879 640691
is_linear=0
shrinkage=0.05


Tree=79
num_leaves=31
num_cat=0
split_feature=0 7 7 6 6 3 0 3 3 2 6 3 4 3 3 0 13 1 1 6 0 4 6 1 18 18 1 2 1 17
split_gain=164.689 265.427 243.445 219.252 267.565 209.277 203.683 181.049 271.908 333.139 285.798 181.235 173.736 171.653 172.231 169.709 166.785 313.683 301.911 164.926 168.368 377.063 180.317 161.986 365.556 288.113 477.95 409.202 385.626 591.494
threshold=0.0011867135030440049 -0.95394770978862009 -0.50851543908941743 -0.41999999999999998 0.26000000000000006 0.004063599025505237 0.0028312607094119701 0.0028896183866842381 0.0019361102364565997 -0.040107224917028332 0.7400000000000001 1.0000000180025095e-35 14.500000000000002 0.0023985678361138373 0.0023325892857142864 0.0034715526845781378 1.0000000180025095e-35 -0.45591236902979998 -0.28582120016328755 -0.81999999999999995 0.0012082190034407236 14.500000000000002 1.1800000000000002 -0.54259082868417463 1.0000000180025095e-35 1.0000000180025095e-35 -0.33929786365491904 0.067143221853459292 0.6502245203429039 1.0000000180025095e-35
decision_type=2 2 2 2 2 2 2 2 2 2 2 2 2 2 2 2 2 2 2 2 2 2 2 2 2 2 2 2 2 2
left_child=2 6 5 -4 -5 -1 -2 8 10 -10 11 -3 -7 14 -6 -11 23 -18 19 -19 22 -22 -21 24 -9 28 -27 -28 -25 -30
right_child=1 7 3 4 13 12 -8 16 9 15 -12 -13 -14 -15 -16 -17 17 18 -20 20 21 -23 -24 25 -26 26 27 -29 29 -31
leaf_value=-0.059446181896156206 -0.031557889252524167 -0.058414276033245643 -0.054210704841438834 0.0038005823022908671 -0.075047979458450043 -0.049741561534033973 -0.0026576797941039983 0.017893805564388566 0.001836862727167462 -0.075871110364419431 -0.081911436748499711 0.021926103075583871 0.024811798071905734 -0.050807228947144151 0.092839008749753177 -0.027715353528784528 -0.066345869244341882 -0.069698161726398825 -0.065364905683292646 -0.071099092821954188 -0.082104034829349193 0.036811353841425053 0.18321936479123679 -0.0091544885026550085 -0.068346783228161734 0.031448256224273219 0.007133942899650381 -0.060763658333347716 0.0098427517891734161 -0.059489776565201352
leaf_weight=98.596865347818493 961.90823385930344 75.543685627240848 397.21417294270577 938.1199910829464 23.419763457279259 86.767451373480071 1664.8930621899526 2949.1021301568544 714.21389412157441 288.1250375259624 79.707069113175748 991.64841237546716 786.25986256532815 477.19857393496386 43.932615322242782 501.2361751194403 98.479566150708706 39.55476549064042 86.020584489189787 8.7561725165869557 70.223094523826148 1314.5275603104965 34.163519616005942 7371.0888896128045 128.2191937478201 1901.4870111755736 986.49811630998738 286.30889225439751 7261.6119300739929 321.22942099758438
leaf_count=13051 36189 47113 30401 40376 4712 7712 64138 119005 31209 19907 17368 31220 15841 29873 257 24878 5425 363 16425 94 750 2416 18 319603 7035 9054 14434 9694 111347 7432
internal_value=0.000732562 0.00189304 -0.0107173 -0.0212204 -0.0123822 0.00960388 -0.0132406 0.00345151 -0.00891884 -0.0229057 0.00941777 0.016239 0.0174022 -0.0402608 0.0344614 -0.0452927 0.00488595 0.0201895 0.025676 0.0310136 0.0338039 0.0307809 0.131335 0.00369394 0.0143005 0.00189344 0.0155748 -0.00813914 -0.00101072 0.00690564
internal_weight=30986.1 28134.5 2851.51 1879.89 1482.67 971.624 2626.8 25507.7 2650.47 1503.58 1146.9 1067.19 873.027 544.551 67.3524 789.361 22857.3 1651.73 1553.25 1467.23 1427.67 1384.75 42.9197 21205.5 3077.32 18128.2 3174.29 1272.81 14953.9 7582.84
internal_count=1037340 895117 142223 105619 75218 36604 100327 794790 171695 75994 95701 78333 23553 34842 4969 44785 623095 25491 20066 3641 3278 3166 112 597604 126040 471564 33182 24128 438382 118779
is_linear=0
shrinkage=0.05


Tree=80
num_leaves=31
num_cat=0
split_feature=4 4 0 6 8 1 6 4 7 15 6 1 1 6 6 17 1 11 4 2 0 2 4 1 1 1 9 10 1 5
split_gain=164.997 263.45 243.149 379.064 314.435 463.928 533.515 327.676 217.671 244.445 222.079 221.17 412.332 211.695 206.211 374.85 269.832 213.728 205.895 203.474 219.128 204.39 201.755 195.748 186.575 392.159 246.108 291.314 226.672 184.261
threshold=3.5000000000000004 12.500000000000002 0.010486837777588288 0.18000000000000002 1.0000000180025095e-35 0.94849639406722019 -0.77999999999999992 17.500000000000004 -0.34899198893389666 1.0000000180025095e-35 0.18000000000000002 -0.52830317049938769 0.66424003265750453 0.060000000000000005 0.22000000000000003 1.0000000180025095e-35 5.249489726493402 1.0000000180025095e-35 11.500000000000002 34.610824610671436 0.0017667869034406218 -0.11988766913454173 10.500000000000002 -0.47142468363042594 -0.51183834535310924 2.6725404816981908 1.0000000180025095e-35 1.0000000180025095e-35 -0.34814260443597772 5.5000000000000009
decision_type=2 2 2 2 2 2 2 2 2 2 2 2 2 2 2 2 2 2 2 2 2 2 2 2 2 2 2 2 2 2
left_child=14 8 19 4 5 7 -7 -4 -2 10 11 22 -13 -11 17 16 -16 24 -12 21 -21 -3 -10 -19 -1 26 27 -26 -29 -23
right_child=1 2 3 -5 -6 6 -8 -9 9 13 18 12 -14 -15 15 -17 -18 23 -20 20 -22 29 -24 -25 25 -27 -28 28 -30 -31
leaf_value=0.042429388852917707 -0.03159377604120682 -0.029938025283869768 0.063122327445058787 0.041512761172333164 0.019744641069597071 0.0092068401412059905 -0.12187223597521586 -0.071162298139452032 0.046037388996209676 -0.07299628375864961 -0.040497726234477935 -0.049941352251268889 0.010562117110277063 0.061444605030947244 0.013350748083568295 -0.070133971535531234 -0.073240083332170483 0.0050193372311095798 0.016403474394813069 -0.1040532409090152 -0.016830256402512764 0.0034884951755529327 -0.078517405145992258 -0.088767272108897122 -0.081387786722645961 0.029469914734943311 0.051200389429665094 0.049889196524009562 -0.056727837627736657 -0.0094610803439178423
leaf_weight=801.89676671144116 1090.8447207699646 537.85114605562558 162.64551242809739 925.97247209260968 813.05492324387706 131.8583579377173 188.74992692856267 63.035568223887822 349.71725805070309 34.052640507219621 773.12013214688523 412.79096866623604 886.01261235494621 208.9677929219215 964.2866544933604 195.03669162637379 99.226211081171641 170.54381848219782 200.13463709076132 85.344037011545879 460.78007093157794 16289.38659407693 35.844270866798979 82.573774039141426 209.85150906710624 1112.9622591586667 89.861314767505974 112.68326624669135 89.406346761199529 3304.2376663032464
leaf_count=4745 105396 17974 13388 2921 17416 1247 4290 16012 4251 2574 91783 74061 26684 2419 58828 6119 746 212 7885 8395 13235 390862 7460 10445 33251 1967 127 119 19719 92809
internal_value=0.000697844 -0.000697366 0.00136354 0.0168399 3.30367e-05 -0.0293042 -0.0679626 0.0256149 -0.0125537 -0.00539328 -0.00978251 0.00120431 -0.00866734 0.0426064 0.0102711 -0.0064138 0.00527179 0.0181365 -0.0287969 -0.000346935 -0.0304608 0.00046999 0.034458 -0.0255764 0.0227149 0.0129247 -0.0237714 -0.0401259 0.00272082 0.0013047
internal_weight=30882.7 26954.4 22962.9 2285.32 1359.34 546.289 320.608 225.681 3991.49 2900.64 2657.62 1684.37 1298.8 243.02 3928.33 1258.55 1063.51 2669.78 973.255 20677.6 546.124 20131.5 385.562 253.118 2416.66 1614.76 501.802 411.941 202.09 19593.6
internal_count=1037340 901062 578549 55274 52353 34937 5537 29400 322513 217117 212124 112456 100745 4993 136278 65693 59574 70585 99668 523275 21630 501645 11711 10657 59928 55183 53216 53089 19838 483671
is_linear=0
shrinkage=0.05


Tree=81
num_leaves=31
num_cat=0
split_feature=0 3 1 2 4 2 0 6 4 17 3 3 3 1 0 7 4 4 4 6 14 7 0 1 0 3 13 2 1 9
split_gain=159.422 159.152 188.274 197.521 158.24 174.805 257.594 238.996 253.615 280.363 236.814 279.141 232.522 228.538 201.725 229.495 198.75 193.681 225.307 350.434 215.657 259.991 208.901 207.248 192.329 192.175 191.132 182.373 201.501 178.94
threshold=1.0000000180025095e-35 0.0089804911537572415 -0.5547013199074704 -0.014092417666581565 3.5000000000000004 0.042430431452642338 0.0013178201234866633 0.54000000000000015 11.500000000000002 1.0000000180025095e-35 0.004063599025505237 0.0050042088189422599 0.0016904181854816554 -0.5262620764729895 0.0014796661251275137 -0.22870342365059146 21.500000000000004 20.500000000000004 15.500000000000002 0.18000000000000002 1.0000000180025095e-35 -0.14122257147918854 0.0042954015362916828 2.2079194448224251 0.001712085334104574 0.0071394590186217221 1.0000000180025095e-35 -0.11930048506510084 0.029731936317866362 1.0000000180025095e-35
decision_type=2 2 2 2 2 2 2 2 2 2 2 2 2 2 2 2 2 2 2 2 2 2 2 2 2 2 2 2 2 2
left_child=-1 4 3 -3 -2 12 10 14 -9 13 -7 -12 -6 -10 15 16 -8 18 25 -20 21 24 -21 -22 -19 29 -23 28 -14 -16
right_child=1 2 -4 -5 5 6 7 8 9 -11 11 -13 27 -15 17 -17 -18 20 19 22 23 26 -24 -25 -26 -27 -28 -29 -30 -31
leaf_value=-0.072082007783031699 0.0097391611844319208 0.0013697140512415795 0.0098525491049303894 -0.063039863078203057 -0.064451230048673855 -0.086818042721988731 0.084420208273773389 -0.03512610431339229 -0.077714888740013865 0.069322825995592738 0.013989405189224617 -0.048798077130780888 -0.053070834952012591 0.018300176996164274 -0.0077813627470393817 -0.065927623619914555 -0.29388166538824473 -0.14204255923017384 -0.046615431483584935 -0.07203405733674649 -0.053774111115856497 -0.00081742793670085709 0.059678877578115602 0.057419051874863784 -0.021676469068476291 -0.046326446008141876 0.045272324948297332 0.0036640485234275982 0.0045938316117766801 0.047350896230951692
leaf_weight=75.120254275163461 2946.9456553869895 336.58534109247557 6418.1668980838404 184.15226945251925 132.44315446365181 168.34729690300082 132.82302219763733 210.0358288944808 67.892515483785246 266.75863218307495 318.36921378108309 398.70266536973759 305.94284211420381 711.12010404243847 1803.4661927808229 36.962493565439217 3.5651131034974233 34.315168122588148 1041.4331088343752 38.789534879455459 50.286264274443965 1727.1026992358702 134.44319604979137 251.45563186258369 1010.1148692599791 298.75065748188354 258.62143968521195 10896.570126013619 300.09323898848379 160.25363410593127
leaf_count=13878 112268 10481 126729 14554 41044 26893 1052 21588 2850 13 10939 23493 14982 13733 109296 2172 231 1207 70920 4567 4942 22361 604 115 15833 16165 1599 335092 12993 4746
internal_value=0.000668155 0.000846491 0.00750657 -0.0214079 -0.00110299 -0.00264217 -0.00782358 -0.00506926 0.0150119 0.0250818 -0.0334505 -0.0209214 0.00142083 0.00993227 -0.00868094 0.0445823 0.0745316 -0.010037 -0.0182918 -0.0356622 -0.00142234 -0.00543646 0.0301863 0.0388884 -0.0256311 -0.00896601 0.00518532 0.00217929 -0.0245168 -0.00328217
internal_weight=30719.6 30644.5 6938.9 520.738 23705.6 20758.7 9123.61 8238.19 1255.81 1045.77 885.419 717.072 11635 779.013 6982.38 173.351 136.388 6809.03 3477.14 1214.67 3331.9 3030.15 173.233 301.742 1044.43 2262.47 1985.72 11502.6 606.036 1963.72
internal_count=1037340 1023462 151764 25035 871698 759430 355319 293994 38184 16596 61325 34432 404111 16583 255810 3455 1283 252355 206298 76091 46057 41000 5171 5057 17040 130207 23960 363067 27975 114042
is_linear=0
shrinkage=0.05


Tree=82
num_leaves=31
num_cat=0
split_feature=1 19 20 16 4 1 0 1 6 6 17 1 2 14 1 1 17 1 15 2 15 2 1 4 1 7 1 2 6 6
split_gain=151.874 444.204 373.512 259.372 250.793 223.12 174.486 305.987 310 335.771 375.686 571.658 256.014 260.089 247.668 603.192 416.182 243.766 512.821 443.442 409.555 391.289 292.499 664.687 453.601 391.823 270.702 264.51 261.444 229.655
threshold=8.2792216628112687 1.0000000180025095e-35 1.0000000180025095e-35 1.0000000180025095e-35 21.500000000000004 6.2210504830589217 0.0035933620450797738 -0.6183834535310927 -0.77999999999999992 0.18000000000000002 1.0000000180025095e-35 -0.52830317049938769 3.84066887924432 1.0000000180025095e-35 3.0136753299768682 0.065655191182473815 1.0000000180025095e-35 -0.45591236902979998 1.0000000180025095e-35 0.28292060250191481 1.0000000180025095e-35 -0.038856267551697722 -0.066879847598312725 21.500000000000004 0.10198666485236084 -0.014315872091696101 -0.60763369165872905 -0.05404646413071227 1.0200000000000002 0.34000000000000002
decision_type=2 2 2 2 2 2 2 2 2 2 2 2 2 2 2 2 2 2 2 2 2 2 2 2 2 2 2 2 2 2
left_child=1 2 3 6 -2 -4 7 -1 -9 10 -10 -12 13 17 15 -8 -16 20 22 -20 21 28 23 -19 -24 27 -23 -25 -11 -15
right_child=4 -3 5 -5 -6 -7 14 8 9 12 11 -13 -14 29 16 -17 -18 18 19 -21 -22 26 24 25 -26 -27 -28 -29 -30 -31
leaf_value=-0.073883374891904954 0.0020563731531877487 -0.06655526840898765 -0.068264601326357185 -0.0364411058161404 0.030605842341520265 -0.0049128758855446625 0.0097666421692009057 -0.026135225979007182 0.0099290480775841832 -0.082255212037570968 0.010579990823899316 -0.066538891168585815 -0.043948916714683817 0.0084599286584794518 0.039704904523222055 -0.034112133549127496 -0.062570622157058428 0.011972364977080877 -0.082880703388819421 0.02145881531422875 0.037867996803620303 0.075240352283619277 0.040345009286777513 -0.082908549567386899 -0.016328030767462073 -0.11114085292240955 -0.0010216841661128801 0.0028239015084303705 -0.00011034412955897508 -0.072487585329890761
leaf_weight=144.11844328992447 2794.6800075813226 253.62581485643386 315.20272546574051 459.12878164050562 1061.3824233356645 248.59848671479267 6024.1166080412095 1122.5218575503732 8989.6885971808933 232.45896253712635 557.23607100278605 422.49645379179856 460.55692347845616 133.40723804167465 998.30284848582596 900.27447409671549 110.47437688198988 788.39291360984498 392.06446429019888 137.55899069192674 846.65737364703818 142.22219776330894 755.15545520657543 139.53652751160007 663.1009828197457 218.64384008253364 639.97541686227123 253.26770221572406 166.05750704700586 255.30128270641944
leaf_count=14909 5434 75255 89884 49091 2541 856 90217 47226 261944 11924 5791 13050 22401 5062 3181 185006 1322 24594 20745 4341 4722 1331 10091 1153 38270 2045 12614 745 4738 26857
internal_value=0.000637395 -0.000698929 -6.90242e-05 0.000805628 0.00991462 -0.0403307 0.00147643 -0.00132934 -0.000725491 0.00103586 0.00672478 -0.0226765 -0.00807595 -0.00520952 0.00757487 0.00406174 0.0295146 -0.00235328 -0.0106395 -0.0557806 0.0113294 -0.00770067 -0.00215581 -0.0183699 0.0138477 -0.0574927 0.0128446 -0.027631 -0.0480263 -0.0447059
internal_weight=30626.2 26770.1 26516.5 25952.7 3856.06 563.801 25493.6 17460.4 17316.3 16193.8 9969.42 979.733 6224.36 5763.8 8033.17 6924.39 1108.78 5375.09 3347.72 529.623 2027.37 1180.71 2818.1 1399.84 1418.26 611.448 782.198 392.804 398.516 388.709
internal_count=1037340 1029365 954110 863370 7975 90740 814279 534553 519644 472418 280785 18841 191633 169232 279726 275223 4503 137313 101984 25086 35329 30607 76898 28537 48361 3943 13945 1898 16662 31919
is_linear=0
shrinkage=0.05


Tree=83
num_leaves=31
num_cat=0
split_feature=3 4 4 0 6 8 1 6 4 1 6 6 6 4 1 17 2 6 17 1 11 11 1 4 2 2 1 1 0 1
split_gain=149.122 149.704 235.914 219.865 338.208 287.126 433.321 483.915 293.73 209.625 522.765 218.695 197.876 296.02 300.905 284.734 195.173 193.051 342.513 243.152 197.743 191.737 228.375 202.061 223.252 225.642 189.005 211.17 187.695 184.825
threshold=0.046563824612605102 3.5000000000000004 12.500000000000002 0.010486837777588288 0.18000000000000002 1.0000000180025095e-35 0.94849639406722019 -0.77999999999999992 17.500000000000004 12.211797523472585 0.18000000000000002 -0.69999999999999984 0.18000000000000002 11.500000000000002 4.1663491631514509 1.0000000180025095e-35 0.0032933367372989537 0.22000000000000003 1.0000000180025095e-35 4.1663491631514509 1.0000000180025095e-35 1.0000000180025095e-35 -0.49360457205061914 10.500000000000002 -0.077687005361245828 68.687515956088859 -0.56055245611647841 -0.47142468363042594 0.0022850615974545165 0.014763913457613248
decision_type=2 2 2 2 2 2 2 2 2 2 2 2 2 2 2 2 2 2 2 2 2 2 2 2 2 2 2 2 2 2
left_child=1 17 12 9 5 6 8 -8 -5 -4 11 16 21 14 15 -14 -11 20 19 -19 -1 23 -23 -3 -25 -26 -22 -28 -15 -6
right_child=-2 2 3 4 29 -7 7 -9 -10 10 -12 -13 13 28 -16 -17 -18 18 -20 -21 26 22 -24 24 25 -27 27 -29 -30 -31
leaf_value=0.021996408243324522 0.04444882819201975 0.012162077051455805 1.3249541595563227e-05 0.061029859286296707 -0.031900933119743388 0.019232250457202837 0.0082232846088737804 -0.11904734916245781 -0.068396889229154351 0.039890616644338101 0.046370269439092004 -0.12225018008269793 -0.00080497131643582527 -0.066380331029006964 -0.078678733954758676 -0.063860475010430989 -0.11370667250963902 0.014270087821342434 -0.068924237590305373 -0.056788189772991354 -0.36516526823398321 -0.0004482997879915844 -0.091324860680608577 0.01621863821723591 -0.055780023650256833 0.049837211655358073 0.013646259178130957 -0.084037407858137875 0.032252312401257831 0.04804871165794887
leaf_weight=2312.3861272721024 192.7429124842165 1443.4828799246525 20054.14611391956 158.94135937846204 79.729130871874077 793.1071581118722 127.05604994894929 181.21093173570443 60.532069621737719 52.07147671697021 117.19927512173308 140.23450372395746 525.44444998427571 58.638233205067081 336.45220360851818 271.56183230906208 34.309020522425271 882.65900611920915 187.58398737668176 139.40343652459705 4.0099013037979594 148.70428639836609 129.19696409593962 261.37281088390228 387.314340804317 58.163780948209023 164.88996094185859 83.263702302963793 271.84017292085991 774.58232131219484
leaf_count=59915 582 98708 521666 13388 1217 17411 1240 4290 16012 47 315 890 121533 9104 2795 12388 181 58418 6111 1027 36 267 20594 13069 37090 1121 176 10445 5668 1636
internal_value=0.000608703 0.000329272 -0.000999265 0.000960973 0.0160722 0.000216025 -0.0283622 -0.0665912 0.0253332 -0.000650429 -0.0393618 -0.0837001 -0.0123679 -0.0268875 -0.039028 -0.0222897 -0.0211159 0.00964519 -0.00682012 0.00457815 0.0174115 -0.0036143 -0.042697 0.0014366 -0.0204662 -0.0419901 -0.0246325 -0.0191298 0.0147515 0.0405874
internal_weight=30432.2 30239.5 26465.3 22573.1 2175.16 1320.85 527.74 308.267 219.473 20398 343.814 226.615 3892.17 1463.94 1133.46 797.006 86.3805 3774.2 1209.65 1022.06 2564.55 2428.24 277.901 2150.33 706.851 445.478 252.164 248.154 330.478 854.311
internal_count=1037340 1036758 900630 578293 55194 52341 34930 5530 29400 523099 1433 1118 322337 151488 136716 133921 228 136128 65556 59445 70572 170849 20861 149988 51280 38211 10657 10621 14772 2853
is_linear=0
shrinkage=0.05


Tree=84
num_leaves=31
num_cat=0
split_feature=0 3 5 3 3 0 6 1 1 4 6 6 17 1 6 4 1 10 1 3 3 5 7 3 2 4 2 6 0 4
split_gain=146.272 144.253 142.773 227.38 283.1 269.699 256.354 195.77 348.464 349.044 386.508 325.136 233.066 1046.23 548.975 518.078 357.257 308.047 269.169 200.298 241.108 294.093 199.021 197.307 182.334 180.702 245.755 178.41 234.255 177.098
threshold=1.0000000180025095e-35 1.0000000180025095e-35 5.5000000000000009 0.0045388328084993686 0.0019249723945248525 0.0042954015362916828 -0.61999999999999988 -0.57075792624846911 -0.54259082868417463 22.500000000000004 0.18000000000000002 1.2200000000000002 1.0000000180025095e-35 -0.52217988842019325 0.26000000000000006 11.500000000000002 -0.52013879439379507 1.0000000180025095e-35 -0.49360457205061914 0.00062291017164413961 0.0029990056612352787 1.0000000180025095e-35 0.4964921223182755 0.0091164982240353274 -0.11812611692621904 11.500000000000002 -0.04181771764105182 -0.73999999999999988 0.0059265559647918107 12.500000000000002
decision_type=2 2 2 2 2 2 2 2 2 2 2 2 2 2 2 2 2 2 2 2 2 2 2 2 2 2 2 2 2 2
left_child=-1 -2 7 4 5 -4 -6 11 9 29 -11 -3 16 22 25 -16 17 24 -18 -20 21 -21 -14 -12 -10 26 -15 28 -5 -9
right_child=1 2 3 27 6 -7 -8 8 12 10 23 -13 13 14 15 -17 18 -19 19 20 -22 -23 -24 -25 -26 -27 -28 -29 -30 -31
leaf_value=-0.070950508481980076 -0.057409789629889789 -0.033531854221830755 -0.08163722996865852 -0.062651297049753973 0.00096232310686745397 0.052047384707008287 -0.05132142811565036 0.026153532619756323 0.019559614736465208 0.10491347033931608 0.033261811987128027 0.024347244630439913 0.028989186014894048 0.031235348985221179 -0.062991511241930739 0.054893899724562205 0.031620258891356078 0.050691487819071616 0.060504297691649757 -0.058252875608855115 0.0048875433817445199 -0.0053059194584064067 -0.03249093510912001 -0.11415829303874701 -0.069575280696523689 -0.08656903760754045 -0.065427396089871595 0.0031405278173026168 0.014784232302578974 -0.010353755687466992
leaf_weight=71.295669718925637 106.23573515254975 859.09913305873488 47.159624871622327 245.16137174623873 340.01969228531198 188.630977037501 755.09972224733065 698.47867986791971 68.442750106318272 233.81354221705988 404.31339176930487 338.1423202515507 1008.4390774253407 90.26363507543283 162.81105262916026 217.98119282722473 880.90135316230953 82.060692116618156 151.7756071054755 311.06618379445172 15759.789369055645 1671.774073730996 151.39693099798751 24.047018080949783 354.75702738007021 509.47632124796291 242.1632731020909 3526.3252488976459 162.34037011228429 633.47639844855803
leaf_count=13878 74431 98392 4870 11258 12454 3554 49088 15211 1532 1856 488 8382 2482 5049 5507 28 19044 85 4622 23422 437255 72840 832 116 27641 9285 7082 97334 4769 24553
internal_value=0.000582642 0.000751374 0.000956519 -0.00652319 -0.0243877 0.0253096 -0.035088 0.00254089 0.00353916 0.0235401 0.0532084 -0.0171848 0.00169804 -0.0130553 -0.0453256 0.00449096 0.00352113 -0.0379682 0.00463765 0.00330935 0.00282009 -0.0136122 0.020964 0.024986 -0.0551598 -0.0678576 -0.0391806 -0.000479197 -0.0318026 0.00879071
internal_weight=30296.7 30225.4 30119.2 5264.74 1330.91 235.791 1095.12 24854.5 23657.2 1994.13 662.174 1197.24 21663.1 2382.53 1222.7 380.792 19280.6 505.26 18775.3 17894.4 17742.6 1982.84 1159.84 428.36 423.2 841.903 332.427 3933.83 407.502 1331.96
internal_count=1037340 1023462 949031 183327 69966 8424 61542 765704 658930 42224 2460 106774 616706 30265 26951 5535 586441 29258 557183 538139 533517 96262 3314 604 29173 21416 12131 113361 16027 39764
is_linear=0
shrinkage=0.05


Tree=85
num_leaves=31
num_cat=0
split_feature=1 20 16 4 19 6 8 6 2 1 4 6 6 4 4 8 6 2 16 5 4 2 1 1 3 6 3 0 0 1
split_gain=145.768 541.682 394.631 353.979 315.343 182.914 252.325 270.613 733.2 181.872 176.957 400.791 176.909 1241.85 500.031 762.013 376.024 254.214 207.419 222.351 217.698 195.046 179.311 166.708 163.84 217.749 213.956 196.808 162.921 175.168
threshold=6.2210504830589217 1.0000000180025095e-35 1.0000000180025095e-35 21.500000000000004 1.0000000180025095e-35 0.18000000000000002 1.0000000180025095e-35 -0.77999999999999992 0.0032933367372989537 8.2792216628112687 3.5000000000000004 0.18000000000000002 0.18000000000000002 11.500000000000002 11.500000000000002 1.0000000180025095e-35 -0.77999999999999992 -0.014092417666581565 1.0000000180025095e-35 3.5000000000000004 9.5000000000000018 38.441000765892277 8.2792216628112687 8.2792216628112687 0.014881084193276941 0.26000000000000006 0.046563824612605102 0.00044852871519050107 0.0047165905594038311 12.211797523472585
decision_type=2 2 2 2 2 2 2 2 2 2 2 2 2 2 2 2 2 2 2 2 2 2 2 2 2 2 2 2 2 2
left_child=1 2 4 10 24 6 7 -5 -9 -10 11 -2 14 -14 18 16 -16 -17 -12 -20 23 28 -18 -21 27 -26 -27 -1 -19 -30
right_child=3 -3 -4 5 -6 -7 -8 8 9 -11 12 -13 13 -15 15 17 22 21 19 20 -22 -23 -24 -25 25 26 -28 -29 29 -31
leaf_value=-0.051807256685974704 0.038817140878703853 -0.067781992152865497 -0.06646088986060146 0.032399575999708413 -0.064401840760990148 0.049546555466309462 0.033728309620770294 -0.012509892860996397 -0.16555112858754939 -0.40694345476607002 0.050820263468611765 -0.064237237775585584 -0.078893441381056389 0.04828271760524605 -0.0050472741300940059 0.046265337360269575 -0.048193165372199018 -0.11694946531481432 0.008544237757441512 -0.12575043765982505 -0.020101401637072733 -0.24285159541228457 -0.12660970731870202 -0.4832025447736274 0.030627689635136457 -0.029414183485273387 0.043344805651789067 0.00031807542168242104 0.016286999574194688 -0.050748874181330242
leaf_weight=182.51437198223357 584.36181658273381 299.44423936498788 222.29286143241188 103.71824121722602 186.02806152393168 640.54717072105268 485.31469654340617 107.74259863288898 15.41978610829392 15.796598754037404 315.88617021475511 112.51149763181456 270.74786658619996 659.59065513899805 123.6083391943539 211.43965098961235 99.433793780346605 36.165109563764418 134.52390292970813 6.8804295596200991 15.968335288664091 9.5823618767026328 273.19749110446901 6.2020220111880917 990.15798040584195 370.88743074835656 138.87153214518912 23137.320759154256 286.73453376417456 147.62023884234077
leaf_count=24563 636 89884 48583 163 74557 1304 1115 238 115 197 86 782 1622 554 235 1345 786 377 176 57 37 81 1569 73 11199 9114 378 766736 380 398
internal_value=0.000556041 -0.000928847 -0.000135334 0.00868505 0.000454277 0.0300592 0.0129127 -0.0287151 -0.0743308 -0.287704 -0.00019394 0.0221788 -0.00619606 0.0112718 -0.0159433 -0.0333404 -0.080617 0.000584533 0.0271551 -0.0185458 -0.14399 -0.0195335 -0.105685 -0.295208 0.000940384 0.0169584 -0.00959275 -8.98873e-05 -0.0149856 -0.00649588
internal_weight=30190.5 25527.5 25228.1 4662.99 25005.8 1368.54 727.992 242.677 138.959 31.2164 3294.45 696.873 2597.58 930.339 1667.24 1187.78 496.24 691.542 479.461 163.575 29.0508 480.102 372.631 13.0825 24819.8 1499.92 509.759 23319.8 470.52 434.355
internal_count=1037340 1025014 935130 12326 886547 3132 1828 713 550 312 9194 1418 7776 2176 5600 5171 2590 2581 429 343 167 1236 2355 130 811990 20691 9492 791299 1155 778
is_linear=0
shrinkage=0.05


Tree=86
num_leaves=31
num_cat=0
split_feature=3 0 5 3 3 0 6 1 1 4 6 0 2 21 15 6 17 1 6 4 1 10 1 7 3 3 5 3 1 0
split_gain=136.728 130.795 130.123 201.665 256.311 248.402 230.725 176.165 315.743 315.917 339.399 299.347 261.981 268.467 262.528 234.852 212.871 961.313 504.427 483.887 320.961 277.434 247.385 181.787 180.54 211.148 260.501 179.537 168.933 164.436
threshold=1.0000000180025095e-35 1.0000000180025095e-35 5.5000000000000009 0.0045388328084993686 0.0019249723945248525 0.0042954015362916828 -0.61999999999999988 -0.57075792624846911 -0.54259082868417463 22.500000000000004 0.18000000000000002 0.0037506698821007504 -0.014092417666581565 1.0000000180025095e-35 1.0000000180025095e-35 0.54000000000000015 1.0000000180025095e-35 -0.52217988842019325 0.26000000000000006 11.500000000000002 -0.52013879439379507 1.0000000180025095e-35 -0.49360457205061914 0.4964921223182755 0.00062291017164413961 0.0029990056612352787 1.0000000180025095e-35 0.0091164982240353274 -0.60382364947611922 0.0012082190034407236
decision_type=2 2 2 2 2 2 2 2 2 2 2 2 2 2 2 2 2 2 2 2 2 2 2 2 2 2 2 2 2 2
left_child=-1 -2 7 4 5 -4 -6 11 9 -9 -11 12 13 14 -3 -16 20 23 -19 -20 21 -10 -22 -18 -24 26 -26 -12 -15 -5
right_child=1 2 3 29 6 -7 -8 8 16 10 27 -13 -14 28 15 -17 17 18 19 -21 22 -23 24 -25 25 -27 -28 -29 -30 -31
leaf_value=-0.056996820637568973 -0.06991846070946843 -0.067004466518215136 -0.078877937830908476 -0.034011935525829311 0.00097102694015653319 0.050581268880425218 -0.048742604731402905 0.0083812677978082877 -0.051800454494349772 0.098986889135675549 0.031988457048104074 -0.075786530747558964 -0.064942227715896902 0.055468411174393717 -0.091841670977810111 0.027869922003319073 0.027729928143802429 -0.065837903106257131 -0.062089927069134847 0.054648340671769546 0.030486430974577317 0.050657845099552269 0.057778752467880723 -0.031016546953378368 -0.054831002997199368 0.0046101938448666257 -0.0049039314809013919 -0.10917574520714977 -0.029000910901543255 0.0025794240694711427
leaf_weight=102.91252835278647 65.361901854055759 179.54991696297657 46.336247398808155 335.896540403367 338.51450584188387 184.95731703681668 751.55290268213685 1323.8487128094166 427.5464001639084 234.76154059807595 399.41146612726152 179.94036425574086 157.73416521022955 285.68203314483981 48.62450078711845 260.24165058636572 996.37959290738218 824.02973990987448 154.68058044087229 208.31757378578186 866.79467023025791 78.146452859044075 149.86048015968845 151.74013061873848 309.96778651043314 15640.485313673271 1662.7256483099645 23.870133459568024 74.660067727745627 3572.4548431033872
leaf_count=75416 12893 15890 4870 15540 12454 3554 49088 39764 29173 1856 488 63389 22226 1323 1497 964 2482 21416 5507 28 19044 85 4622 832 23422 437255 72840 116 1485 97821
internal_value=0.00053651 0.000734308 0.000888918 -0.00627436 -0.0231606 0.024646 -0.0333043 0.00240935 0.00336027 0.0224555 0.05077 -0.0163878 -0.00576853 0.00522838 -0.0189254 0.00902384 0.00159765 -0.0126541 -0.0442048 0.00490389 0.00333682 -0.0359672 0.0044037 0.0199658 0.00313092 0.00266595 -0.0127489 0.0240278 0.037967 -0.000565357
internal_weight=30037 29934.1 29868.7 5229.71 1321.36 231.294 1090.07 24639 23452.6 1981.89 658.043 1186.43 1006.49 848.758 488.416 308.866 21470.7 2335.15 1187.03 362.998 19135.5 505.693 18629.8 1148.12 17763 17613.2 1972.69 423.282 360.342 3908.35
internal_count=1037340 961924 949031 183327 69966 8424 61542 765704 658930 42224 2460 106774 43385 21159 18351 2461 616706 30265 26951 5535 586441 29258 557183 3314 538139 533517 96262 604 2808 113361
is_linear=0
shrinkage=0.05


Tree=87
num_leaves=31
num_cat=0
split_feature=1 20 16 4 19 6 8 6 2 4 6 6 4 4 8 6 2 16 5 2 2 4 0 1 0 3 6 3 6 0
split_gain=139.533 509.593 370.915 330.379 296.986 179.342 237.336 226.718 613.635 163.144 370.171 160.567 1149.56 454.847 668.419 335.284 234.482 197.471 180.419 172.227 154.774 148.809 148.23 153.549 313.108 146.67 205.55 194.759 164.453 320.651
threshold=6.2210504830589217 1.0000000180025095e-35 1.0000000180025095e-35 21.500000000000004 1.0000000180025095e-35 0.22000000000000003 1.0000000180025095e-35 -0.77999999999999992 0.0032933367372989537 3.5000000000000004 0.18000000000000002 0.18000000000000002 11.500000000000002 11.500000000000002 1.0000000180025095e-35 -0.85999999999999988 -0.014092417666581565 1.0000000180025095e-35 3.5000000000000004 38.441000765892277 -0.11988766913454173 9.5000000000000018 0.0047165905594038311 12.211797523472585 0.013125923141443912 0.014881084193276941 0.26000000000000006 0.046563824612605102 -0.85999999999999988 0.0037506698821007504
decision_type=2 2 2 2 2 2 2 2 2 2 2 2 2 2 2 2 2 2 2 2 2 2 2 2 2 2 2 2 2 2
left_child=1 2 4 9 20 6 7 -5 -9 10 -2 13 -13 17 15 -15 -16 -11 -19 22 -1 -20 -18 -24 -25 28 -27 -28 29 -22
right_child=3 -3 -4 5 -6 -7 -8 8 -10 11 -12 12 -14 14 16 -17 19 18 21 -21 25 -23 23 24 -26 26 27 -29 -30 -31
leaf_value=-0.024414052383018806 0.038074236339304901 -0.067356617226807899 -0.066014134331587523 0.031684935569353083 -0.064095404100608308 0.050231379970474034 0.033542877099813274 -0.0087145802030444142 -0.24614951390542605 0.050566302631600848 -0.062327837785851818 -0.075777951662351115 0.048059453657431007 0.00562506685152414 0.045826854586185094 -0.09594455485400194 -0.113347746218297 0.0080413587293025005 -0.2362146835290132 -0.22638314666887238 -0.037976711568622097 -0.018982012381298412 0.01568942304755885 -0.18844154121770179 -0.010461987034440474 0.030308506420709438 -0.027751880608335052 0.042274835661678958 0.0015399668092940693 0.011384640212593507
leaf_weight=591.90032568245078 566.00202754666498 285.50787434121594 212.13060504330861 100.62500192693551 177.31363867809341 586.82907267601695 486.53058697347296 114.07950583938509 35.736414639672148 303.4770139225584 109.57570936071716 266.82772704442323 629.54028821087195 101.92930389053072 202.12891481485531 400.49179730846299 34.80700307490406 133.11911299618077 15.389938940192225 9.747735480690606 757.0639241539302 16.163083201361587 283.11156406682858 30.975974166562082 122.18386202835245 964.59294439962832 371.20320853598241 135.54830465640407 21303.708189996643 581.86896221423558
leaf_count=28203 636 89884 48583 163 74557 1241 1157 248 323 86 782 1622 554 163 1345 2427 377 176 130 81 39132 37 380 212 186 10526 9114 378 708471 16166
internal_value=0.000511355 -0.000933992 -0.000178306 0.00857509 0.000382948 0.0296076 0.0131854 -0.0263629 -0.0653512 -5.708e-05 0.0217895 -0.00584518 0.011196 -0.0150831 -0.0315632 -0.0753385 0.000640342 0.0266454 -0.0174388 -0.0183551 0.000845708 -0.124937 -0.0140505 -0.00612827 -0.0464577 0.00146573 0.0167629 -0.0090208 0.000471702 -0.0165254
internal_weight=29930.1 25380.8 25095.3 4549.27 24883.2 1323.8 736.972 250.441 149.816 3225.47 675.578 2549.89 896.368 1653.53 1185.38 502.421 682.955 468.149 164.672 480.826 24705.9 31.553 471.078 436.271 153.16 24114 1471.34 506.752 22642.6 1338.93
internal_count=1037340 1025014 935130 12326 886547 3132 1891 734 571 9194 1418 7776 2176 5600 5171 2590 2581 429 343 1236 811990 167 1155 778 398 783787 20018 9492 763769 55298
is_linear=0
shrinkage=0.05


Tree=88
num_leaves=31
num_cat=0
split_feature=4 4 0 6 8 0 6 7 15 6 7 9 1 1 4 1 6 6 1 6 4 6 6 1 1 9 4 16 4 1
split_gain=130.651 198.363 189.19 291.806 213.51 345.282 326.405 178.037 199.591 183.893 174.301 181.868 889.227 632.426 246.905 168.458 364.814 168.223 167.99 223.284 162.32 160.61 156.21 189.605 357.079 396.515 188.396 184.62 175.16 162.239
threshold=3.5000000000000004 12.500000000000002 0.010486837777588288 0.18000000000000002 1.0000000180025095e-35 0.013260519527557363 -0.77999999999999992 -0.34899198893389666 1.0000000180025095e-35 0.060000000000000005 -1.3805344750109512 1.0000000180025095e-35 1.4104640087086679 0.6502245203429039 14.500000000000002 12.211797523472585 0.18000000000000002 -0.57999999999999996 0.014763913457613248 0.34000000000000002 17.500000000000004 -0.69999999999999984 0.18000000000000002 -0.52830317049938769 3.4792488773982857 1.0000000180025095e-35 11.500000000000002 1.0000000180025095e-35 10.500000000000002 -0.49360457205061914
decision_type=2 2 2 2 2 2 2 2 2 2 2 2 2 2 2 2 2 2 2 2 2 2 2 2 2 2 2 2 2 2
left_child=-1 7 10 4 5 20 -7 -2 22 -10 -3 15 13 -13 -15 -12 17 -17 19 -5 -4 -16 23 28 25 29 27 -26 -9 -25
right_child=1 2 3 18 -6 6 -8 8 9 -11 11 12 -14 14 21 16 -18 -19 -20 -21 -22 -23 -24 24 26 -27 -28 -29 -30 -31
leaf_value=0.0093503619714570465 -0.028897888378678863 -0.032609286388964522 0.046250210557613185 0.031926315007470452 0.017686068693881705 0.0040413149595317525 -0.1075943378124725 0.042937188416104249 -0.072583057767303311 0.057060194004039992 0.002208162061427888 -0.074857795973777369 -0.17704509266512647 -0.11289999969886083 -0.07339952688568023 -0.022770888024331425 0.04516089029271584 -0.10972133661756341 0.047621048503100206 -0.14337786962105287 -0.045182128420848795 0.020029123975640599 -0.025180063747482103 -0.004802467696389221 0.052101211880279233 0.046789319763014751 -0.047978371870706908 -0.015160141776782843 -0.077751791019012723 -0.068677200997419433
leaf_weight=3652.2603359764653 1043.7416594862989 411.69000119344128 168.45618823751283 52.44528832326796 750.03691785199317 109.57465300530475 162.70034689732347 335.85128464913214 31.629342116424596 202.31225608304158 18168.882792704073 273.13190609218327 81.863432908327013 38.903755872283 48.344720290164332 103.17967408802906 100.14478122928995 120.69620580744049 695.20467558723612 27.788324057852151 68.191163556492029 948.24671835443951 918.60535930138394 132.43889436376958 342.72856108262931 123.27651287132721 86.513866872578546 145.26032597417361 33.01912800212358 398.63791915360343
leaf_count=136278 105396 14743 3156 565 17416 5303 22773 4251 2574 2419 450146 50187 2147 831 414 303 315 780 1703 653 3705 3409 99668 2061 238 2029 689 579 7460 95149
internal_value=0.000492468 -0.000745932 0.00105002 0.0155865 0.00072481 -0.0242723 -0.0626676 -0.0113159 -0.00464348 0.0395322 -0.000407125 0.000259628 -0.0171794 -0.00717868 0.010673 0.00157087 -0.0341639 -0.0696477 0.039715 -0.028789 0.0199035 0.0154969 -0.00875046 0.000695663 -0.00874125 -0.0339959 0.0200236 0.0320794 0.0321338 -0.0527482
internal_weight=29775.8 26123.5 22329.5 2034.4 1258.96 508.922 272.275 3794.02 2750.27 233.942 20295.1 19883.4 1390.49 1308.63 1035.5 18492.9 324.021 223.876 775.438 80.2336 236.647 996.591 2516.33 1597.73 1228.86 654.353 574.503 487.989 368.87 531.077
internal_count=1037340 901062 578549 55274 52353 34937 28076 322513 217117 4993 523275 508532 56988 54841 4654 451544 1398 1083 2921 1218 6861 3823 212124 112456 100745 99239 1506 817 11711 97210
is_linear=0
shrinkage=0.05


Tree=89
num_leaves=31
num_cat=0
split_feature=3 0 5 0 3 3 0 6 1 6 1 4 6 17 1 6 4 1 4 6 3 1 21 7 3 3 3 3 3 5
split_gain=127.577 121.73 119.183 189.843 179.459 221.695 222.109 198.99 160.264 282.142 277.593 289.245 297.848 196.743 870.463 461.891 449.705 287.124 252.927 241.943 337.847 227.375 181.876 165.235 163.835 162.713 234.685 162.146 183.339 228.778
threshold=1.0000000180025095e-35 1.0000000180025095e-35 5.5000000000000009 0.00085215555052080619 0.0045388328084993686 0.0019249723945248525 0.0042954015362916828 -0.61999999999999988 -0.57075792624846911 1.2200000000000002 -0.54259082868417463 22.500000000000004 0.18000000000000002 1.0000000180025095e-35 -0.52217988842019325 0.26000000000000006 11.500000000000002 -0.52013879439379507 12.500000000000002 -1.0000000180025095e-35 0.0098296209766430571 -0.49360457205061914 1.0000000180025095e-35 0.4964921223182755 0.0091164982240353274 0.0087912135094867835 0.0088828608466702784 0.00062291017164413961 0.0029990056612352787 1.0000000180025095e-35
decision_type=2 2 2 2 2 2 2 2 2 2 2 2 2 2 2 2 2 2 2 2 2 2 2 2 2 2 2 2 2 2
left_child=-1 -2 8 -4 5 6 -5 -7 9 25 11 -10 -13 17 23 -16 -17 18 -12 -20 22 -19 -21 -15 -14 -3 -27 -23 29 -29
right_child=1 2 3 4 -6 7 -8 -9 10 -11 13 12 24 14 15 16 -18 21 19 20 -22 27 -24 -25 -26 26 -28 28 -30 -31
leaf_value=-0.056633728068790336 -0.069029172503943123 -0.047893381270309759 -0.073450701147010591 -0.07628237290578696 0.0007532187627736711 0.0016021239382199824 0.048959969156671626 -0.045092643567382025 0.0076354030561159164 0.02326450886076678 0.018883229079097716 0.093425343918160486 0.030701005808008192 0.026306982781160448 -0.063620920985805199 -0.061211947327570876 0.054404846730162743 0.029389599885134204 -0.02204867363646297 -0.051163633805492159 -0.00027922906539263351 0.055181647452461006 -0.20266931652757006 -0.029815197555584413 -0.10492600457278828 0.10299765309159359 -0.020722233924392257 -0.051508669557771371 0.0043641462701005385 -0.0045003671485234053
leaf_weight=97.483283445373672 62.530243068715208 534.36714601768836 102.50553317891809 44.072229099667311 3787.7070420175396 332.53588163304084 179.90203154173651 726.88189866772336 1313.1210953132249 328.80063829275605 156.80417272606064 234.77706145180855 394.03267179988325 980.24601223360514 807.58005193192912 145.71826998113283 198.91643905639648 854.91196079845031 202.9044227490449 27.558129400778853 49.93762614033767 147.52592010768421 70.443788001372013 151.40923281156574 23.600302502512932 45.401716227745055 246.11152601407957 307.18805003179477 15456.41211178147 1643.9410838525946
leaf_count=75416 12893 82961 9636 4419 107416 11822 3554 46480 39764 8382 9852 1856 488 2482 21416 5507 28 19044 11609 5453 783 4622 1561 832 116 340 15091 23422 437255 72840
internal_value=0.000471572 0.000659908 0.00080765 -0.00608364 -0.0047219 -0.0208808 0.0243156 -0.0304358 0.00227353 -0.0159065 0.00317966 0.0211552 0.0483669 0.00151319 -0.0123491 -0.0429405 0.00551981 0.00318674 -0.0339084 -0.0575027 -0.106129 0.00420962 -0.160066 0.0187981 0.0230368 -0.0315014 -0.00145349 0.00298339 0.00254102 -0.0119014
internal_weight=29655.3 29557.8 29495.3 5173.6 5071.1 1283.39 223.974 1059.42 24321.7 1154.68 23167 1965.53 652.41 21201.5 2283.87 1152.21 344.635 18917.6 507.648 350.844 147.94 18410 98.0019 1131.66 417.633 825.88 291.513 17555.1 17407.5 1951.13
internal_count=1037340 961924 949031 183327 173691 66275 7973 58302 765704 106774 658930 42224 2460 616706 30265 26951 5535 586441 29258 19406 7797 557183 7014 3314 604 98392 15431 538139 533517 96262
is_linear=0
shrinkage=0.05


Tree=90
num_leaves=31
num_cat=0
split_feature=1 20 16 4 19 6 8 6 2 4 6 0 1 1 1 6 3 8 2 1 6 1 1 6 6 6 2 6 7 18
split_gain=129.917 479.44 346.923 301.267 272.311 171.109 207.798 189.76 506.036 145.419 343.094 139.238 455.033 333.572 277.674 236.966 201.116 174.916 557.024 703.335 739.68 680.243 524.124 471.614 433.362 311.857 289.648 266.067 229.107 223.3
threshold=6.2210504830589217 1.0000000180025095e-35 1.0000000180025095e-35 21.500000000000004 1.0000000180025095e-35 0.22000000000000003 1.0000000180025095e-35 -0.77999999999999992 0.0032933367372989537 3.5000000000000004 0.18000000000000002 0.0050582323563124294 3.0136753299768682 -0.45591236902979998 -0.56667573819567285 0.26000000000000006 0.022892138400825299 1.0000000180025095e-35 0.013479703854991067 0.073139202612600332 0.18000000000000002 1.0000000180025095e-35 -0.3741325350387808 0.46000000000000002 -0.73999999999999988 0.78000000000000014 -0.11988766913454173 0.3000000000000001 0.69747297124604102 1.0000000180025095e-35
decision_type=2 2 2 2 2 2 2 2 2 2 2 2 2 2 2 2 2 2 2 2 2 2 2 2 2 2 2 2 2 2
left_child=1 2 4 9 11 6 7 -5 -9 10 -2 17 13 14 -13 16 -15 25 19 20 24 22 27 28 -19 26 -1 -22 -20 -29
right_child=3 -3 -4 5 -6 -7 -8 8 -10 -11 -12 12 -14 15 -16 -17 -18 18 23 -21 21 -23 -24 -25 -26 -27 -28 29 -30 -31
leaf_value=-0.041233914010111117 0.037188267297194537 -0.066947469930636855 -0.065558459847811071 0.031044193480719282 -0.063556965760313042 0.050171343891882658 0.03280263153871131 -0.0065133743113780576 -0.21649388388453997 -0.0054729111251374451 -0.060693019050139567 -0.088498869754123716 0.046703774867068518 -0.048439314365984476 0.026799050361107437 0.009738720715605987 0.047341622148040163 -0.0077631707699232153 -0.026968403425236782 -0.048018272509497084 -0.073706457845774384 0.05130418593472006 -0.066268807514062472 0.0071643732695803085 0.064430916864700954 -0.01730486606836187 0.0067650375005434268 0.0090904444897687755 -0.074060271934396904 -0.077326595615220206
leaf_weight=322.7243270593026 544.07159344947922 272.07332747720284 201.4699087918234 98.033807705156505 165.72580892395126 543.43377955055621 466.67137450933296 117.50837672717898 37.961177739991399 2474.5932063560149 107.15997776113363 55.319345070687632 683.95993213381553 574.1873871334501 931.86929276257433 402.66290754086367 60.589150689542294 273.09488053627774 2310.7235969581857 523.57295829027044 118.46019095041993 485.69146942426596 394.90620625887459 1072.9596424012334 870.31452782619681 1703.8224018999281 12043.82450622057 1344.0083803825992 290.77817680350836 79.155975663028585
leaf_count=12326 636 89884 48583 163 74557 1241 1157 248 323 7776 782 3313 1744 95042 3189 52638 350 6561 104687 76067 3152 3616 18288 31601 16177 60586 282663 19327 18157 2506
internal_value=0.000450053 -0.0009336 -0.000212574 0.00838798 0.000320251 0.0289904 0.0130075 -0.0234331 -0.0577846 5.95006e-05 0.0210819 0.000751586 0.0114442 -0.000467207 0.0203381 -0.0202647 -0.0392971 -0.000574868 -0.00659959 0.00609594 0.014042 -0.0016045 -0.0148743 -0.0207281 0.0471879 0.00274942 0.00551243 -0.00170892 -0.032232 0.00428395
internal_weight=29571.3 25181.9 24909.8 4389.43 24708.4 1263.61 720.175 253.503 155.47 3125.82 651.232 24542.6 2708.59 2024.63 987.189 1037.44 634.777 21834 7763.67 4089.2 3565.63 2422.22 1936.53 3674.46 1143.41 14070.4 12366.5 1541.62 2601.5 1423.16
internal_count=1037340 1025014 935130 12326 886547 3132 1891 734 571 9194 1418 811990 156276 154532 6502 148030 95392 655714 300139 145694 69627 46889 43273 154445 22738 355575 294989 24985 122844 21833
is_linear=0
shrinkage=0.05


Tree=91
num_leaves=31
num_cat=0
split_feature=3 3 2 1 1 17 1 1 8 3 3 3 7 6 2 8 6 2 3 7 2 6 3 3 3 6 14 1 4 1
split_gain=119.8 118.102 125.084 307.021 264.07 457.782 390.367 402.086 437.33 315.345 290.236 264.891 266.212 249.684 224.383 206.3 300.172 268.496 313.527 279.38 249.107 217.444 185.417 184.139 183.726 183.045 402.385 392.437 724.305 598.545
threshold=1.0000000180025095e-35 0.046563824612605102 0.067143221853459292 -0.56667573819567285 -0.35644305347666355 1.0000000180025095e-35 0.72683358280038124 -0.27711253231732208 1.0000000180025095e-35 0.0013904218153912296 0.0049102659772611934 0.0057831425844928402 0.16946744894789112 -0.73999999999999988 34.610824610671436 1.0000000180025095e-35 0.46000000000000002 0.26293081439877458 0.0033751213246618898 -0.61065475358684973 0.10730150625478684 0.14000000000000004 0.0021847276021491947 0.0077859341700213126 0.0097807560893557258 0.34000000000000002 1.0000000180025095e-35 -0.066879847598312725 11.500000000000002 -0.3741325350387808
decision_type=2 2 2 2 2 2 2 2 2 2 2 2 2 2 2 2 2 2 2 2 2 2 2 2 2 2 2 2 2 2
left_child=-1 2 25 -4 13 6 7 8 10 -8 -6 12 -12 -5 15 20 17 18 19 -17 -15 -19 -11 -13 -25 -2 27 29 -29 -27
right_child=1 -3 3 4 5 -7 9 -9 -10 22 11 23 -14 14 -16 16 -18 21 -20 -21 -22 -23 -24 24 -26 26 -28 28 -30 -31
leaf_value=-0.056292354763133989 0.0072141791551487509 0.041709840947702269 -0.063583050742649569 -0.024720424587358559 -0.047900059453577053 -0.081190676320757188 0.062549302228622261 -0.065308219213258342 -0.06701484980421589 -0.052263053881426949 -0.10942786475977839 -0.057727318859433996 0.090337506303096213 -0.052146705841365805 -0.038501869634804377 0.13129419295080177 0.024688654859089026 -0.04988355845038614 -0.0060081046610859171 -0.089691768786915399 0.021528882541043848 0.0056248822301084942 -0.00030308983573027327 0.041663844584545147 -0.039220287362673814 -0.0015902092903851775 -0.077950853625636543 -0.033967564678717775 0.031238510241393392 -0.054069874093054721
leaf_weight=92.780570396869734 10492.201533024039 173.78127357969061 207.8554932324696 627.34660318599708 188.82543748810531 214.08101599254405 195.25969266353786 501.71835114561782 266.48176253450765 178.68569078067139 18.425340934336418 101.57169219817297 175.79439925350016 119.20879427259024 241.92094018600983 81.932738227487789 714.95532530841956 579.29779907274769 423.60883968253802 17.326885435408258 3054.0546555072488 253.69189876269229 4387.1375326466195 248.67971488922194 97.825921950323391 2615.1573087646775 177.76850768624809 571.61215306847498 1670.4185444151699 685.7982361219747
leaf_count=75416 338990 582 65567 13513 4026 11843 3567 175026 6955 5331 419 1495 313 2376 6270 303 6922 15441 6284 950 26898 3252 60155 755 907 69061 18952 57812 32584 25375
internal_value=0.000433708 0.000613443 0.000368094 -0.00330701 -0.00231955 -0.00927531 -0.00685475 -0.028227 -0.011277 0.000324506 0.00659417 0.0226146 0.0713861 0.00516089 0.00857795 0.0107498 -0.00152647 -0.0153499 0.0127338 0.0927186 0.0187611 -0.0329781 -0.00233657 0.00147459 0.0188285 0.00329125 -0.00390364 -0.00152888 0.014614 -0.0124933
internal_weight=29375.2 29282.4 29108.6 12895.7 12687.8 6574.49 6360.41 1599.32 1097.6 4761.08 831.123 642.297 194.22 6113.34 5486 5244.08 2070.81 1355.86 522.868 99.2596 3173.26 832.99 4565.82 448.077 346.506 16213 5720.75 5542.99 2242.03 3300.96
internal_count=1037340 961924 961342 418568 353001 270792 258949 189896 14870 69053 7915 3889 732 82209 68696 62426 33152 26230 7537 1253 29274 18693 65486 3157 1662 542774 203784 184832 90396 94436
is_linear=0
shrinkage=0.05


Tree=92
num_leaves=31
num_cat=0
split_feature=4 4 6 0 3 5 2 3 3 1 7 0 0 0 4 6 1 13 1 1 7 2 0 18 1 1 6 1 6 7
split_gain=120.051 173.152 167.379 246.477 172.969 177.336 296.924 215.827 382.838 190.681 163.672 215.034 201.811 186.03 266.718 166.227 160.554 158.294 312.032 262.509 175.951 160.635 160.112 217.14 322.622 439.164 370.8 304.236 579.452 245.891
threshold=3.5000000000000004 12.500000000000002 1.1400000000000003 0.0011383072457758891 0.011749847885998867 5.5000000000000009 0.1569568547357672 0.0057547800917684905 0.0057831425844928402 5.249489726493402 -0.11762130050205265 0.0034715526845781378 0.0011383072457758891 0.0016277812714181748 21.500000000000004 0.10000000000000002 -0.54871411076336918 1.0000000180025095e-35 -0.28582120016328755 -0.45591236902979998 0.88177762636267165 -0.11161603267806994 0.010486837777588288 1.0000000180025095e-35 -0.43223567832358151 -0.33929786365491904 0.38000000000000006 -0.0070077561573003684 0.14000000000000004 0.30821876841475465
decision_type=2 2 2 2 2 2 2 2 2 2 2 2 2 2 2 2 2 2 2 2 2 2 2 2 2 2 2 2 2 2
left_child=-1 -2 4 -4 5 17 10 -8 -9 -10 11 -7 -12 -14 15 -15 -6 22 19 -19 21 -21 23 29 -25 26 -26 -27 -29 -3
right_child=1 2 3 -5 16 6 7 8 9 -11 12 -13 13 14 -16 -17 -18 18 -20 20 -22 -23 -24 24 25 27 -28 28 -30 -31
leaf_value=0.0090218059553753612 -0.010784420718800135 -0.0020421386234683522 -0.067499099529454903 0.017905701203209376 -0.046107700540444975 -0.045713808787695334 -0.069086819113175491 0.10475569199995581 -0.056344445588007885 0.016419142039971923 -0.091097018558949749 0.0067589162530317069 0.041946789125310961 -0.081186174666810676 0.016499574589260397 -0.0063387749783285615 0.018512974349103643 -0.062294216533128832 -0.068198636770946314 -0.04165005919459569 -0.080465870323940258 0.028778595310662958 0.014767045379065992 -0.06484544446912642 0.035805477467435225 -0.038551099354424828 -0.054470203621793237 -0.09674923424174442 0.034230157267864117 -0.02018608495638741
leaf_weight=3556.6889998417755 3701.411416009978 6309.7423599093627 88.178701681813436 2013.7757238244585 102.21132232746095 426.20410654371972 341.59315552652197 56.855429672665196 287.1162513714944 131.17051130478649 50.689266524977484 360.2972055197688 349.01210560661457 134.45779862020663 696.80417199092881 165.46943805455885 1613.2092853446593 95.520885020590867 110.19024918421383 85.213651706999372 40.276791130663696 1622.6495496024145 1325.6357561403292 143.39643931911814 1492.2701050598298 546.08984084314397 123.13204973886604 101.03051472296465 514.23629537584929 2652.2311965892777
leaf_count=136278 322513 190830 7825 30722 4403 19131 26476 331 13683 231 5536 7104 4250 12690 4351 6266 18480 8824 29118 625 455 5317 41201 14338 2918 9902 1017 11670 6400 94455
internal_value=0.000412606 -0.000779768 0.000905109 0.0143229 -0.000513818 -0.00194731 -0.0130552 -0.0387731 -0.0169797 -0.0335265 -0.00343295 -0.021676 0.00684192 0.0105309 -0.00046955 -0.039893 0.0146626 0.000250349 0.0135334 0.0184183 0.0228286 0.0252646 -0.00171464 -0.00355343 0.00828765 0.0120644 0.0289243 -0.0113872 0.0127226 -0.00741171
internal_weight=29236.8 25680.1 21978.7 2101.95 19876.7 18161.3 2999.67 816.735 475.142 418.287 2182.93 786.501 1396.43 1345.74 996.731 299.927 1715.42 15161.6 1953.85 1843.66 1748.14 1707.86 13207.8 11882.1 2920.16 2776.76 1615.4 1161.36 615.267 8961.97
internal_count=1037340 901062 578549 38547 540002 517119 100049 40721 14245 13914 59328 26235 33093 27557 23307 18956 22883 417070 44339 15221 6397 5942 372731 331530 46245 31907 3935 27972 18070 285285
is_linear=0
shrinkage=0.05


Tree=93
num_leaves=31
num_cat=0
split_feature=1 20 16 4 19 6 8 6 2 0 1 1 1 6 3 1 1 14 6 1 14 1 6 2 3 6 2 3 0 11
split_gain=113.337 447.923 326.152 275.961 256.471 166.131 193.46 169.236 360.914 129.873 427.972 296.942 253.287 221.987 178.927 159.014 448.617 649.5 225.067 196.7 533.778 523.095 376.592 229.257 210.841 208.961 325.062 276.139 282.871 250.547
threshold=6.2210504830589217 1.0000000180025095e-35 1.0000000180025095e-35 21.500000000000004 1.0000000180025095e-35 0.22000000000000003 1.0000000180025095e-35 -0.81999999999999995 0.0032933367372989537 0.0050582323563124294 3.0136753299768682 -0.45591236902979998 -0.56667573819567285 0.26000000000000006 0.022892138400825299 3.0136753299768682 4.1663491631514509 1.0000000180025095e-35 0.22000000000000003 2.112192134984352 1.0000000180025095e-35 1.4104640087086679 0.26000000000000006 0.10390605054888948 0.013632571016801306 -0.81999999999999995 -0.045545059994894048 0.011749847885998867 0.0030303308570326635 1.0000000180025095e-35
decision_type=2 2 2 2 2 2 2 2 2 2 2 2 2 2 2 2 2 2 2 2 2 2 2 2 2 2 2 2 2 2
left_child=1 2 4 -2 9 6 7 -5 -9 15 11 12 -11 14 -13 19 17 -17 -19 20 21 25 24 -24 -21 26 29 28 -28 -1
right_child=3 -3 -4 5 -6 -7 -8 8 -10 10 -12 13 -14 -15 -16 16 -18 18 -20 22 -22 -23 23 -25 -26 -27 27 -29 -30 -31
leaf_value=0.02553896521068303 -2.098808042960214e-05 -0.066515345609884383 -0.065184605103412618 0.033745416455955295 -0.063289771194063232 0.050071355495177418 0.032099048594722901 -0.0072009903401703407 -0.17350439595232817 -0.086889151971960177 0.046302337767693179 -0.046204329239061745 0.025703044686628252 0.010073962375698015 0.045437360985718822 -0.096666277529046551 0.0096129938676702102 0.026568314766173707 -0.12210129563067074 0.02544549849931653 -0.049121320168597389 -0.1364247726529387 -0.17966985722780013 -0.011489118898370695 0.10400356579055031 0.0027606240030166669 -0.098190451296701925 0.052578957711995659 -0.025797909945278204 -0.058013619618993463
leaf_weight=447.36649522484913 3091.4017227297518 257.4243034739593 191.66843024729314 87.053348198125605 157.56384306960899 504.26564023790706 449.47252834073151 119.92373927158042 44.816211961104273 52.839067264385449 652.75077802213491 568.55843769555577 913.56168801423337 399.26139740517283 58.769182282499969 327.12832383551176 687.0556133945156 225.98395804466418 28.688804603014432 643.63196820319536 548.92264255411283 69.099245680983586 32.348162001353558 54.239456665622129 98.479353147209622 17673.214156365168 226.6729765043292 66.628851357178064 333.43939548238814 112.23373307863403
leaf_count=13561 9194 89884 48583 140 74557 1241 1157 258 336 3313 1744 95042 3189 52638 350 2933 3541 222 139 5245 96675 14308 1726 1095 122 482328 21213 162 11135 1309
internal_value=0.000394276 -0.000903321 -0.000215895 0.00789174 0.000294903 0.0281827 0.0124431 -0.0226445 -0.0524425 0.00070854 0.0111639 -0.000344821 0.0195469 -0.0190703 -0.0376192 -0.000573586 -0.0177455 -0.0500535 0.00982073 0.000499419 -0.000515631 0.000893912 0.024357 -0.0743196 0.0358703 0.00139703 -0.0189167 -0.0436478 -0.0550946 0.00878161
internal_weight=29124.5 24827.5 24570.1 4296.93 24378.4 1205.53 701.266 251.793 164.74 24220.9 2645.74 1992.99 966.401 1026.59 627.328 21575.1 1268.86 581.801 254.673 20306.3 19477.6 18928.7 828.699 86.5876 742.111 18859.6 1186.34 626.741 560.112 559.6
internal_count=1037340 1025014 935130 12326 886547 3132 1891 734 594 811990 156276 154532 6502 148030 95392 655714 6835 3294 361 648879 640691 544016 8188 2821 5367 529708 47380 32510 32348 14870
is_linear=0
shrinkage=0.05


Tree=94
num_leaves=31
num_cat=0
split_feature=0 7 18 1 4 7 0 6 6 7 3 5 0 2 6 6 2 0 3 4 6 17 4 0 5 5 5 6 13 3
split_gain=111.751 110.573 173.988 118.278 133.04 112.7 146.054 269.003 193.197 204.906 162.442 153.732 276.136 186.04 151.539 211.015 221.651 218.291 179.652 165.467 150.392 142.234 197.563 140.107 138.296 163.257 131.203 302.444 287.895 219.641
threshold=1.0000000180025095e-35 1.1017393947111718 1.0000000180025095e-35 3.0136753299768682 5.5000000000000009 -0.98378491833742066 0.0011867135030440049 -0.41999999999999998 1.1800000000000002 0.68878477410780092 0.0064073898359223447 1.0000000180025095e-35 0.0011968885196114948 20.891447536379889 1.2600000000000002 0.78000000000000014 -0.098289507275976504 0.0051151969696766409 0.0089804911537572415 11.500000000000002 0.7400000000000001 1.0000000180025095e-35 18.500000000000004 0.00059719452314311563 1.5000000000000002 2.5000000000000004 3.5000000000000004 0.10000000000000002 1.0000000180025095e-35 0.0084156264502499249
decision_type=2 2 2 2 2 2 2 2 2 2 2 2 2 2 2 2 2 2 2 2 2 2 2 2 2 2 2 2 2 2
left_child=-1 5 3 4 -3 -2 7 10 9 -9 -7 12 -8 -14 15 18 24 21 26 -16 -20 -18 -23 -12 -17 -26 -13 29 -29 -28
right_child=1 2 -4 -5 -6 6 11 8 -10 -11 23 14 13 -15 19 16 17 -19 20 -21 -22 22 -24 -25 25 -27 27 28 -30 -31
leaf_value=-0.067971331224913709 -0.0088007146651902495 -0.0012192292056391215 0.022991552616427796 -0.0026108161517555159 -0.075581307009239346 -0.082529231752665411 0.103908142596632 0.0074780517469933434 -0.070321752680502697 -0.058346671125849618 -0.11806930311257897 0.0079195285862423536 -0.0051756249857346859 -0.062332590473620955 -0.013049297943523159 -0.091001475926126146 -0.062289169822710669 0.0065111162033255308 0.013277210759777378 0.026861600396794274 0.068826740473060824 -0.065651711462134499 0.058625576020547659 -0.0081196544908616886 0.060456614792383047 -0.0022195588147907955 -0.0087545462856900708 0.014229707961001856 -0.093661622541447706 -0.095600059036958202
leaf_weight=59.681611124629853 2665.1625913082098 83.520724086611153 172.12431849018321 170.9241663297089 214.93285840619683 173.85401341482066 56.603091383629817 1558.0593500563073 96.327195209134516 127.93469490945881 32.819554445395624 5953.4323958566592 3800.1120008474486 147.90769252002519 320.31240430728758 31.835662454570411 440.28669306457596 259.95091213559863 3356.6976110760115 1372.3485735780941 126.43325430603727 62.833159625994085 65.122839689254761 247.30141726979491 148.15532473428902 347.80641234696304 4261.4120559827707 2464.2295104124532 63.421544123204512 74.070120632000908
leaf_count=13878 106750 5409 1874 759 19914 22131 671 60949 8579 9838 2976 189324 142951 8764 25902 2653 23835 17193 69050 16737 1554 2473 6 7016 1946 11656 181323 72421 3152 5656
internal_value=0.000376966 0.000518133 -0.0200086 -0.0357771 -0.0547715 0.000984182 0.00200329 -0.0102036 -0.0014516 0.00248321 -0.0445642 0.00317223 -0.00574484 -0.00731694 0.00501784 0.00364774 -0.0153038 -0.0314416 0.00522434 0.019309 0.0152936 -0.0488037 -0.00240114 -0.0210016 0.0100188 0.0165033 0.00248785 -0.00222387 0.0115226 -0.0102383
internal_weight=28955.6 28895.9 641.502 469.378 298.454 28254.4 25589.3 2236.3 1782.32 1685.99 453.975 23353 4004.62 3948.02 19348.3 17655.7 1355.99 828.194 16299.7 1692.66 3483.13 568.243 127.956 280.121 527.797 495.962 12816.6 6863.13 2527.65 4335.48
internal_count=1037340 1023462 27956 26082 25323 995506 888756 111489 79366 70787 32123 777267 152386 151715 624881 582242 59762 43507 522480 42639 70604 26314 2479 9992 16255 13602 451876 262552 75573 186979
is_linear=0
shrinkage=0.05


Tree=95
num_leaves=31
num_cat=0
split_feature=4 4 7 15 6 0 6 8 1 6 4 1 3 13 1 1 3 7 1 7 18 2 1 2 18 6 4 6 6 17
split_gain=112.194 151.011 148.927 172.365 163.511 146.741 259.541 181.345 310.793 349.189 221.717 162.372 218.744 147.572 382.048 362.427 167.233 199.529 151.986 283.246 282.842 398.843 319.207 312.185 254.901 224.996 212.212 409.773 219.095 217.345
threshold=3.5000000000000004 12.500000000000002 -0.34899198893389666 1.0000000180025095e-35 0.060000000000000005 0.010486837777588288 0.18000000000000002 1.0000000180025095e-35 0.94849639406722019 -0.77999999999999992 17.500000000000004 2.6725404816981908 0.0075037040898870361 1.0000000180025095e-35 -0.28582120016328755 -0.45591236902979998 0.011330338389019151 0.76577457587217357 -0.54653694380187778 -1.0336641282400496 1.0000000180025095e-35 -0.11230533571610925 0.10198666485236084 13.989941281593058 1.0000000180025095e-35 1.5800000000000003 22.500000000000004 0.18000000000000002 0.18000000000000002 1.0000000180025095e-35
decision_type=2 2 2 2 2 2 2 2 2 2 2 2 2 2 2 2 2 2 2 2 2 2 2 2 2 2 2 2 2 2
left_child=-1 2 -2 -4 -5 13 7 8 10 -10 -7 12 -8 16 15 -15 18 -18 19 -3 -20 -22 23 25 26 -23 27 -21 -28 -29
right_child=1 5 3 4 -6 6 11 -9 9 -11 -12 -13 -14 14 -16 -17 17 -19 20 24 21 22 -24 -25 -26 -27 28 29 -30 -31
leaf_value=0.0087335894593586205 -0.026406424143414875 -0.080577450912307724 -0.0078467949852318777 -0.071955247492862209 0.053915328075252414 0.056413435362861086 -0.1471812305190488 0.016243072679513883 0.0082699155991480811 -0.10290172820286624 -0.063974961361726507 0.048580926234531162 0.023595695164338071 -0.06119811588941132 -0.066233894694862794 0.020224654901055929 0.016212525444034866 -0.050835167762330137 -0.010363135246229378 -0.062429091955209549 -0.071506228519149187 0.016546119254466609 -0.079780626704203439 -0.099749199515952874 -0.063439857882886294 -0.094726712806015884 0.077543802937979744 0.002070651509523585 0.019977171628668491 0.062109632968930309
leaf_weight=3512.7984820998863 1020.8328065637043 86.829290152268186 2420.8493110599111 29.64807149925764 198.8467394033687 146.24317247582803 25.445184453480579 708.69272338609517 121.5761270843177 168.57048131556348 51.787782741199408 587.43488775978039 71.270313721892308 145.28584220043649 152.24886981212967 2304.2397490358453 1750.9047209938217 118.47109016037575 9618.7576301748431 211.06143564187732 157.10106848078067 3089.3793864109894 96.028842679948866 60.51144647485944 107.94493929826876 46.107414274836628 209.12711204632888 695.91962444572073 788.38535167742521 192.41548899518966
leaf_count=136278 105396 8170 212124 2574 2419 13388 1201 17416 1247 4290 16012 1293 427 12848 40011 8966 23579 2980 293540 50808 5116 24512 18823 2315 9455 1228 5026 14361 1463 74
internal_value=0.000358663 -0.000800407 -0.0101807 -0.00392865 0.0375831 0.000785245 0.0141318 8.98479e-05 -0.02336 -0.056319 0.0249302 0.0386973 -0.0213345 -0.000480732 0.0106186 0.0153953 -0.00215686 0.0119634 -0.0038754 0.00800164 -0.00595825 0.00632587 0.0100401 0.012739 0.01149 0.0149098 0.0153472 0.000196006 0.0320459 0.0150752
internal_weight=28894.7 25381.9 3670.18 2649.34 228.495 21711.7 1881.02 1196.87 488.178 290.147 198.031 684.15 96.7155 19830.7 2601.77 2449.53 17228.9 1869.38 15359.6 2291.68 13067.9 3449.13 3292.03 3196 2204.85 3135.49 2096.91 1099.4 997.512 888.335
internal_count=1037340 901062 322513 217117 4993 578549 55274 52353 34937 5537 29400 2921 1628 523275 61825 21814 461450 26559 434891 89357 345534 51994 46878 28055 81187 25740 71732 65243 6489 14435
is_linear=0
shrinkage=0.05


Tree=96
num_leaves=31
num_cat=0
split_feature=3 0 3 4 4 6 4 1 17 0 1 4 16 1 2 1 9 15 4 6 6 12 1 17 1 1 9 10 1 2
split_gain=109.212 104.001 102.337 103.629 142.344 144.11 241.16 285.397 270.722 157.123 145.339 239.528 268.366 223.878 220.934 211.623 348.311 264.536 235.28 181.517 141.403 251.418 249.056 326.943 159.231 352.107 188.05 188.467 203.415 138.017
threshold=1.0000000180025095e-35 1.0000000180025095e-35 0.046563824612605102 3.5000000000000004 12.500000000000002 0.22000000000000003 11.500000000000002 4.1663491631514509 1.0000000180025095e-35 0.0022850615974545165 3.4792488773982857 11.500000000000002 1.0000000180025095e-35 12.211797523472585 42.128976257339808 -0.49360457205061914 1.0000000180025095e-35 1.0000000180025095e-35 10.500000000000002 0.060000000000000005 0.38000000000000006 1.0000000180025095e-35 -0.3126275683766499 1.0000000180025095e-35 -0.50081643761055916 2.6725404816981908 1.0000000180025095e-35 1.0000000180025095e-35 -0.3035106817254048 34.610824610671436
decision_type=2 2 2 2 2 2 2 2 2 2 2 2 2 2 2 2 2 2 2 2 2 2 2 2 2 2 2 2 2 2
left_child=-1 -2 3 20 5 10 7 8 -7 -8 15 12 -12 -14 -15 18 17 -17 -5 -19 24 22 23 -22 -3 26 27 -26 -29 -6
right_child=1 2 -4 4 29 6 9 -9 -10 -11 11 -13 13 14 -16 16 -18 19 -20 -21 21 -23 -24 -25 25 -27 -28 28 -30 -31
leaf_value=-0.055885594015932773 -0.067536142412162312 0.031626862368871488 0.040210029200956177 0.023359067040671096 0.0015281695086087547 0.0034377559542649026 -0.065571101910964852 -0.078892171009933468 -0.06279176904064214 0.031285147262990073 0.048058844970778634 -0.047682804708575423 -0.0091262563658267987 -0.45958128233957485 0.0091483604328377859 -0.054416193439394384 0.040910634323979185 -0.074371148407772175 -0.063426952174513954 0.053779082835855446 0.027045899111824607 0.038539092185225256 -0.063746522074633757 -0.070199378392943573 -0.054684378571155837 0.023847625307036449 0.048615955056881044 0.045798089853716861 -0.05028881104198344 -0.0229149927315625
leaf_weight=86.100583347233623 56.041192411335942 884.74829452419362 162.50270818313584 544.19665537494802 20783.520196298814 463.78550718570477 50.106636854871795 273.47298930073157 231.22429573181762 254.78445030288276 461.03392543019436 127.72575472308381 188.5226985742047 5.6217302158474904 4.5475633516907692 628.02696108087275 158.82491768416003 37.256841036156402 91.180093583032431 106.96612054423895 304.35337082119077 213.44691386539489 246.45194351664031 120.71279548290477 365.44679172886026 1028.2383584433665 81.173357774678152 125.39939597714692 98.223724345909432 594.01185182321206
leaf_count=75416 12893 8432 578 8189 500554 109154 7849 2550 11043 4955 416 921 762 61 5 132384 2783 3090 12574 574 16004 9228 21784 3348 44016 2321 505 132 20462 24357
internal_value=0.000342321 0.000511055 0.000644227 0.000418415 -0.000704987 -0.00986333 -0.0234134 -0.0356222 -0.0185963 0.0153675 -0.00253322 0.01499 0.0271237 -0.021453 -0.249972 -0.0113421 -0.0265236 -0.0403925 0.0109048 0.0206743 0.00851786 -0.00873126 -0.0237565 -0.000570388 0.0144271 0.00546761 -0.0227297 -0.032561 0.00359309 0.000848974
internal_weight=28777.6 28691.5 28635.5 28473 25004.8 3627.28 1273.37 968.483 695.01 304.891 2353.9 787.452 659.726 198.692 10.1693 1566.45 931.075 772.25 635.377 144.223 3468.19 884.965 671.518 425.066 2583.23 1698.48 670.243 589.07 223.623 21377.5
internal_count=1037340 961924 949031 948453 822221 297310 135551 122747 120197 12804 161759 2165 1244 828 66 159594 138831 136048 20763 3664 126232 50364 41136 19352 75868 67436 65115 64610 20594 524911
is_linear=0
shrinkage=0.05


Tree=97
num_leaves=31
num_cat=0
split_feature=3 7 18 1 4 15 1 7 7 7 1 6 2 0 1 6 1 5 6 0 1 4 1 1 21 2 3 1 0 7
split_gain=103.283 99.7948 156.253 108.215 116.942 99.612 356.177 201.49 209.657 205.14 198.158 408.82 569.108 220.507 217.406 207.474 197.631 231.008 287.622 166.281 155.084 144.109 243.275 137.109 526.676 385.55 206.78 158.219 172.365 152.601
threshold=1.0000000180025095e-35 1.1017393947111718 1.0000000180025095e-35 3.0136753299768682 5.5000000000000009 1.0000000180025095e-35 -0.29466594094434617 -1.0336641282400496 -0.82736026614236735 -0.73730752791238474 -0.51183834535310924 0.14000000000000004 0.28292060250191481 0.0034042555931195089 -0.61470948428357597 0.14000000000000004 -0.3035106817254048 4.5000000000000009 1.0000000180025095e-35 0.00257318769868957 -0.33058919580895363 21.500000000000004 -0.39916995509593139 -0.56055245611647841 1.0000000180025095e-35 -0.014092417666581565 0.032597487814023253 -0.60382364947611922 0.0035933620450797738 -0.028981745608753291
decision_type=2 2 2 2 2 2 2 2 2 2 2 2 2 2 2 2 2 2 2 2 2 2 2 2 2 2 2 2 2 2
left_child=-1 5 3 4 -3 23 7 19 -9 -10 14 16 -13 -14 -11 -16 17 20 -19 -7 21 22 -12 24 -2 27 -27 29 -29 -26
right_child=1 2 -4 -5 -6 6 -8 8 9 10 11 12 13 -15 15 -17 -18 18 -20 -21 -22 -23 -24 -25 25 26 -28 28 -30 -31
leaf_value=-0.055601390834573716 -0.054794566919834954 -0.0017530100083150146 0.022021640860256372 -0.0024635377407156815 -0.072404622337265176 -0.091508852102177615 -0.061650987373404201 0.049249638822429512 -0.094445626792325724 -0.099300070208372726 -0.058814173357703253 -0.073829400127974634 -0.027335250610954077 0.071280288701035047 -0.053496188527255267 0.044482150989121838 0.12197563088569326 -0.055647422746620795 0.033273192825873307 -0.0014823411731321511 -0.05612025412194175 -0.00082861841821815503 0.04570564120353416 0.00062339032523330907 -0.015766411614621955 -0.068298993273198036 -0.70456632891796611 -0.089065427829818966 0.015088018267682801 0.059933801466574392
leaf_weight=82.309462023786182 522.51416499615698 81.172104416686125 168.32545527262482 169.2182781131778 210.33220606290524 81.452011025045067 173.66922778151275 386.5260001567076 46.13000415742863 30.158698792685755 59.783193040173501 338.62570185176446 100.91746974119451 129.33065614290535 58.224197392715723 750.26775834779255 43.254147009371081 229.593800843184 150.58691049681511 138.51575112552382 57.458799647225533 317.74184961325955 809.66642748541199 22743.017320364481 83.905702371919688 109.21988510025039 1.2920409975922655 50.495933934776986 186.19228303513955 322.28755430983801
leaf_count=75416 129986 5085 1757 719 18729 1471 58595 1228 677 1078 1912 4291 622 72 3442 2678 222 1972 293 743 436 635 1076 709589 1343 8287 22 2222 1467 1275
internal_value=0.000327381 0.000488623 -0.0192058 -0.0342683 -0.052731 0.000932334 0.00834203 0.0116025 0.014513 0.010212 0.0117818 0.00401084 -0.0325914 0.0280572 0.0325094 0.0374262 0.0164935 0.0136854 -0.0204266 -0.0348183 0.024105 0.0279879 0.0385189 -0.000271379 -0.0162206 0.0105322 -0.0757379 0.0253622 -0.00713246 0.0442967
internal_weight=28632.2 28549.9 629.048 460.723 291.504 27920.8 3901.9 3728.23 3508.27 3121.74 3075.61 2236.96 568.874 230.248 838.651 808.492 1668.09 1624.83 380.181 219.968 1244.65 1187.19 869.45 24018.9 1275.91 753.393 110.512 642.881 236.688 406.193
internal_count=1037340 961924 26290 24533 23814 935634 81443 22848 20634 19406 18729 11531 4985 694 7198 6120 6546 6324 2265 2214 4059 3623 2988 854191 144602 14616 8309 6307 3689 2618
is_linear=0
shrinkage=0.05


Tree=98
num_leaves=31
num_cat=0
split_feature=1 20 16 4 19 6 8 6 2 0 1 1 1 6 12 3 9 8 6 1 13 1 1 15 1 1 7 7 1 2
split_gain=102.915 415.843 304.424 252.83 233.708 158.81 172.446 148.947 362.681 118.213 394.611 270.884 226.436 197.004 155.562 150.676 137.207 191.563 184.154 181.347 133.647 371.279 316.819 164.957 327.377 178.19 254.231 236.185 363.958 300.414
threshold=6.2210504830589217 1.0000000180025095e-35 1.0000000180025095e-35 21.500000000000004 1.0000000180025095e-35 0.22000000000000003 1.0000000180025095e-35 -0.77999999999999992 0.0032933367372989537 0.0050582323563124294 3.0136753299768682 -0.46380459926520617 -0.56667573819567285 0.26000000000000006 1.0000000180025095e-35 0.022892138400825299 1.0000000180025095e-35 1.0000000180025095e-35 -0.85999999999999988 2.6725404816981908 1.0000000180025095e-35 -0.28582120016328755 -0.45591236902979998 1.0000000180025095e-35 -0.29466594094434617 -0.3035106817254048 -1.0336641282400496 -0.56783795610926846 -0.33058919580895363 0.83346949195813136
decision_type=2 2 2 2 2 2 2 2 2 2 2 2 2 2 2 2 2 2 2 2 2 2 2 2 2 2 2 2 2 2
left_child=1 2 4 -2 9 6 7 -5 -9 20 11 12 -11 15 -12 16 17 18 -13 -19 23 22 -22 -1 25 26 -25 29 -29 -28
right_child=3 -3 -4 5 -6 -7 -8 8 -10 10 14 13 -14 -15 -16 -17 -18 19 -20 -21 21 -23 -24 24 -26 -27 27 28 -30 -31
leaf_value=-0.004529097038194034 -1.4529008910074356e-05 -0.066113159729436363 -0.064896321270844118 0.029760864977442306 -0.062737944584221786 0.049998435166788008 0.031343004384435789 -0.0054883867914096449 -0.17737974531499809 -0.084522376423083842 -0.090731472726633455 0.0092251280649993592 0.025043582564069269 0.0093615744408891456 0.050473820170692935 0.042811425201261036 0.02690311743604204 -0.051296661969327965 -0.092315559514511314 0.05239500421137111 -0.059869501895742097 -0.066062220006248437 0.019101475163818493 -0.047714391487603897 -0.061141921954714629 0.085519911015970618 0.042450688170601714 0.0084347229571798462 -0.082337728886098624 -0.10640324511391155
leaf_weight=14729.477553746285 3042.8258195338021 242.2839189009901 180.91227283665648 93.100733935425524 146.55791475652222 466.26048853521934 433.87304179835337 119.22545567611814 41.323190122373489 49.821487409935798 20.170864842015362 53.589848626004823 881.33463521831436 394.546270368759 590.71466074814089 55.316187485354021 61.285014084362047 107.38331527389346 267.72514873215187 69.428074474126333 134.4232117473266 150.9688234402829 2300.9288004198042 190.70752264986004 168.63657965702441 76.658538248302648 749.35901808661947 2585.9793920085758 115.35496060075457 35.501114923859859
leaf_count=499581 9194 89884 48583 163 74557 1241 1157 248 323 3313 408 3978 3133 52662 1336 350 706 42700 47663 27 13733 42654 9529 2350 64840 527 2798 17620 1375 707
internal_value=0.000310861 -0.000935037 -0.00028024 0.00754263 0.000208142 0.0274728 0.0121965 -0.0205539 -0.049731 0.000595932 0.0107651 -0.000268137 0.0191813 -0.0182122 0.0458114 -0.0359096 -0.0436938 -0.0523794 -0.0753803 -0.0105803 -0.000625689 0.0100258 0.0147425 -0.00210267 0.00700957 0.0100714 0.00849841 0.0115735 0.00455847 0.0357177
internal_weight=28555.7 24359.1 24116.8 4196.61 23935.9 1153.78 687.522 253.649 160.549 23789.3 2551.32 1940.43 931.156 1009.27 610.886 614.728 559.411 498.126 321.315 176.811 21238 2586.32 2435.35 18651.7 3922.2 3753.56 3676.9 3486.19 2701.33 784.86
internal_count=1037340 1025014 935130 12326 886547 3132 1891 734 571 811990 156276 154532 6446 148086 1744 95424 95074 94368 51641 42727 655714 65916 23262 589798 90217 25377 24850 22500 18995 3505
is_linear=0
shrinkage=0.05


Tree=99
num_leaves=31
num_cat=0
split_feature=4 6 17 1 1 1 9 6 1 1 0 4 6 0 1 17 0 6 5 6 1 2 3 5 2 3 3 2 6 7
split_gain=97.4822 131.512 236.6 148.958 145.339 321.211 173.677 170.879 188.38 130.68 120.744 119.466 132.118 196.193 150.042 181.534 170.306 260.179 230.62 206.431 190.634 223.814 131.979 157.677 255.76 190.605 316.807 172.3 161.103 143
threshold=3.5000000000000004 0.38000000000000006 1.0000000180025095e-35 5.249489726493402 -0.50081643761055916 2.6725404816981908 1.0000000180025095e-35 0.18000000000000002 -0.45591236902979998 -0.5625935501428766 0.0022478438951679886 12.500000000000002 1.1400000000000003 0.0011383072457758891 4.1663491631514509 1.0000000180025095e-35 0.0011968885196114948 1.2200000000000002 2.5000000000000004 1.7000000000000002 -0.60382364947611922 0.02236405412305336 0.011749847885998867 5.5000000000000009 0.1569568547357672 0.0057547800917684905 0.0065888267404586648 4.1882818483533333 -1.0000000180025095e-35 -0.11762130050205265
decision_type=2 2 2 2 2 2 2 2 2 2 2 2 2 2 2 2 2 2 2 2 2 2 2 2 2 2 2 2 2 2
left_child=1 4 3 -3 9 6 7 8 10 -1 -6 -2 22 -14 15 16 17 -15 20 -20 -18 -22 23 -13 29 28 27 -27 -26 -25
right_child=11 2 -4 -5 5 -7 -8 -9 -10 -11 -12 12 13 14 -16 -17 18 -19 19 -21 21 -23 -24 24 25 26 -28 -29 -30 -31
leaf_value=-0.11189328296198504 -0.0092283159308333054 0.009983258677976059 -0.068189165383813866 -0.069827207471773206 -0.13963614569774085 0.023154029947811745 0.048256933553511572 0.016448101354682391 -0.070815314924929942 0.033204567893334723 0.012361568349816327 0.00019610325143933223 -0.062238264201539661 0.10380000503261005 0.04863388348887529 0.057231759122503917 0.027369399968592747 -0.091366411561545 0.022404963285959902 -0.047110093376206419 -0.091629199757230162 -0.0069407770636108444 0.012837447972388213 -0.02064610877312657 -0.096445455833367152 -0.037638614579117151 -0.057378194426162044 0.054388605169995843 -0.026180820047164904 0.0063503136322624392
leaf_weight=15.805029208091581 3585.6572840636109 659.14058250909056 139.62014740643826 64.153566688324645 14.427350603975354 1000.794702223895 77.865410983620677 141.63091559699387 284.27368909693087 853.57649427116667 138.43000529486926 14830.912900417467 83.479101705800076 85.704711799211509 298.73682328189898 181.59177911281586 103.12606415782102 21.325754679197416 807.64979384347998 123.06996344343588 162.72496985759335 149.86442177665958 1662.578654927449 769.67559401691778 186.10136418609682 74.707032888105459 232.62009482565736 159.34974874488398 145.24661706679808 1352.4956771569423
leaf_count=5428 322513 48392 5036 609 77 2424 541 8685 61122 3581 383 417070 7825 408 501 21 722 1830 11513 4448 7650 3629 22883 26235 18742 3462 9029 1754 7734 33093
internal_value=0.000297082 0.00825423 -0.00859862 0.00290436 0.0140096 0.00532468 -0.0218498 -0.0312818 -0.0467464 0.0305667 -0.00198465 -0.000781101 0.00063222 0.0128109 0.0160507 0.0100975 0.00420869 0.0649132 -0.000616821 0.0132129 -0.0315794 -0.0510271 -0.000633268 -0.00189494 -0.0125148 -0.0366451 -0.0160547 0.025015 -0.0656449 -0.00344083
internal_weight=28406.3 3389.72 862.914 723.294 2526.8 1657.42 656.627 578.762 437.131 869.382 152.857 25016.6 21431 2017.27 1933.79 1635.06 1453.47 107.03 1346.44 930.72 415.715 312.589 19413.7 17751.1 2920.2 798.025 466.677 234.057 331.348 2122.17
internal_count=1037340 136278 54037 49001 82241 73232 70808 70267 61582 9009 460 901062 578549 38547 30722 30221 30200 2238 27962 15961 12001 11279 540002 517119 100049 40721 14245 5216 26476 59328
is_linear=0
shrinkage=0.05


Tree=100
num_leaves=31
num_cat=0
split_feature=0 3 3 2 7 18 1 4 2 21 7 0 6 6 7 7 5 0 3 3 2 3 4 3 1 1 1 2 2 5
split_gain=96.5677 95.5844 93.2287 96.765 93.4354 140.495 96.7384 107.522 91.5528 134.899 86.5969 126.868 239.219 159.26 179.986 153.574 150.278 224.339 208.891 235.811 172.523 139.949 228.606 208.1 195.378 165.894 163.641 306.334 176.76 135.427
threshold=1.0000000180025095e-35 1.0000000180025095e-35 0.046563824612605102 0.12027061526678581 1.1017393947111718 1.0000000180025095e-35 3.0136753299768682 5.5000000000000009 0.09568547357671689 1.0000000180025095e-35 -0.98378491833742066 0.0011867135030440049 -0.41999999999999998 1.1800000000000002 0.68878477410780092 1.0543194944000458 1.0000000180025095e-35 0.0011968885196114948 0.00053453719276504098 0.0032826415037953507 34.610824610671436 0.0050230269766833374 20.500000000000004 0.0035403360725450327 -0.33929786365491904 -0.52830317049938769 -0.55851136209008023 -0.062088332907837628 -0.037069185601225421 4.5000000000000009
decision_type=2 2 2 2 2 2 2 2 2 2 2 2 2 2 2 2 2 2 2 2 2 2 2 2 2 2 2 2 2 2
left_child=-1 -2 4 8 10 6 7 -6 -4 -10 -3 12 15 14 -14 -12 17 -13 -19 -20 21 22 -21 -24 25 -25 27 -23 -29 -18
right_child=1 2 3 -5 5 -7 -8 -9 9 -11 11 16 13 -15 -16 -17 29 18 19 20 -22 26 23 24 -26 -27 -28 28 -30 -31
leaf_value=-0.066469018051175194 -0.055331161815084656 -0.0079114012277484384 0.05027244692607663 0.05818803032422995 -0.0016436563140439623 0.020763328874406659 -0.0029819340340469535 -0.070186070918486582 -0.091869261355835896 -0.75656801418492814 -0.050994289076506438 0.090870767532592059 0.0068349936497906789 -0.06597123944871118 -0.055535725563577609 0.061150844493948212 0.008109117656155438 0.098678645312948024 -0.043852001494955918 0.025425962146098449 -0.094949063121953794 -0.090411050909932567 0.034261109246625843 -0.054453176172704482 -0.01910254080663594 -0.21373414718900735 -0.015028954249800408 0.084727963055424738 -0.011765323175724578 -0.00056725584029850343
leaf_weight=54.075638735295797 76.695478946014191 2594.1136695633832 13.92742120474577 126.17290575057268 79.361149144306182 163.362615437567 165.52148449914239 205.04292268556856 14.600108347833155 0.80541516188532192 409.78240847410507 58.663530312758667 1520.0553668963303 90.690815558533359 125.1956766882322 32.985331718607995 11282.252115543915 45.634684785785794 428.73608494799191 791.36275057127932 51.861707209536689 45.563739571724 88.895411315639649 35.502649569178175 111.24490167213662 30.297769340144441 1975.2721663220764 141.76217671461927 71.346168140727968 7478.7542240080602
leaf_count=13878 74431 98901 42 136 5037 1720 702 18440 386 14 29811 619 56356 7734 9182 253 327625 486 29873 27038 4162 4657 497 1068 2226 595 61779 977 7324 251391
internal_value=0.000283852 0.000411604 0.000563322 0.0391707 0.000349083 -0.0189523 -0.0333726 -0.0510597 -0.0426308 -0.12662 0.000780945 0.00168959 -0.00983414 -0.00146678 0.00208888 -0.0426397 0.0027987 -0.00616393 -0.00765507 -0.00894157 -0.0044645 -0.00303869 0.0119482 -0.0281578 -0.0594987 -0.127794 -0.0101318 0.0272636 0.0524231 0.00465043
internal_weight=28309.5 28255.5 28178.8 155.506 28023.3 613.288 449.926 284.404 29.3329 15.4055 27410 24815.9 2178.71 1735.94 1645.25 442.768 22637.2 3876.14 3817.48 3771.85 3343.11 3291.25 1057.3 265.941 177.045 65.8004 2233.94 258.672 213.108 18761
internal_count=1037340 1023462 949031 578 948453 25899 24179 23477 442 400 922554 823653 103336 73272 65538 30064 720317 141301 140682 140196 110323 106161 31424 4386 3889 1663 74737 12958 8301 579016
is_linear=0
shrinkage=0.05


Tree=101
num_leaves=31
num_cat=0
split_feature=12 1 1 8 6 6 6 1 1 0 1 14 4 6 1 14 1 6 4 1 1 1 6 1 17 2 1 1 6 1
split_gain=94.9998 604.855 138.281 152.089 191.208 436.72 117.965 108.84 504.766 280.857 383.294 600.192 237.635 198.694 181.504 475.887 511.431 327.588 221.069 249.233 284.854 339.217 376.357 235.964 348.613 582.616 316.95 259.679 430.5 572.972
threshold=1.0000000180025095e-35 2.6725404816981908 3.0136753299768682 1.0000000180025095e-35 0.18000000000000002 -0.81999999999999995 1.0600000000000003 6.2210504830589217 3.0136753299768682 0.0050582323563124294 4.1663491631514509 1.0000000180025095e-35 21.500000000000004 0.22000000000000003 2.112192134984352 1.0000000180025095e-35 1.4104640087086679 0.26000000000000006 19.500000000000004 -0.5547013199074704 -0.33058919580895363 0.81500884474078117 1.0000000180025095e-35 -0.54259082868417463 1.0000000180025095e-35 -0.014092417666581565 -0.53442645257858212 0.0074159749625799191 0.26000000000000006 -0.27711253231732208
decision_type=2 2 2 2 2 2 2 2 2 2 2 2 2 2 2 2 2 2 2 2 2 2 2 2 2 2 2 2 2 2
left_child=7 6 3 4 5 -3 -2 8 14 10 11 -10 -9 -13 15 16 18 -16 19 -1 -21 22 -22 24 25 -20 -25 28 29 -28
right_child=1 2 -4 -5 -6 -7 -8 12 9 -11 -12 13 -14 -15 17 -17 -18 -19 23 20 21 -23 -24 26 -26 -27 27 -29 -30 -31
leaf_value=-0.026976951517960847 -0.06471579788923558 0.053707626101591348 0.05037655169106834 0.051777485856732475 0.042453201404529767 -0.17789779114902576 0.024479183911472423 -0.00010981415804373431 -0.093153260016375972 -0.066255892078745368 0.0080560478072343438 0.02611476892570036 0.026899242076576131 -0.11305159459737715 0.034333006764036729 -0.047614470796765333 -0.13679371638651222 -0.067506480295603313 0.012406676056643367 0.012662526077390735 -0.062283052618758772 0.023885313514852863 -0.0044868785673116132 -0.079030346313409508 0.052179050873619265 -0.071657727560020437 0.00021740957954485878 0.01079080788204273 -0.035076137315504678 -0.077056326465033048
leaf_weight=526.60376493915101 224.30438107964983 36.007472515106201 558.72498772840481 100.54556655883789 55.920963194221258 46.818928046908695 44.408284432274741 3024.5051425538077 317.44084360495981 377.32069095803126 687.75118996017227 223.48692584754463 1114.4779622520582 28.973150980542414 735.92645192866257 522.81388413413151 67.400863858380035 88.456695920278435 1508.9825861407812 7534.4741785085471 418.73338941404336 538.96546935767537 860.51798945638529 153.9543390425797 409.48554667565259 238.71531962081508 4427.664927929738 1686.5413683509478 1458.8555488236625 253.62993498151627
leaf_count=133235 87457 4 1336 28 24 293 9665 9194 3070 7167 3698 222 3132 139 8615 96675 21313 4139 16856 120510 176871 36055 151474 3688 4052 23662 26072 55362 17675 15657
internal_value=0.000270777 0.0149078 0.0367555 0.00495172 -0.0289813 -0.077211 -0.0499752 -0.000303138 -0.00164278 -0.0284219 -0.0170709 -0.0473939 0.00716274 0.0101436 0.000400126 -0.000520192 0.000705704 0.0234056 0.00116869 0.00649152 0.00837596 -0.00938704 -0.0234051 -0.0040184 0.0106538 0.000924451 -0.00798433 -0.00658682 -0.01136 -0.00396924
internal_weight=28272.4 1066.73 798.018 239.293 138.747 82.8264 268.713 27205.7 23066.7 1634.97 1257.65 569.901 4138.98 252.46 21431.7 20607.3 20084.5 824.383 20017.1 9879.29 9352.69 1818.22 1279.25 10137.8 2157.18 1747.7 7980.65 7826.69 6140.15 4681.29
internal_count=1037340 98807 1685 349 321 297 97122 938533 926207 14296 7129 3431 12326 361 911911 899157 802482 12754 781169 618145 484910 364400 328345 163024 44570 40518 118454 114766 59404 41729
is_linear=0
shrinkage=0.05


Tree=102
num_leaves=31
num_cat=0
split_feature=3 0 3 2 1 1 17 2 18 1 6 8 6 2 3 7 6 3 4 6 14 1 4 1 12 10 3 6 8 11
split_gain=90.1362 89.114 87.319 91.5901 242.01 208.085 421.625 350.882 388.22 340.338 200.188 179.966 269.02 255.277 272.108 230.919 208.407 197.555 173.872 170.983 312.957 358.047 631.429 496.217 445.063 308.312 217.35 586.796 274.771 321.961
threshold=1.0000000180025095e-35 1.0000000180025095e-35 0.046563824612605102 0.067143221853459292 -0.56667573819567285 -0.35644305347666355 1.0000000180025095e-35 6.3418177176410522 1.0000000180025095e-35 4.1663491631514509 -0.73999999999999988 1.0000000180025095e-35 0.46000000000000002 0.26293081439877458 0.0033751213246618898 -0.61065475358684973 -0.17999999999999997 0.0062920330771552863 18.500000000000004 0.34000000000000002 1.0000000180025095e-35 -0.066879847598312725 11.500000000000002 -0.3741325350387808 1.0000000180025095e-35 1.0000000180025095e-35 0.0032826415037953507 -0.099999999999999992 1.0000000180025095e-35 1.0000000180025095e-35
decision_type=2 2 2 2 2 2 2 2 2 2 2 2 2 2 2 2 2 2 2 2 2 2 2 2 2 2 2 2 2 2
left_child=-1 -2 3 19 -5 10 7 9 -9 -7 -6 16 13 14 15 -13 -12 -15 -16 26 21 23 24 -21 -23 -25 27 -3 29 -28
right_child=1 2 -4 4 5 6 -8 8 -10 -11 11 12 -14 17 18 -17 -18 -19 -20 20 -22 22 -24 25 -26 -27 28 -29 -30 -31
leaf_value=-0.055018945473491135 -0.066021009396737995 -0.045369033887582282 0.038786664068776677 -0.061901330826302316 -0.022544495701268791 -0.027960002818163483 -0.080674150654998861 0.014499515162745349 -0.093597836324438854 0.0018763685075228347 0.027465714452816089 0.11710494227563295 0.021644777023306448 -0.059636890980397497 -0.05550742159367953 -0.089043598998740453 0.0020334340822491782 -0.011660837703877725 0.014828705207575217 -0.0025878436878306031 -0.07277335683822253 -0.065854492484268043 0.030099984505666689 -0.066486014085994152 0.033252461970230018 0.025343829962525127 0.0050812671646552621 0.023210372347700681 0.022860851007034222 -0.089080486717860174
leaf_weight=73.554320630089933 50.402082256754511 656.51832873000785 148.309570745565 171.3723565978944 607.19540945303015 2208.1829243324501 195.67295752722566 2058.6256173978954 86.551266561491502 1685.194940696656 1664.8407747699457 85.941834182482125 696.92150263596341 386.29086678327803 126.39092771216383 16.134681159835964 1560.6449584068696 482.70596280510654 288.24789251741822 2520.6710625596133 161.873645818554 349.63375911848198 1541.6194522207152 551.33879233424886 167.57311739220313 109.56824879915803 6069.8878025992635 594.25182795964247 2676.0255533543768 92.159231538145832
leaf_count=75416 12893 51674 578 64514 13308 175712 11843 70077 4816 5016 12542 300 7406 13660 4055 935 19746 6765 2122 67785 18546 38371 32082 21995 19329 3050 143402 18944 115434 5024
internal_value=0.000258253 0.000403407 0.000523145 0.000319103 -0.00289824 -0.00206599 -0.00843993 -0.00609926 0.0101381 -0.0150457 0.00465159 0.00776254 -0.00369484 -0.016439 0.0113916 0.0845202 0.0151604 -0.0329874 -0.00661128 0.00287803 -0.00430053 -0.00218543 0.0140614 -0.0126989 -0.0337442 -0.051262 0.00672194 -0.0127864 0.00948276 0.00367299
internal_weight=28084.3 28010.7 27960.3 27812 12320.9 12149.5 6234.23 6038.55 2145.18 3893.38 5915.31 5308.12 2082.63 1385.71 516.715 102.077 3225.49 868.997 414.639 15491.1 5402.28 5240.4 2058.83 3181.58 517.207 660.907 10088.8 1250.77 8838.07 6162.05
internal_count=1037340 961924 949031 948453 412817 348303 267464 255621 74893 180728 80839 67531 35243 27837 7412 1235 32288 20425 6177 535636 201158 182612 89782 92830 57700 25045 334478 70618 263860 148426
is_linear=0
shrinkage=0.05


Tree=103
num_leaves=31
num_cat=0
split_feature=4 6 17 1 1 1 9 1 17 0 1 4 6 0 1 17 6 0 1 13 1 1 8 1 6 5 0 3 2 6
split_gain=89.2427 123.584 282.335 181.645 148.978 346.741 194.937 195.593 165.707 140.458 121.785 106.12 132.054 164.607 136.524 162.007 143.054 198.166 147.038 133.486 309.697 262.818 171.667 249.486 160.396 148.401 155.9 143.458 136.261 330.505
threshold=3.5000000000000004 0.22000000000000003 1.0000000180025095e-35 4.1663491631514509 -0.50789223023540619 2.6725404816981908 1.0000000180025095e-35 -0.45591236902979998 1.0000000180025095e-35 0.0022478438951679886 -0.5625935501428766 12.500000000000002 1.1400000000000003 0.0011383072457758891 4.1663491631514509 1.0000000180025095e-35 1.4200000000000002 0.0036919995549126519 -0.58069125051027348 1.0000000180025095e-35 -0.28582120016328755 -0.45591236902979998 1.0000000180025095e-35 -0.38188869233909378 -0.81999999999999995 3.5000000000000004 0.000571269127970159 0.015123089512823538 -0.0076844523870308904 0.82000000000000017
decision_type=2 2 2 2 2 2 2 2 2 2 2 2 2 2 2 2 2 2 2 2 2 2 2 2 2 2 2 2 2 2
left_child=1 4 3 -3 10 6 7 8 9 -6 -1 -2 19 -14 15 16 17 -15 -18 28 21 -21 24 25 27 -24 -27 -23 29 -13
right_child=11 2 -4 -5 5 -7 -8 -9 -10 -11 -12 12 13 14 -16 -17 18 -19 -20 20 -22 22 23 -25 -26 26 -28 -29 -30 -31
leaf_value=-0.12512871421426658 -0.0088077550774907799 0.013420547860112562 -0.066840235162649198 -0.055197203960029896 -0.16707735486549619 0.024680015715207004 0.050460609957755087 -0.063134159609868443 -0.10350935464691786 0.033970176597112177 0.035116185197518822 0.0045256516275970589 -0.057808726293100438 0.025349534236865263 0.048281379739513658 0.056588020026424705 0.024369816740440964 -0.060937138678453101 -0.030312723293395512 -0.060651026298739391 -0.065556768667478046 -0.13702935450393702 0.040029944324706072 -0.054512991008974054 0.027931231479910959 0.052097423161895376 -0.11648012790846363 0.055066125384732802 -0.0068194465475039231 -0.039918388149130631
leaf_weight=12.046582152128392 3528.9490470425917 781.87203080040035 161.76522464224217 110.01894607583017 9.2163973408751172 887.07584053144092 72.949425770726521 290.19759552601954 31.193585816770792 151.34558792100688 752.46196951893762 7980.0715842326372 78.988471943811874 777.54948084941179 277.1013556706348 169.04075944423676 174.7852167089768 72.76700316656752 414.39589368533598 110.75859333620792 127.56482341151514 27.886324353689815 216.72774959407616 181.29597173298316 1684.2041127223383 22.575400838341011 34.942275974970471 14.918902264907954 8343.6764378105836 441.44229803037342
leaf_count=3009 322513 58545 6119 1029 56 1967 127 62949 147 384 1946 204995 7825 12264 501 21 1690 1555 14691 11501 37778 516 779 1741 4529 38 659 4 263081 14381
internal_value=0.00024605 0.00802097 -0.00606651 0.00495623 0.0147481 0.00528808 -0.0257122 -0.0372418 0.00194288 0.0224299 0.0325912 -0.000781005 0.000558241 0.0129045 0.0158667 0.0102826 0.00484497 0.0179654 -0.0140907 -0.000706003 0.0102692 0.014487 0.0183001 -0.00900324 0.025502 0.021082 -0.0503143 -0.0700783 -0.00229081 0.00219597
internal_weight=27939.8 3260.14 1053.66 891.891 2206.49 1441.98 554.903 481.953 191.756 160.562 764.509 24679.6 21150.7 1964.63 1885.64 1608.54 1439.5 850.316 589.181 19186.1 2420.87 2293.31 2182.55 455.541 1727.01 274.245 57.5177 42.8052 16765.2 8421.51
internal_count=1037340 136278 65693 59574 70585 65630 63663 63536 587 440 4955 901062 578549 38547 30722 30221 30200 13819 16381 540002 57545 19767 8266 3217 5049 1476 697 520 482457 219376
is_linear=0
shrinkage=0.05


Tree=104
num_leaves=31
num_cat=0
split_feature=12 1 1 8 6 6 6 1 1 0 1 14 4 8 1 14 1 6 4 6 1 17 2 1 4 21 3 1 6 2
split_gain=90.5339 553.665 133.246 140.735 172.889 366.629 108.618 92.7108 458.287 271.343 346.221 562.849 216.035 180.704 171.212 430.11 479.541 283.84 196.016 225.152 214.247 315.45 526.446 277.491 250.954 235.94 258.679 222.423 417.679 546.601
threshold=1.0000000180025095e-35 2.6725404816981908 3.0136753299768682 1.0000000180025095e-35 0.18000000000000002 -0.81999999999999995 1.0600000000000003 6.2210504830589217 3.0136753299768682 0.0050582323563124294 4.1663491631514509 1.0000000180025095e-35 21.500000000000004 1.0000000180025095e-35 2.112192134984352 1.0000000180025095e-35 1.4104640087086679 0.26000000000000006 19.500000000000004 -0.77999999999999992 -0.54259082868417463 1.0000000180025095e-35 -0.014092417666581565 -0.53442645257858212 21.500000000000004 1.0000000180025095e-35 0.0029323617308131679 -0.0070077561573003684 0.26000000000000006 -0.0068164411539443437
decision_type=2 2 2 2 2 2 2 2 2 2 2 2 2 2 2 2 2 2 2 2 2 2 2 2 2 2 2 2 2 2
left_child=7 6 3 4 5 -3 -2 8 14 10 11 -10 -9 -13 15 16 18 -16 19 -1 21 22 -20 25 -23 -22 -27 28 -25 -30
right_child=1 2 -4 -5 -6 -7 -8 12 9 -11 -12 13 -14 -15 17 -17 -18 -19 20 -21 23 24 -24 27 -26 26 -28 -29 29 -31
leaf_value=-0.019736556375581592 -0.063569868756679498 0.053518258728611129 0.05025660392228231 0.051674272325215244 0.041965683962623179 -0.16067568183104816 0.022599858276492541 -0.00027176402124401975 -0.091390324492691466 -0.065937709877742764 0.0076076823533670086 0.02560629879903395 0.025881355596290047 -0.10688027517322174 0.03338916663969338 -0.046132789967708171 -0.13566579391304345 -0.05985863710285734 0.011687436892164909 0.008379105320765752 -0.028987695856390733 -0.071731856598773444 -0.07048089149812839 -0.0035385098455934152 0.06300753123101871 -0.032600368820806212 -0.25289753687801791 0.009532230286612221 -0.065881367298764301 -0.0035661833916496525
leaf_weight=773.57791103032832 211.69425598766429 33.780506610870361 526.90756943658926 94.312885105609894 53.857187051326036 48.894490799211781 44.207430274595026 2987.2667547512683 303.79695575210008 355.89174233096492 676.97005456178067 219.39584640715475 1073.3316473624291 29.157919790250162 722.62506912855497 503.98997156168116 64.317344641745876 91.998217897607901 1496.8384225709901 8954.6463029789502 103.7912146583667 38.188527808248182 224.11998678094142 4635.909906329287 363.47304018656359 23.480066300852741 30.812172581127015 1734.203469292539 701.82991648171446 705.79251400098656
leaf_count=59301 87457 4 1336 28 24 293 9665 9194 3070 7167 3698 222 3132 139 8615 96675 21313 4139 16856 558844 3100 1976 23662 40875 2076 149 439 56529 12369 4993
internal_value=0.000236118 0.0149042 0.0363786 0.00470195 -0.0277453 -0.0731573 -0.0486839 -0.000318353 -0.0015603 -0.027491 -0.0163606 -0.0457365 0.00664125 0.0100643 0.000381438 -0.000518108 0.000639988 0.0228584 0.00108306 0.00614338 -0.00381114 0.0102987 0.000986676 -0.00758514 0.050197 -0.0731667 -0.157624 -0.00625219 -0.0107816 -0.0346361
internal_weight=27829.1 1013.65 757.753 230.845 136.532 82.675 255.902 26815.4 22754.8 1585.21 1229.32 552.351 4060.6 248.554 21169.6 20355 19851 814.623 19786.7 9728.22 10058.4 2122.62 1720.96 7935.82 401.662 158.083 54.2922 7777.74 6043.53 1407.62
internal_count=1037340 98807 1685 349 321 297 97122 938533 926207 14296 7129 3431 12326 361 911911 899157 802482 12754 781169 618145 163024 44570 40518 118454 4052 3688 588 114766 58237 17362
is_linear=0
shrinkage=0.05


Tree=105
num_leaves=31
num_cat=0
split_feature=12 1 1 8 6 6 6 5 3 0 2 0 6 1 2 6 6 3 6 3 2 1 6 1 4 6 17 1 2 1
split_gain=85.446 521.176 128.328 132.018 156.771 319.127 103.472 91.4167 187.473 366.522 201.508 135.596 131.079 161.455 114.458 113.754 483.482 194.258 182.235 132.613 106.868 114.59 223.827 218.421 233.022 182.142 162.974 741.927 355.674 331.554
threshold=1.0000000180025095e-35 2.6725404816981908 3.0136753299768682 1.0000000180025095e-35 0.18000000000000002 -0.81999999999999995 1.0600000000000003 5.5000000000000009 0.0037410988877353908 0.0034042555931195089 -0.052259382180239976 0.000571269127970159 -0.73999999999999988 5.249489726493402 -0.10148072504467705 -0.45999999999999991 -0.29999999999999999 0.0054932984414530995 1.0000000180025095e-35 0.0051778019077069314 -0.11930048506510084 -0.57075792624846911 1.2200000000000002 -0.54259082868417463 22.500000000000004 0.18000000000000002 1.0000000180025095e-35 -0.52217988842019325 -0.012586162879754913 -0.53034426452578576
decision_type=2 2 2 2 2 2 2 2 2 2 2 2 2 2 2 2 2 2 2 2 2 2 2 2 2 2 2 2 2 2
left_child=7 6 3 4 5 -3 -2 20 9 -9 14 -10 13 -13 -11 -14 -17 18 -18 -20 -1 22 -22 24 -23 -26 29 -28 -29 -25
right_child=1 2 -4 -5 -6 -7 -8 8 11 10 -12 12 15 -15 -16 16 17 -19 19 -21 21 23 -24 26 25 -27 27 28 -30 -31
leaf_value=-0.019181747753446957 -0.063006249913700782 0.053340074673373331 0.050153279127401931 0.051593728606669158 0.041407056300521689 -0.1481483175748573 0.021585864810454103 -0.077110909956160309 -0.092395089208600498 -0.072609844417991426 -0.041715230598408204 -0.051868670572025648 0.018779403145319132 0.015389652950647007 0.039880323611745427 -0.087316849168910818 -0.096754837490950124 0.0085368980949231052 -0.0031379808640733982 -0.093530161732119296 -0.030332044959699347 0.0063180528169915406 0.022145698569249576 -0.068336858591958413 0.079576358685373424 0.022921587857608578 0.016738347733968983 -0.008704584905387832 -0.068304072771298213 0.0032047672851689963
leaf_weight=634.62134479091765 203.12601894840554 32.237639904022217 502.2167963978136 89.849711358547211 51.904346946626902 50.337036553377402 43.975986087156343 263.32595426771081 41.511126257953038 25.266359199604267 181.50144511399617 260.40883778384159 750.7102752587225 135.73742097638024 215.3190341332579 160.77441337644996 77.47902971791973 2129.6884327941007 365.81480284815461 45.637684683511907 696.87633758602988 1198.1136541403848 286.81829440467754 163.56508761089754 228.7727011242514 373.44325209537055 1073.0174416961418 437.79230228827919 584.59134100236724 16383.571814625646
leaf_count=30021 87457 4 1336 28 24 293 9665 31741 5947 3004 17366 16876 15750 248 5187 10693 6239 51000 13756 3644 104718 42315 8791 17049 2037 626 3453 12160 15723 520189
internal_value=0.000226057 0.0147753 0.0361091 0.0046677 -0.0266851 -0.0694861 -0.0479517 -0.000304214 -0.0066729 -0.0308198 -0.00194028 -0.00250164 -0.00155122 -0.028823 0.0280666 0.0015092 -0.00315546 0.00201176 -0.0264104 -0.0131641 0.00103908 0.00163799 -0.015031 0.00244009 0.0190713 0.0444439 0.000833995 -0.0123032 -0.0427831 0.00249759
internal_weight=27688 973.648 726.546 224.329 134.479 82.5747 247.102 26714.4 4653.17 685.413 422.087 3967.76 3926.25 396.146 240.585 3530.1 2779.39 2618.62 488.932 411.452 22061.2 21426.6 983.695 20442.9 1800.33 602.216 18642.5 2095.4 1022.38 16547.1
internal_count=1037340 98807 1685 349 321 297 97122 938533 181451 57298 25557 124153 118206 17124 8191 101082 85332 74639 23639 17400 757082 727061 113509 613552 44978 2663 568574 31336 27883 537238
is_linear=0
shrinkage=0.05


Tree=106
num_leaves=31
num_cat=0
split_feature=3 3 2 13 1 1 1 1 0 2 8 0 4 1 17 6 4 18 10 4 1 18 15 4 6 2 18 1 6 0
split_gain=82.9562 79.5789 90.5556 82.302 318.08 290.617 123.539 156.966 518.638 214.582 148.279 211.594 126.711 123.114 523.162 517.403 323.475 305.949 232.626 221.314 211.857 651.012 1158.71 761.737 521.742 506.107 327.766 307.975 302.889 272.983
threshold=1.0000000180025095e-35 0.046563824612605102 0.12027061526678581 1.0000000180025095e-35 -0.28582120016328755 -0.45591236902979998 -0.3035106817254048 -0.3741325350387808 0.0012082190034407236 -0.096936430942047472 1.0000000180025095e-35 0.0017520889996746013 14.500000000000002 -0.48625663355558585 1.0000000180025095e-35 0.26000000000000006 11.500000000000002 1.0000000180025095e-35 1.0000000180025095e-35 22.500000000000004 0.6502245203429039 1.0000000180025095e-35 1.0000000180025095e-35 21.500000000000004 0.22000000000000003 3.3002297676793471 1.0000000180025095e-35 -0.47142468363042594 0.18000000000000002 0.0034042555931195089
decision_type=2 2 2 2 2 2 2 2 2 2 2 2 2 2 2 2 2 2 2 2 2 2 2 2 2 2 2 2 2 2
left_child=-1 3 -3 13 5 -5 7 -7 -9 -10 12 -12 -11 17 20 -16 -17 18 19 -2 21 22 23 28 -24 -26 -22 -25 -15 -27
right_child=1 2 -4 4 -6 6 -8 8 9 10 11 -13 -14 14 15 16 -18 -19 -20 -21 26 -23 24 27 25 29 -28 -29 -30 -31
leaf_value=-0.054729105468693078 -0.0012662852613501291 -0.042192132634844198 0.057531886099978793 -0.059928612024635577 -0.064981863357601963 0.025195718117938984 0.058366930366157456 -0.077733729638223698 -0.070539275436115309 -0.088782655125793364 0.026993132794428738 -0.11238332571771846 0.039541227125964341 -0.051747103326940186 -0.063007629284829419 -0.058944796562974355 0.054186614040438522 -0.060247482653038753 0.05074301724564554 0.019422950907970415 0.0056668426089114474 0.0094418364832312487 0.013653835943580252 0.048752832077206036 -0.069327972358891266 -0.08240151429152319 -0.096461356748932386 -0.11345286226111162 -0.0085592335436906839 0.072508433212279164
leaf_weight=68.525204276273143 4433.3408128702195 28.442339196917601 114.03270094841719 130.38534985735987 139.08080135993714 1247.9045804966991 165.8387575233246 181.64065434316581 64.804723598994315 19.93287093215622 69.938081742671784 44.594145421811845 551.08995378855616 817.38683370369199 668.33435818060025 93.838307768841332 193.42739748954773 174.75657607571793 287.76569186151028 1824.5539685336526 8434.1222975235196 3685.1273365781508 2219.7542722905928 31.358432812754472 410.18056647539925 37.20396608010924 79.30059072329459 437.9959468435427 806.58645759904994 120.71504883846501
leaf_count=75416 218431 446 136 13253 41453 4669 841 1774 424 182 162 463 639 205023 24861 5759 30 17031 295 12918 162784 41532 37244 558 18641 2603 8609 25546 115314 303
internal_value=0.000216003 0.00035285 0.0376239 0.000158842 0.00859442 0.0127271 0.0167656 0.0136007 -0.00192446 0.0164268 0.0246476 -0.0272743 0.0350618 -0.000732297 -0.00288469 -0.0388868 0.0172311 0.005044 0.00678716 0.00476588 -0.000870394 -0.00642184 -0.0183984 -0.0465117 0.00271118 -0.0400454 0.00471554 -0.102616 -0.0302968 0.0360134
internal_weight=27582 27513.4 142.475 27371 2615.21 2476.13 2345.74 2179.91 932 750.36 685.555 114.532 571.023 24755.7 18035.3 955.6 287.266 6720.42 6545.66 6257.89 17079.7 8566.31 4881.18 2093.33 2787.85 568.1 8513.42 469.354 1623.97 157.919
internal_count=1037340 961924 582 961342 63860 22407 9154 8313 3644 1870 1446 625 821 897482 648807 30650 5789 248675 231644 231349 618157 446764 405232 346441 58791 21547 171393 26104 320337 2906
is_linear=0
shrinkage=0.05


Tree=107
num_leaves=31
num_cat=0
split_feature=4 6 17 1 1 1 9 1 17 0 1 13 1 1 6 2 6 5 1 8 6 17 6 6 4 11 6 1 6 1
split_gain=84.1534 125.682 254.317 168.889 127.799 285.262 168.138 181.814 143.904 120.82 111.502 91.0164 301.063 271.602 131.276 140.368 239.695 308.868 231.678 210.6 621.917 424.756 457.401 303.945 293.073 263.425 250.778 243.032 242.827 215.455
threshold=3.5000000000000004 0.22000000000000003 1.0000000180025095e-35 5.249489726493402 -0.50789223023540619 2.6725404816981908 1.0000000180025095e-35 -0.45591236902979998 1.0000000180025095e-35 0.0022478438951679886 -0.5625935501428766 1.0000000180025095e-35 -0.28582120016328755 -0.45591236902979998 1.2600000000000002 -0.0076844523870308904 0.78000000000000014 1.5000000000000002 -0.55660634099877537 1.0000000180025095e-35 0.18000000000000002 1.0000000180025095e-35 -0.97999999999999987 -0.73999999999999988 11.500000000000002 1.0000000180025095e-35 0.70000000000000007 -0.29466594094434617 0.34000000000000002 1.0000000180025095e-35
decision_type=2 2 2 2 2 2 2 2 2 2 2 2 2 2 2 2 2 2 2 2 2 2 2 2 2 2 2 2 2 2
left_child=1 4 3 -3 10 6 7 8 9 -6 -1 14 13 -13 15 16 19 -18 -17 21 23 25 -23 -21 -24 26 -2 -25 -26 -22
right_child=11 2 -4 -5 5 -7 -8 -9 -10 -11 -12 12 -14 -15 -16 18 17 -19 -20 20 29 22 24 27 28 -27 -28 -29 -30 -31
leaf_value=-0.1225883306858407 -0.00013958535768400266 0.010756258796154498 -0.066045838897261178 -0.068540356011846867 -0.14909412416420828 0.023873676212163037 0.050236781492616345 -0.059926451770042632 -0.095353296424964984 0.033899178973683004 0.034103880480134206 -0.05952382006402987 -0.065203172425578895 0.015922615214759347 0.011476753767750319 -0.052941426372836525 -0.07708883248243148 -0.0078866871139308525 -0.0058381328865429443 -0.0067710330208407225 -0.022891850126385678 0.073442425089454422 0.035296405037677663 0.070752357122844278 -0.11619202616315023 -0.11613076175526593 0.043596902287089234 0.026419709389958086 0.051054925595718018 0.01456591524023081
leaf_weight=11.533775899079044 4828.5110244284615 787.03457758184959 152.60651650179534 73.411254209537219 9.5977959008887392 847.04923504390172 68.483449754421599 272.07519026085356 30.686327876057476 149.84940419015948 726.0842323143097 125.73687998747209 132.94455411224044 2325.6330819957066 1703.111736185765 268.06638100450982 202.10563847013009 797.44362789945217 9972.0243486695836 318.452397137974 944.37770551649919 58.599142178623879 47.135223629243683 602.43209341149486 230.43349070772229 46.95861309105112 351.61618339711458 634.98595565049982 23.959672212600708 646.83968793929307
leaf_count=3009 162140 58828 6119 746 56 1967 127 62949 147 384 1946 14348 44389 9936 53544 78651 15990 32965 330259 15896 29336 410 1436 264 10650 4201 5888 68251 7 22501
internal_value=0.000204214 0.00792226 -0.00655949 0.00399085 0.0148576 0.00586527 -0.0228783 -0.0337115 0.0038013 0.022884 0.0316538 -0.000790998 0.00807851 0.0120528 -0.00184841 -0.0029846 0.00131454 -0.0218791 -0.00707121 0.00396881 0.0143138 -0.00185815 -0.0543805 0.0367919 -0.0792216 0.00176045 0.00282916 0.0480029 -0.10044 -0.00766504
internal_weight=27389.8 3128.41 1013.05 860.446 2115.36 1377.74 530.692 462.209 190.134 159.447 737.618 24261.4 2584.31 2451.37 21677.1 19973.9 9733.85 999.549 10240.1 8734.3 3147.09 5587.21 360.128 1555.87 301.528 5227.09 5180.13 1237.42 254.393 1591.22
internal_count=1037340 136278 65693 59574 70585 65630 63663 63536 587 440 4955 901062 68673 24284 832389 778845 369935 48955 408910 320980 136248 184732 12503 84411 12093 172229 168028 68515 10657 51837
is_linear=0
shrinkage=0.05


Tree=108
num_leaves=31
num_cat=0
split_feature=0 3 4 6 17 1 1 1 9 1 1 17 0 4 6 4 1 17 1 11 4 2 2 1 6 6 1 17 6 3
split_gain=78.57 77.0126 76.6373 118.045 239.36 159.207 119.299 279.382 170.081 134.459 103.305 95.1625 95.0266 87.9159 134.78 255.102 253.768 256.936 119.144 118.768 169.382 185.532 268.489 168.083 125.427 118.112 142.496 163.386 132.18 166.175
threshold=1.0000000180025095e-35 1.0000000180025095e-35 3.5000000000000004 0.22000000000000003 1.0000000180025095e-35 4.1663491631514509 -0.50081643761055916 2.6725404816981908 1.0000000180025095e-35 -0.45591236902979998 -0.5625935501428766 1.0000000180025095e-35 0.0022478438951679886 12.500000000000002 0.22000000000000003 11.500000000000002 4.1663491631514509 1.0000000180025095e-35 -0.42420737515308204 1.0000000180025095e-35 11.500000000000002 -0.077687005361245828 68.687515956088859 -0.44788406585930057 1.0000000180025095e-35 1.1400000000000003 4.1663491631514509 1.0000000180025095e-35 1.7000000000000002 0.0055379219523830261
decision_type=2 2 2 2 2 2 2 2 2 2 2 2 2 2 2 2 2 2 2 2 2 2 2 2 2 2 2 2 2 2
left_child=-1 -2 3 6 5 -5 10 8 9 11 -3 12 -8 14 19 16 17 18 -16 20 -4 24 -23 -21 -22 -15 27 28 -27 -30
right_child=1 2 13 4 -6 -7 7 -9 -10 -11 -12 -13 -14 25 15 -17 -18 -19 -20 23 21 22 -24 -25 -26 26 -28 -29 29 -31
leaf_value=-0.06467695040199288 -0.054518391707236137 -0.12176318386481728 0.012179170062698252 0.011905702073209302 -0.065276556717520695 -0.054503815352248963 -0.14689154973848223 0.023128265654796656 0.050047123787503416 -0.058280413624111065 0.032882435291955406 -0.086742592857151371 0.030864446527282333 -0.00048088001438020166 0.039246303987602212 0.017914760642476026 -0.076891179676769103 -0.062677366906687459 -0.015368644551112568 -0.0093300260016825499 -0.037960702303759003 -0.069365331762097956 0.05467318164783122 -0.10333422392824319 0.041922849884665957 0.0088174390611263607 0.04698859858826359 0.056077050544005351 -0.096319697679528332 -0.0057754033664339285
leaf_weight=46.59507961491181 63.904634887418069 10.959086083719738 1465.8933681036124 751.0617399202747 146.38122821581237 102.57467382214963 8.04164463537745 831.12899992821622 65.384915815724526 262.781105582073 739.66509527520975 25.522751599550247 115.5938903981878 18743.993574943685 154.57825803054948 309.63919228617397 255.42562651773915 216.26489401671643 282.09586827153544 190.54709550365806 75.588041144079398 242.0337509254241 53.219779529985317 63.365233119912773 140.42471273917909 1232.0510988902752 260.05072670834488 154.54340994358063 70.092967691813101 182.90645255662457
leaf_count=13878 74431 2766 108946 54962 5711 977 43 1885 126 57635 1869 113 294 491034 36580 12820 2551 11057 72717 399 6517 25243 838 17899 1918 25138 496 21 4497 3979
internal_value=0.000195 0.000306065 0.0004351 0.00788992 -0.00620395 0.0039258 0.0147348 0.00561922 -0.024868 -0.0367588 0.0306246 0.00115704 0.0193026 -0.000511452 -0.00790074 -0.0212779 -0.0346377 -0.0181085 0.0039645 -0.000597771 0.00353635 -0.0212442 -0.0470073 -0.0327893 0.0139697 0.000723128 0.0126032 0.00714944 0.00205774 -0.0308605
internal_weight=27262.3 27215.7 27151.8 3059.1 1000.02 853.636 2059.08 1308.45 477.324 411.939 750.624 149.158 123.636 24092.7 3449.08 1218 908.365 652.939 436.674 2231.07 1977.16 511.266 295.254 253.912 216.013 20643.6 1899.64 1639.59 1485.05 252.999
internal_count=1037340 1023462 949031 126381 61650 55939 64731 60096 58211 58085 4635 450 337 822650 297485 135725 122905 120354 109297 161760 143462 34516 26081 18298 8435 525165 34131 33635 33614 8476
is_linear=0
shrinkage=0.05


Tree=109
num_leaves=31
num_cat=0
split_feature=12 1 8 1 6 6 5 3 0 2 0 6 1 6 18 3 4 2 1 1 2 0 1 9 14 1 1 4 8 10
split_gain=76.3182 487.835 191.732 159.761 138.827 206.735 83.59 172.799 329.938 177.065 125.726 114.196 144.586 102.877 138.837 120.353 102.819 102.113 97.9754 109.295 95.9408 103.341 101.507 330.565 249.356 237.103 479.083 336.706 301.837 226.887
threshold=1.0000000180025095e-35 3.0136753299768682 1.0000000180025095e-35 2.4612192134984352 0.18000000000000002 -0.85999999999999988 5.5000000000000009 0.0037410988877353908 0.0034042555931195089 -0.052259382180239976 0.000571269127970159 -0.73999999999999988 5.249489726493402 -0.61999999999999988 1.0000000180025095e-35 0.0045388328084993686 20.500000000000004 -0.10148072504467705 -0.36555994012790854 -0.50789223023540619 -0.11930048506510084 0.0011383072457758891 -0.33929786365491904 1.0000000180025095e-35 1.0000000180025095e-35 -0.0070077561573003684 -0.27711253231732208 21.500000000000004 1.0000000180025095e-35 1.0000000180025095e-35
decision_type=2 2 2 2 2 2 2 2 2 2 2 2 2 2 2 2 2 2 2 2 2 2 2 2 2 2 2 2 2 2
left_child=6 2 4 -4 5 -2 20 8 16 17 -9 12 18 14 -13 -15 -8 -10 19 -12 21 -1 23 24 29 26 28 -27 -24 -22
right_child=1 -3 3 -5 -6 -7 7 10 9 -11 11 13 -14 15 -16 -17 -18 -19 -20 -21 22 -23 25 -25 -26 27 -28 -29 -30 -31
leaf_value=-0.1130468482723338 0.050421673346193609 0.050006488024124662 -0.050186529235590444 0.052403299094395062 0.012486286917657265 -0.090562643774786344 -0.042196553057960488 -0.091974579119128264 -0.069771766126207682 -0.039635700216178626 -0.093146910013534534 0.032047194311015388 0.014915101968391659 -0.032945102399439229 -0.13781108170031073 0.0014776462767038074 -0.10591004301494554 0.038111369918199085 -0.10028638050752013 -0.007228350288690376 0.005151958009124602 -0.013938458607114696 0.0073523420197693368 -0.076973163803567488 -0.056765984695264476 -0.0070187429823804093 -0.066906584740276512 0.014383040609941332 -0.052759310861596936 0.04591466877245149
leaf_weight=27.508563149777729 30.545212948122753 468.53400683950167 56.745680100204481 114.56733548641205 68.762721850769594 174.8314627240261 123.37402389345789 38.822506815973156 24.54517358903604 179.00515484570633 50.749797558966748 356.26864707179539 133.90599487215513 279.12073273543047 12.450596509937894 2813.1168809460032 130.08983667355096 206.16229627246366 68.682766040299612 136.75558341417309 11014.393999769251 599.7844769387857 1057.3087379444796 122.65100927840467 158.33978032448795 4644.6212495229283 401.51345582465592 3041.0370524705813 260.22920310120981 352.28774704760872
leaf_count=3656 1712 1336 45749 31 18791 31188 24849 5947 3004 17366 5743 5955 248 14660 467 80000 6892 5187 9826 1307 235512 26365 12986 19411 20310 296910 97561 35301 8640 430
internal_value=0.000185829 0.0143887 -0.0230746 0.0184215 -0.049006 -0.0695944 -0.000309021 -0.00646789 -0.0300587 -0.00231974 -0.00244594 -0.0015434 -0.0271894 0.00134723 0.0263116 -0.00162952 -0.0748974 0.0266336 -0.0491969 -0.0304829 0.000984431 -0.0182846 0.00155859 0.00467834 0.00554728 -0.0023052 -0.0190918 0.00144945 -0.00452041 0.00641532
internal_weight=27146.7 913.986 445.452 171.313 274.139 205.377 26232.7 4553.05 663.176 409.713 3889.87 3851.05 390.094 3460.96 368.719 3092.24 253.464 230.707 256.188 187.505 21679.7 627.293 21052.4 11647.7 11525 9404.71 1719.05 7685.66 1317.54 11366.7
internal_count=1037340 98807 97471 45780 51691 32900 938533 181451 57298 25557 124153 118206 17124 101082 6422 94660 31741 8191 16876 7050 757082 30021 727061 275663 256252 451398 119187 332211 21626 235942
is_linear=0
shrinkage=0.05


Tree=110
num_leaves=31
num_cat=0
split_feature=7 18 1 4 7 0 6 0 6 7 5 0 2 6 6 2 1 5 7 1 0 3 3 3 0 4 2 2 6 2
split_gain=75.0701 138.5 82.0995 81.2788 73.8945 121.817 204.547 147.38 130.335 151.412 119.482 185.634 140.814 118.14 173.856 187.945 171.949 129.768 186.495 184.298 178.126 170.709 172.681 170.241 246.253 129.232 129.096 183.99 131.797 194.211
threshold=1.1017393947111718 1.0000000180025095e-35 3.0136753299768682 5.5000000000000009 -0.98378491833742066 0.0011867135030440049 -0.41999999999999998 0.0010686890386138509 1.1800000000000002 0.68878477410780092 1.0000000180025095e-35 0.0011968885196114948 20.891447536379889 1.2600000000000002 0.78000000000000014 -0.098289507275976504 2.6725404816981908 4.5000000000000009 0.33775786363998739 -0.57075792624846911 0.0016698034295273946 0.0084156264502499249 0.0081306187202538367 0.0032734585251301455 0.0035933620450797738 11.500000000000002 0.067143221853459292 31.587464896604548 -0.65999999999999992 0.39925963747766152
decision_type=2 2 2 2 2 2 2 2 2 2 2 2 2 2 2 2 2 2 2 2 2 2 2 2 2 2 2 2 2 2
left_child=4 2 3 -2 -1 6 7 -6 9 -8 11 -7 -13 14 17 -16 -17 21 19 -19 -20 22 -12 24 -21 -15 -25 28 29 -28
right_child=1 -3 -4 -5 5 10 8 -9 -10 -11 13 12 -14 25 15 16 -18 18 20 23 -22 -23 -24 26 -26 -27 27 -29 -30 -31
leaf_value=-0.0075992444337495291 -0.0033114737795534839 0.021684976181162566 -0.0034951317937194169 -0.065287972087613111 -0.080594730142351578 0.082411807068970735 0.005497317632497326 -0.019523908115916852 -0.061937095924782332 -0.052209982011191106 0.0049940795316902788 -0.0050524850096557387 -0.056605336604458073 -0.01317307591741421 0.0090794766643773912 -0.046077203718905044 0.0071367307581606185 -0.082275061239819494 0.04030941157896871 -0.090919999488267858 0.0035034818135331646 0.019142008151941132 -0.059083394880072859 0.0060855331288112262 -0.010172530288028423 0.024433386633433293 -0.088178723003754025 0.026192858626538723 -0.036338729324488422 0.01313626349716744
leaf_weight=2504.641520508776 71.854911719479787 163.8305626596084 156.47114097756457 200.54808627859165 149.9567530575448 59.015554281576442 1492.1811081371068 289.52352761212978 86.380070344003798 123.04056402693641 6636.3396969102796 3559.1650884383926 137.57835642912414 279.68665446321074 486.91010228584128 531.46635488294123 212.50459853526809 82.301782026089768 397.52368619954768 138.65062657988733 1899.357540173763 2561.1937275653363 106.83396291535973 1822.4871655318457 295.98075045033806 1246.9626221313042 54.62319274591573 230.31863855550546 686.89920847672965 352.84358562902889
leaf_count=108146 5456 1907 770 20215 20268 671 67514 15403 9481 10913 238868 142951 8764 25902 16255 42170 1337 21609 7269 16712 67973 51218 5817 52407 19299 16737 2941 4329 27127 6911
internal_value=0.000177096 -0.0174211 -0.0323596 -0.0489397 0.000571827 0.00142742 -0.00995265 -0.0403621 -0.00209866 0.00110143 0.00254621 -0.00556658 -0.00697108 0.00423682 0.00300532 -0.0150713 -0.0308774 0.00446289 -0.00129662 -0.00829874 0.00987352 0.0081528 0.00397888 -0.00659893 -0.0359316 0.0175438 -0.00254803 -0.014426 -0.0229746 -0.000445575
internal_weight=27017.1 592.705 428.874 272.403 26424.4 23919.7 2141.08 439.48 1701.6 1615.22 21778.6 3755.76 3696.74 18022.9 16496.2 1230.88 743.971 15265.4 5960.99 3664.1 2296.88 9304.37 6743.17 3581.8 434.631 1526.65 3147.17 1324.68 1094.37 407.467
internal_count=1037340 28348 26441 25671 1008992 900846 123579 35671 87908 78427 777267 152386 151715 624881 582242 59762 43507 522480 226577 151335 75242 295903 244685 129726 36011 42639 93715 41308 36979 9852
is_linear=0
shrinkage=0.05


Tree=111
num_leaves=31
num_cat=0
split_feature=3 2 2 4 6 17 1 12 11 1 1 17 2 1 13 1 1 3 0 2 15 1 1 1 18 1 1 4 4 6
split_gain=73.0649 84.1729 81.3392 73.0472 110.716 217.009 158.859 423.584 113.362 108.198 105.787 209.163 193.201 93.3242 87.4623 275.616 249.449 115.761 128.515 122.3 115.479 284.404 221.839 482.214 417.879 1631.2 546.309 459.451 408.263 288.771
threshold=0.046563824612605102 0.12027061526678581 0.09568547357671689 3.5000000000000004 0.22000000000000003 1.0000000180025095e-35 -0.3035106817254048 1.0000000180025095e-35 1.0000000180025095e-35 2.4612192134984352 -0.51183834535310924 1.0000000180025095e-35 1.0000000180025095e-35 8.2792216628112687 1.0000000180025095e-35 -0.28582120016328755 -0.45591236902979998 0.0036344972333131496 0.001712085334104574 -0.11161603267806994 1.0000000180025095e-35 -0.29466594094434617 -0.0070077561573003684 -0.33929786365491904 1.0000000180025095e-35 -0.44788406585930057 -0.43223567832358151 21.500000000000004 21.500000000000004 0.3000000000000001
decision_type=2 2 2 2 2 2 2 2 2 2 2 2 2 2 2 2 2 2 2 2 2 2 2 2 2 2 2 2 2 2
left_child=3 2 -2 4 8 6 -6 -8 10 -9 -1 -12 -13 -14 20 16 -16 18 -18 -19 22 -22 23 24 25 -5 -26 -27 -24 -28
right_child=1 -3 -4 14 5 -7 7 9 -10 -11 11 12 13 -15 15 -17 17 19 -20 -21 21 -23 28 -25 26 27 29 -29 -30 -31
leaf_value=0.03547840815079234 0.050298930099609666 0.057312149217099539 -0.11867394566919767 -0.00079395986264549053 0.027074168734203225 -0.064089160462656003 -0.062143837621716207 -0.050182261838690151 -0.018060678310616547 0.051153725479989788 0.017746630233779745 0.029625028982835991 -0.084799252503148154 -0.60886619939474351 -0.059199239796604387 -0.064879226722131478 -0.095963236395652754 -0.026808185084863774 -0.00028937136257481475 0.022021814701582768 0.008726234313664866 -0.061101614413900156 -0.0074518666687152998 -0.040677020343592024 -0.06385992836270242 -0.047734255101247625 0.029556298439665226 -0.12388696019493139 0.014473973600889506 -0.019795928697289609
leaf_weight=602.88011764642579 13.429596640169621 106.45417127758265 15.163861944631208 4675.7397589565098 378.05170469016775 140.01247696762493 239.62787915694298 31.048784683242047 241.11922254213323 173.71915604174137 1010.2469624135042 53.449853532707493 92.332194580627402 0.85738268925342609 118.55717233844916 124.04419131047371 43.783041974211756 137.25961428059964 176.98724645188577 1949.4252281827976 3640.0672809390144 151.90598299120211 4925.9169259578684 1073.1501893960321 209.13240817930637 528.65042703597783 1700.8510551888612 316.73289355320094 3731.2754945632569 358.95483909188988
leaf_count=4743 42 136 404 223525 20930 6111 26543 11565 10657 407 49947 2592 2620 13 14337 44376 1751 848 1478 5857 25373 64812 324434 103819 22629 24479 3846 3766 32981 2319
internal_value=0.000168926 0.0368541 -0.0393118 -1.57558e-05 0.00738817 -0.00654672 0.00324923 -0.0170189 0.0140911 0.0357882 0.0184964 0.00964676 -0.0461559 -0.0896209 -0.000935209 0.00781592 0.0115329 0.0151671 -0.0192634 0.0188098 -0.00198229 0.00592894 -0.00369454 -0.00925498 -0.00492632 -0.0123501 0.0131382 -0.0762658 0.00199824 0.0209559
internal_weight=26960.8 135.048 28.5935 26825.8 2963.35 962.46 822.448 444.396 2000.89 204.768 1759.77 1156.89 146.639 93.1896 23862.4 2550.06 2426.01 2307.46 220.77 2086.68 21312.4 3791.97 17520.4 8863.21 7790.06 5521.12 2268.94 845.383 8657.19 2059.81
internal_count=1037340 582 446 1036758 136128 65556 59445 38515 70572 11972 59915 55172 5225 2633 900630 68647 24271 9934 3229 6705 831983 90185 741798 384383 280564 251770 28794 28245 357415 6165
is_linear=0
shrinkage=0.05


Tree=112
num_leaves=31
num_cat=0
split_feature=1 19 20 16 1 1 17 8 4 0 1 6 6 4 4 2 20 2 0 8 2 6 6 1 2 6 0 1 1 3
split_gain=72.1904 260.837 211.725 200.801 138.57 129.798 199.692 123.535 120.658 116.402 125.949 110.022 147.496 127.472 98.3054 98.1333 120.397 97.6835 90.5826 87.3981 264.692 515.838 324.448 343.781 295.527 290.377 251.786 310.154 313.075 204.496
threshold=8.2792216628112687 1.0000000180025095e-35 1.0000000180025095e-35 1.0000000180025095e-35 6.2210504830589217 5.249489726493402 1.0000000180025095e-35 1.0000000180025095e-35 22.500000000000004 0.0081405850735747666 12.211797523472585 0.18000000000000002 -0.57999999999999996 11.500000000000002 21.500000000000004 -0.0017615522083226957 1.0000000180025095e-35 -0.11988766913454173 0.0011383072457758891 1.0000000180025095e-35 1.0000000180025095e-35 0.18000000000000002 -0.73999999999999988 -0.29466594094434617 -0.009982129180495276 0.22000000000000003 0.0050582323563124294 2.6725404816981908 0.97543883521567587 0.0038270026455578159
decision_type=2 2 2 2 2 2 2 2 2 2 2 2 2 2 2 2 2 2 2 2 2 2 2 2 2 2 2 2 2 2
left_child=1 2 3 5 -4 17 -7 -5 -6 10 15 12 -12 -13 -11 -2 -17 18 -1 -19 21 22 -21 -24 -23 26 27 28 -22 -30
right_child=9 -3 4 7 8 6 -8 -9 -10 14 11 13 -14 -15 -16 16 -18 19 -20 20 25 24 23 -25 -26 -27 -28 -29 29 -31
leaf_value=-0.11050844200731783 0.022796934247511683 -0.064205754988764657 -0.064506181112975583 -0.06751658124954911 -0.040015918311382452 0.033843815570031029 -0.058105518198178378 -0.0073061974545480073 0.036451035135803424 0.0073139957251669753 -0.012582246630622318 -0.073622308949045132 -0.10226867701317498 0.043000502454276182 0.031415532068543604 -0.11305432274779337 -0.005926880810552539 0.0031697726429185005 -0.016074355422948768 -0.011858534075112823 -0.033709062575991204 -0.012252826484138647 0.066908623356306235 0.0059115152104811403 0.056827067898566563 0.0043498227542593552 0.014499381590294361 -0.11986489845141202 -0.14488597490686489 0.034539743328482149
leaf_weight=26.708209731069473 338.7419245276933 161.06998350150025 208.30030514963437 172.67591541596539 119.35134950144129 537.04185433303428 66.341979932156391 168.1428514496738 90.861571169865783 1740.3782100104436 89.287612044435264 34.677388608557521 94.214440026154989 72.246954025154992 558.97073961985006 29.44792668647824 239.82215523562991 13677.067965308261 515.98344439475932 331.93928987114759 1717.3194186922435 2288.0472011188263 647.41732788726586 359.13177081729009 166.05878588826999 1585.0503840224228 377.33077269287696 91.565568925074558 16.913207480345136 260.00690159706937
leaf_count=3868 590 75255 89884 27810 805 3656 907 21281 51 3097 263 285 673 284 1946 303 534 419217 24215 14449 102839 80977 365 65092 4883 57347 27142 1301 2924 5097
internal_value=0.000160274 -0.0007956 -0.00035956 0.000281618 -0.0356037 0.000854465 0.023734 -0.0378118 -0.00696416 0.00721003 -0.00805101 -0.035138 -0.0586295 0.00517773 0.0131731 0.00488751 -0.0176426 0.00022868 -0.0207219 0.000757064 -0.00345154 0.00603969 0.0310085 0.0451452 -0.00757849 -0.0123435 -0.0230858 -0.0298852 -0.0257537 0.0235811
internal_weight=26782.1 23584.3 23423.3 23004.7 418.513 22663.9 603.384 340.819 210.213 3197.79 898.438 290.426 183.502 106.924 2299.35 608.012 269.27 22060.5 542.692 21517.8 7840.78 3792.59 1338.49 1006.55 2454.11 4048.19 2463.14 2085.81 1994.24 276.92
internal_count=1037340 1029365 954110 863370 90740 814279 4563 49091 856 7975 2932 1505 936 569 5043 1427 837 809716 28083 781633 362416 165766 79906 65457 85860 196650 139303 112161 110860 8021
is_linear=0
shrinkage=0.05


Tree=113
num_leaves=31
num_cat=0
split_feature=0 3 3 6 3 2 2 6 3 2 0 5 6 12 5 7 7 7 7 6 0 7 15 3 7 7 6 6 3 7
split_gain=70.3137 69.7307 73.8963 227.398 193.174 173.863 183.9 176.619 124.582 124.49 116.507 111.231 207.491 130.96 129.548 301.372 153.981 107.756 101.573 120.558 91.8423 183.554 143.598 136.213 133.446 152.936 123.091 184.692 119.667 117.392
threshold=1.0000000180025095e-35 1.0000000180025095e-35 0.0019361102364565997 0.7400000000000001 0.0028896183866842381 1.0000000180025095e-35 4.6127393413326532 -0.89999999999999991 0.0026098051798098734 -0.11485830993106969 0.0034715526845781378 3.5000000000000004 0.70000000000000007 1.0000000180025095e-35 1.5000000000000002 0.063622043930139524 0.63618383284026436 -0.39415253888851759 -1.087847367741537 -0.73999999999999988 0.0011867135030440049 -0.50851543908941743 1.0000000180025095e-35 0.0037410988877353908 -0.5180603379825558 -0.77532548837456694 0.26000000000000006 -0.29999999999999999 0.0098473873150523947 -0.98378491833742066
decision_type=2 2 2 2 2 2 2 2 2 2 2 2 2 2 2 2 2 2 2 2 2 2 2 2 2 2 2 2 2 2
left_child=-1 -2 3 11 5 8 7 -7 9 -4 -8 14 13 -13 15 -3 -17 -10 19 -6 21 22 24 -23 25 29 27 -25 -29 -20
right_child=1 2 4 -5 18 6 10 -9 17 -11 -12 12 -14 -15 -16 16 -18 -19 20 -21 -22 23 -24 26 -26 -27 -28 28 -30 -31
leaf_value=-0.06387502592063006 -0.054242077196783083 -0.094427090990751569 -0.080884278494739892 -0.079348602107985458 -0.062308357741215861 0.045505447169825457 -0.054906304905161553 -0.076714685386415737 0.0017916056596919642 0.015560612732458455 0.0064315868860360149 -0.049923296294521045 0.066765881952103992 0.043437151137001917 0.046691089585159468 0.04725012486122443 -0.10078653858228317 -0.062516542857954827 -0.10280160398738947 -0.007426919551861551 0.0028521132020159472 -0.094974240711312496 0.054539451230612795 -0.032144644653696382 0.08004132393030039 -0.058071649221252734 -0.039430791751509119 0.017491589039094254 -0.067190597588099629 0.023041027335156092
leaf_weight=42.808037746544869 58.563494795398583 61.642208485282026 35.526773769761348 62.251520236639408 106.89896844964369 32.993394877456012 110.75565019514488 283.97928003501329 126.4467059241324 574.89874880938532 257.18905566477588 177.38413096993827 73.180900223989738 47.653162287278974 437.29080877010347 175.31640403509846 19.521749826977612 134.3549053230654 20.286600952707886 1565.3490968535416 20281.703088643229 54.969551962104561 168.26783326747682 402.75643460884203 45.412498038949707 115.79499708926505 370.24075392642771 574.81107765425622 44.983435207264847 214.26030815411468
leaf_count=13878 74431 6811 4036 8593 7601 322 9665 28878 5942 26685 9164 16398 350 1780 8816 3897 2213 13234 2250 56703 645620 9461 1524 23259 366 8248 23248 15544 3045 5378
internal_value=0.000154261 0.00025717 0.000377266 0.0133497 -0.000158592 -0.0172296 -0.0360789 -0.0639929 -0.00241113 0.00994752 -0.0120318 0.0191669 -0.00637015 -0.0301536 0.0301441 0.00193191 0.0324176 -0.0313375 0.000949862 -0.0109352 0.00184137 -0.00834839 0.0158486 -0.0177751 -0.000602008 -0.0110553 -0.0147283 -0.00578413 0.0113455 0.0121566
internal_weight=26677.5 26634.7 26576.1 1054.24 25521.9 1556.14 684.917 316.973 871.227 610.426 367.945 991.989 298.218 225.037 693.771 256.48 194.838 260.802 23965.7 1672.25 22293.5 2011.78 564.022 1447.76 395.754 350.342 1392.79 1022.55 619.795 234.547
internal_count=1037340 1023462 949031 48858 900173 97926 48029 29200 49897 30721 18829 40265 18528 18178 21737 12921 6110 19176 802247 64304 737943 92323 17766 74557 16242 15876 65096 41848 18589 7628
is_linear=0
shrinkage=0.05


Tree=114
num_leaves=31
num_cat=0
split_feature=3 2 2 7 18 1 4 7 13 1 1 1 17 6 18 4 10 1 18 15 4 6 2 18 6 2 0 1 6 4
split_gain=68.5588 79.6851 75.7056 70.1244 125.048 75.5748 73.4587 70.0042 67.5561 253.842 232.118 113.07 370.829 453.36 262.53 262.261 210.08 196.302 497.924 1070.48 696.964 466.341 473.705 297.104 282.931 247.098 237.206 225.936 225.863 206.49
threshold=0.046563824612605102 0.12027061526678581 0.09568547357671689 1.1017393947111718 1.0000000180025095e-35 3.0136753299768682 5.5000000000000009 1.1564482043112807 1.0000000180025095e-35 -0.28582120016328755 -0.45591236902979998 -0.4789086950605525 1.0000000180025095e-35 0.26000000000000006 1.0000000180025095e-35 11.500000000000002 1.0000000180025095e-35 0.6502245203429039 1.0000000180025095e-35 1.0000000180025095e-35 21.500000000000004 0.22000000000000003 0.02236405412305336 1.0000000180025095e-35 0.18000000000000002 13.989941281593058 0.0034042555931195089 -0.3035106817254048 1.5800000000000003 21.500000000000004
decision_type=2 2 2 2 2 2 2 2 2 2 2 2 2 2 2 2 2 2 2 2 2 2 2 2 2 2 2 2 2 2
left_child=3 2 -2 8 5 6 -5 -6 11 10 -10 14 17 -14 16 -15 -1 18 19 20 24 -21 -23 29 -13 28 -24 -26 -20 -19
right_child=1 -3 -4 4 7 -7 -8 -9 9 -11 -12 12 13 15 -16 -17 -18 23 25 21 -22 22 26 -25 27 -27 -28 -29 -30 -31
leaf_value=0.0047968500060960179 0.050284776742602226 0.05695931442394752 -0.1167753406153141 -0.0037835065159337131 -0.098406051586409346 -0.0036228539853510686 -0.063471748143608009 0.029885086574560689 -0.058911922674423016 -0.064555332714810815 0.015171504105017592 -0.052914676369726937 -0.058240059892644871 -0.057690707582981865 -0.059197000050475859 0.053969250996065699 0.050664091773276104 -0.00030512140640036745 0.011370703117249782 0.013219417695728031 -0.1038816335047488 -0.084579503255909641 -0.036345154664517446 -0.096329536256825651 0.0093540278351901193 -0.086158312083862071 0.05870911010148782 -0.051086891770434989 -0.093890452920673773 0.016649924906304289
leaf_weight=6122.9912883995512 12.643412046134472 101.40627520531416 14.626598199014552 70.01886138060695 11.463852800209223 153.21034510638401 195.39638200131253 146.78170630699333 110.92349948316814 114.38878543722512 2259.2421326342487 702.13677589789131 603.92940252301923 74.292909935298667 154.96786675552175 179.99026417732239 260.25376448780298 5240.6728621313287 3328.1570220184717 2151.8727411984719 412.46605196532755 275.78637747156881 136.93439347681488 72.273887413552984 520.23378815584238 68.506222307535154 126.04799315886339 220.00825563224544 51.754727178922622 2731.7890180147569
leaf_count=247067 42 136 404 5452 533 764 20208 1370 13973 43274 9673 215621 25754 5952 18529 30 308 154868 38415 38894 26979 13296 7877 9083 16378 3000 907 102217 1658 14678
internal_value=0.000146835 0.0365551 -0.0393199 -2.99761e-05 -0.0172719 -0.0315846 -0.0477255 0.0205912 0.000353763 0.00819341 0.0117044 -0.000477387 -0.0026378 -0.0346592 0.00510582 0.021346 0.00666692 -0.000924367 -0.0064735 -0.0173426 -0.0465668 0.00280375 -0.038797 0.0045897 -0.030177 0.00785341 0.00921455 -0.00860969 0.0097589 0.00550458
internal_weight=26625.2 128.676 27.27 26496.5 576.871 418.626 265.415 158.246 25919.6 2484.55 2370.17 23435.1 16896.9 858.213 6538.21 254.283 6383.25 16038.6 7993.9 4545.49 1854.84 2690.64 538.769 8044.74 1442.38 3448.42 262.982 740.242 3379.91 7972.46
internal_count=1037340 582 446 1036758 28327 26424 25660 1903 1008431 66920 23646 941511 675607 31736 265904 5982 247375 643871 465242 422169 361195 60974 22080 178629 334216 43073 8784 118595 40073 169546
is_linear=0
shrinkage=0.05


Tree=115
num_leaves=31
num_cat=0
split_feature=4 6 12 1 17 1 1 1 17 12 1 16 0 3 1 3 2 8 2 1 1 1 8 1 6 5 6 3 6 14
split_gain=70.8105 101.769 161.926 198.849 221.472 85.1898 79.9709 162.815 113.079 122.523 92.4365 84.5729 133.058 107.032 134.185 73.7521 72.9797 94.9285 94.715 286.354 198.849 540.812 454.744 396.15 365.006 360.252 250.381 243.882 197.755 428.919
threshold=3.5000000000000004 0.38000000000000006 1.0000000180025095e-35 -0.3126275683766499 1.0000000180025095e-35 2.4612192134984352 -0.50789223023540619 2.6725404816981908 1.0000000180025095e-35 1.0000000180025095e-35 -0.5625935501428766 1.0000000180025095e-35 0.015944617834288372 0.0031292813026819227 6.2210504830589217 0.0015309080377949858 -0.11988766913454173 1.0000000180025095e-35 -1.0000000180025095e-35 -0.55660634099877537 -0.27711253231732208 0.72683358280038124 1.0000000180025095e-35 -0.34814260443597772 0.46000000000000002 1.0000000180025095e-35 -0.81999999999999995 0.011979664168785606 0.22000000000000003 1.0000000180025095e-35
decision_type=2 2 2 2 2 2 2 2 2 2 2 2 2 2 2 2 2 2 2 2 2 2 2 2 2 2 2 2 2 2
left_child=1 6 3 4 -3 -4 10 8 9 -8 -1 -9 13 14 -13 -12 17 -2 -18 -20 22 -22 26 24 25 -24 27 -21 29 -23
right_child=16 2 5 -5 -6 -7 7 11 -10 -11 15 12 -14 -15 -16 -17 18 -19 19 20 21 28 23 -25 -26 -27 -28 -29 -30 -31
leaf_value=-0.10470625091730529 -0.029263191369775406 0.023075563989494997 -0.050181730603293798 -0.062458179152893069 -0.064891256914330606 0.050891366729924385 0.003898998806811705 0.030394536054787358 -0.07307925928059103 -0.065907706696821222 -0.14293833355608385 -0.075662567964945526 0.028869776428740852 -0.026960623988061178 -0.43407821557640686 0.03072200578970144 0.0029615482465448302 0.016067437530099631 -0.052029532465393505 -0.062428959557848343 -0.061509161730725515 -0.019573360455435177 -0.087010194624516674 -0.083206988373087681 0.023248742665787098 -0.012396960813829561 0.016078088126433032 0.056212840157047562 0.015156417779120402 0.027387679652210041
leaf_weight=13.13340165014233 457.21733742471588 274.05314699829887 24.596587353144059 193.11444196904858 96.833890767722551 136.77906773984432 450.92594837423667 602.52860526633049 70.981796996034973 73.040320487861209 6.1683878559724681 8.8183570237379154 139.08612972409901 102.23101965716342 3.710018666839459 691.14225085821818 11247.398900445289 154.52519037887578 295.85537434773687 192.08647344104611 462.71843632045875 2545.1446596629944 181.69299198758563 189.44404785017696 666.03766745549729 1475.8330386894281 4050.563559854716 55.927338548237458 976.37399372115124 601.05379379998476
leaf_count=5428 21829 17145 9488 23426 3612 366 43401 1634 5216 22317 281 102 239 395 54 3174 416440 9004 83966 6641 188940 53235 7046 7350 7141 29900 44032 72 19778 5688
internal_value=0.000137245 0.00752776 -0.00867789 -0.0213143 0.000108545 0.035486 0.0129655 0.0062371 -0.0138551 -0.00583198 0.0267107 0.0201957 -0.00401222 -0.0438646 -0.1818 0.0291858 -0.000768733 -0.0178127 -0.000314221 -0.00346523 -0.00220453 -0.0102542 0.00321421 -0.0136822 -0.00801375 -0.0205758 0.0130921 -0.0356751 -0.00450137 -0.0106019
internal_weight=26439 2887.14 725.377 564.001 370.887 161.376 2161.77 1451.32 594.948 523.966 710.444 856.374 253.846 114.759 12.5284 697.311 23551.9 611.743 22940.1 11692.7 11396.9 4585.29 6811.59 2513.01 2323.56 1657.53 4298.58 248.014 4122.57 3146.2
internal_count=1037340 136278 54037 44183 20757 9854 82241 73358 70934 65718 8883 2424 790 551 156 3455 901062 30833 870229 453789 369823 267641 102182 51437 44087 36946 50745 6713 78701 58923
is_linear=0
shrinkage=0.05


Tree=116
num_leaves=31
num_cat=0
split_feature=1 19 20 16 1 1 17 8 1 19 6 4 6 2 4 4 0 0 1 1 14 1 1 1 2 1 14 1 6 2
split_gain=67.8523 240.407 191.961 177.758 129.471 123.763 174.401 114.239 113.587 372.875 150.656 210.95 209.282 134.785 112.972 110.23 92.3755 90.1413 287.633 215.138 238.695 405.082 193.722 181.699 152.158 140.504 364.905 426.18 264.443 191.97
threshold=8.2792216628112687 1.0000000180025095e-35 1.0000000180025095e-35 1.0000000180025095e-35 6.2210504830589217 5.249489726493402 1.0000000180025095e-35 1.0000000180025095e-35 12.211797523472585 1.0000000180025095e-35 0.18000000000000002 11.500000000000002 -0.57999999999999996 0.0032933367372989537 8.5000000000000018 22.500000000000004 0.0096891416680031459 0.0050582323563124294 3.0136753299768682 3.0136753299768682 1.0000000180025095e-35 4.1663491631514509 -0.46380459926520617 -0.56667573819567285 -0.064513658412050021 2.112192134984352 1.0000000180025095e-35 1.4104640087086679 0.22000000000000003 0.05190196579014552
decision_type=2 2 2 2 2 2 2 2 2 2 2 2 2 2 2 2 2 2 2 2 2 2 2 2 2 2 2 2 2 2
left_child=1 2 3 5 -4 17 -7 -5 -2 10 12 -12 13 -10 -15 -6 -16 19 22 25 21 -21 23 -19 -23 26 27 -1 -27 -30
right_child=8 -3 4 7 15 6 -8 -9 9 -11 11 -13 -14 14 16 -17 -18 18 -20 20 -22 24 -24 -25 -26 28 -28 -29 29 -31
leaf_value=0.00088267952771115335 0.014561134261406089 -0.063738246474561264 -0.063819007036386863 -0.065089712514844286 -0.038618161402966748 0.033000645735782368 -0.055257698738819763 -0.0066657327315964342 0.027346770043870851 0.016394494873962828 -0.076296277294966672 0.042713725769114162 -0.10193217671115749 0.030286382073861501 -0.092910869373313734 0.035454608561906679 -0.35897978986501899 -0.08141108536997782 0.045898160859243593 -0.089089096444778429 0.011137581222523407 -0.12333435614163797 -0.016524577695281577 0.022691856631811572 0.0068607030533288527 0.032457345540691386 -0.045431578010692086 -0.13688028253046897 -0.15245899469389748 -0.0063140108437910424
leaf_weight=17437.295068336589 1931.1473266092271 150.76393832943359 195.47872349749741 167.77864179255448 117.51539240946659 519.91039037776864 62.725686066885828 166.90462832292724 76.19579945026635 765.79156729497481 59.2647042213448 100.17138987963699 154.99488430309884 19.487613896839321 42.271084083188725 87.71416993465391 3.5349916038394431 44.202307526512413 440.49124954205581 267.3558422706019 292.62682158466123 24.484395759854579 838.87066512501497 809.87637593042928 268.91653373705913 672.19576187272332 444.57709995607729 56.320761884107924 33.274590535071638 69.201536490411854
leaf_count=529708 4105 75255 89884 27810 805 3656 907 21281 102 1709 441 356 973 15 238 51 36 3313 1555 2933 416 423 148086 3133 978 5241 96675 14308 1683 1264
internal_value=0.000130994 -0.000805493 -0.00039329 0.000214484 -0.0346976 0.000757739 0.0234989 -0.035954 0.00701268 -0.00491908 -0.0407186 -0.00152402 -0.0617958 -0.0178283 -0.0705462 -0.0069598 -0.113444 0.00014714 0.00990644 -0.000916982 -0.0254682 -0.0445707 0.000541692 0.0173041 -0.00400411 0.000202654 -0.000697701 0.000439151 0.0210512 -0.0537681
internal_weight=26321.3 23168.5 23017.7 22617 400.708 22282.3 582.636 334.683 3152.86 1221.71 455.92 159.436 296.484 141.489 65.2937 205.23 45.8061 21699.7 2133.44 19566.2 853.384 560.757 1692.95 854.079 293.401 18712.9 17938.2 17493.6 774.672 102.476
internal_count=1037340 1029365 954110 863370 90740 814279 4563 49091 7975 3870 2161 797 1364 391 289 856 274 809716 156087 653629 4750 4334 154532 6446 1401 648879 640691 544016 8188 2947
is_linear=0
shrinkage=0.05


Tree=117
num_leaves=31
num_cat=0
split_feature=0 7 3 3 6 3 2 2 6 3 2 0 5 6 5 7 7 12 7 7 6 3 0 1 2 0 0 7 3 15
split_gain=67.2493 72.3992 64.4958 67.706 206.828 170.872 155.558 167.403 162.096 114.972 111.69 107.594 99.3599 188.961 120.515 271.463 139.007 114.584 94.971 91.1801 109.941 86.3052 84.6005 184.302 162.294 91.4867 77.2668 183.782 122.545 120.987
threshold=0.00041491383287088363 0.60335159471898092 1.0000000180025095e-35 0.0019361102364565997 0.7400000000000001 0.0028896183866842381 1.0000000180025095e-35 4.6127393413326532 -0.89999999999999991 0.0026098051798098734 -0.11485830993106969 0.0034715526845781378 3.5000000000000004 0.70000000000000007 1.5000000000000002 0.063622043930139524 0.63618383284026436 1.0000000180025095e-35 -0.39415253888851759 -1.0690243786684201 -0.73999999999999988 0.0015309080377949858 0.0011792489727635903 -0.53442645257858212 -0.016211386264998722 0.0014796661251275137 0.0011867135030440049 -0.50851543908941743 0.0037410988877353908 1.0000000180025095e-35
decision_type=2 2 2 2 2 2 2 2 2 2 2 2 2 2 2 2 2 2 2 2 2 2 2 2 2 2 2 2 2 2
left_child=1 -1 -2 4 12 6 9 8 -8 10 -5 -9 14 17 15 -4 -17 -14 -11 20 -7 -16 24 -24 -22 -25 27 29 -29 -21
right_child=2 -3 3 5 -6 19 7 11 -10 18 -12 -13 13 -15 21 16 -18 -19 -20 26 22 -23 23 25 -26 -27 -28 28 -30 -31
leaf_value=-0.082424449344726258 -0.05406238838730229 0.013017756622286106 -0.092122454540669529 -0.077542490260145036 -0.07822203940900424 -0.058126183505573616 0.04500083345412819 -0.053509486358501772 -0.074306892325719534 0.0010992349589559441 0.015085331587122774 0.0064348123232480991 -0.047327229748156958 0.064979399674850169 -0.0081645035012876191 0.044743860481478666 -0.099484259463417699 0.042102746342278639 -0.060023635597363026 0.0013420009900237822 -0.06375215385255753 0.054821725000569713 -0.071958186515233072 -0.081264838156786534 0.038173645030410347 -0.0037476190302711369 0.0027249947646484714 -0.093970707281888763 -0.01455736194741652 0.052601333640169237
leaf_weight=50.353136597574576 54.508923443710955 32.821376899033112 59.077395847132721 34.54350942812016 58.568123996847135 111.51819266841721 31.789067638661436 106.58763028951853 272.59620973988422 123.25161378625853 562.20803332420201 251.45100147880657 173.81534980921242 70.981577294463932 64.065045573055613 170.86451425898304 18.516541318796953 45.11442348476703 131.20139773791925 382.0061561935845 47.89270229408794 359.96980844693644 116.38114446868894 39.295597766695209 211.63568855484391 1213.3452926665923 19842.329223866218 50.415873225359064 1333.3411630263254 164.76705158327968
leaf_count=16130 73994 3739 6777 4010 8529 7980 321 9557 28700 5915 26507 9164 16279 347 4231 3878 2204 1780 13175 15010 3477 4534 11553 2213 3314 38690 642720 9029 62093 1490
internal_value=0.000125605 -0.0447621 0.000268641 0.000382338 0.0130033 -0.000132543 -0.0164161 -0.0345861 -0.0618468 -0.00227583 0.00972349 -0.0114105 0.0185549 -0.00591359 0.0291033 0.00145167 0.0306421 -0.0288986 -0.030417 0.000915698 -0.0100982 0.0453055 -0.00680939 -0.0117712 0.0193645 -0.00617935 0.00179592 -0.00775327 -0.0174507 0.0167887
internal_weight=26185.2 83.1745 26102 26047.5 1020.97 25026.6 1513.63 662.424 304.385 851.205 596.752 358.039 962.405 289.911 672.493 248.458 189.381 218.93 254.453 23512.9 1740.07 424.035 1628.55 1369.02 259.528 1252.64 21772.9 1930.53 1383.76 546.773
internal_count=1037340 19869 1017471 943477 48559 894918 97349 47742 29021 49607 30517 18721 40030 18406 21624 12859 6082 18059 19090 797569 67227 8765 59247 52456 6791 40903 730342 87622 71122 16500
is_linear=0
shrinkage=0.05


Tree=118
num_leaves=31
num_cat=0
split_feature=4 6 17 1 1 1 9 6 1 16 0 6 13 1 1 1 1 0 2 4 8 0 6 4 17 1 5 6 6 18
split_gain=66.3879 92.6202 151.624 96.4064 74.753 199.429 143.107 163.07 83.1919 76.8748 117.688 93.5019 70.675 231.973 212.372 110.935 131.32 426.823 186.096 132.034 111.302 206.991 98.6257 121.149 143.179 143.13 157.245 207.255 130.343 113.248
threshold=3.5000000000000004 0.38000000000000006 1.0000000180025095e-35 5.249489726493402 -0.4789086950605525 2.6725404816981908 1.0000000180025095e-35 0.18000000000000002 -0.5625935501428766 1.0000000180025095e-35 0.015944617834288372 -0.81999999999999995 1.0000000180025095e-35 -0.28582120016328755 -0.45591236902979998 -0.3035106817254048 -0.3741325350387808 0.0012082190034407236 -0.096936430942047472 14.500000000000002 1.0000000180025095e-35 0.0017520889996746013 1.2600000000000002 11.500000000000002 1.0000000180025095e-35 4.1663491631514509 2.5000000000000004 1.4200000000000002 1.5000000000000002 1.0000000180025095e-35
decision_type=2 2 2 2 2 2 2 2 2 2 2 2 2 2 2 2 2 2 2 2 2 2 2 2 2 2 2 2 2 2
left_child=1 4 3 -3 8 6 7 -6 -1 -7 11 -11 22 14 -14 16 -16 -18 -19 -20 -21 -22 -2 -24 25 26 28 -28 -25 -29
right_child=12 2 -4 -5 5 9 -8 -9 -10 10 -12 -13 13 -15 15 -17 17 18 19 20 21 -23 23 24 -26 -27 27 29 -30 -31
leaf_value=-0.1037661474675403 -0.0026965565146202632 0.0075045521092969927 -0.063414535631194854 -0.06667940776982649 -0.054123109144089479 0.029681350761300931 0.047307012673635095 0.01656025684041194 0.026313510657884266 0.050595517079475294 0.028076931221952286 -0.062823118701838335 -0.058429396168541141 -0.064171321893896391 0.021486801501142561 0.05412678697530502 -0.072767444224080366 -0.067251078885326873 -0.080817139942192084 0.035691186158889013 0.030197186756369156 -0.11972449484247992 -0.027160819523241498 -0.077941835936740811 0.057049599999631155 0.047131553492732986 0.03891845249787057 -0.0024229157367570953 -0.0072296713471269661 -0.084058789132312739
leaf_weight=12.48017906748464 19245.349631384841 539.79481853384868 106.27445981833671 47.662077423181472 273.17931439313179 577.95384641002238 64.667823780166145 116.35227122354627 812.67600086438233 22.600544780492783 135.90608992491252 92.726654889567726 106.72154443745239 108.78274453184667 1207.6034698183275 158.20410453524346 179.34229635285874 65.004608059687598 30.112685902908197 523.00202182912471 66.887113028071326 35.107082436094061 191.19031076327383 91.908544511182754 178.91686302423477 207.01235245407224 392.85746686164021 270.56202639251796 223.99582118496073 50.394915976704851
leaf_count=5428 778845 48392 5036 609 61344 1634 536 8593 3916 22 239 529 14348 44389 5057 919 1931 429 370 719 127 384 25818 4533 21 439 4557 8746 7170 2260
internal_value=0.000119513 0.00739113 -0.00845645 0.00148579 0.0126051 0.00505626 -0.0215748 -0.0330101 0.0243461 0.0196438 -0.00344726 -0.0405966 -0.000753803 0.00722432 0.0104986 0.013746 0.0107141 -0.00374932 0.0134395 0.0214462 0.0263733 -0.0214069 -0.00170295 0.0101976 0.015243 0.00919488 0.00156818 0.0145664 -0.0278025 -0.0152409
internal_weight=26135.2 2802.27 693.731 587.457 2108.54 1283.39 454.199 389.532 825.156 829.187 251.233 115.327 23333 2480.77 2371.98 2265.26 2107.06 899.456 720.114 655.109 624.996 101.994 20852.2 1606.84 1415.65 1236.73 1029.72 713.814 315.904 320.957
internal_count=1037340 136278 54037 49001 82241 72897 70473 69937 9344 2424 790 551 901062 68673 24284 9936 9017 3960 2029 1600 1230 511 832389 53544 27726 27705 27266 15563 11703 11006
is_linear=0
shrinkage=0.05


Tree=119
num_leaves=31
num_cat=0
split_feature=3 2 2 4 6 17 1 12 1 11 1 17 3 2 7 1 1 6 0 2 2 1 2 8 2 1 1 8 1 6
split_gain=62.9212 74.0886 69.1894 63.0514 85.5448 186.365 132.431 365.929 95.392 93.9377 83.3676 142.43 134.635 127.689 78.8652 168.187 87.0395 210.727 115.014 71.2191 70.2702 243.419 167.613 332.91 186.088 165.635 493.966 409.29 364.786 306.961
threshold=0.046563824612605102 0.12027061526678581 0.09568547357671689 3.5000000000000004 0.22000000000000003 1.0000000180025095e-35 -0.3035106817254048 1.0000000180025095e-35 2.4612192134984352 1.0000000180025095e-35 -0.52013879439379507 1.0000000180025095e-35 0.010703220599338698 0.0032933367372989537 -0.28773586436092963 -0.47142468363042594 -0.51183834535310924 -0.69999999999999984 0.0031972294227736952 36.983073780954818 -1.0000000180025095e-35 -0.55660634099877537 -0.026984937452131732 1.0000000180025095e-35 -0.016211386264998722 -0.27711253231732208 0.72683358280038124 1.0000000180025095e-35 -0.34814260443597772 0.46000000000000002
decision_type=2 2 2 2 2 2 2 2 2 2 2 2 2 2 2 2 2 2 2 2 2 2 2 2 2 2 2 2 2 2
left_child=3 2 -2 4 9 6 -6 -8 -9 10 19 -12 13 -13 -11 16 17 18 -16 -1 22 -22 -5 24 -24 27 -27 -23 29 -29
right_child=1 -3 -4 20 5 -7 7 8 -10 14 11 12 -14 -15 15 -17 -18 -19 -20 -21 21 25 23 -25 -26 26 -28 28 -30 -31
leaf_value=0.035876912242966928 0.050273585437340777 0.056593929663943367 -0.11419397021846463 -0.00045740407602620287 0.025422614260202106 -0.062397871637547835 -0.061723728535575929 -0.050162015243081108 0.051077805407801768 0.010389122558945096 0.017367817069941231 0.02552187932845237 0.037979135450899315 -0.09106456236842686 -0.16241759561199989 -0.14827972660791294 0.020646574629473183 0.039912698447524757 -0.5551401484371985 -0.18644139155632103 -0.049681916717415016 0.011955862995304246 -0.046622590328476349 0.04280551641066499 0.0093529773744456535 -0.060183423163400002 -0.0044806955368529898 -0.019653325495409206 -0.081786872296827656 0.02124290698940498
leaf_weight=503.01934855712807 11.778152607381344 94.778556820005178 13.990544042026158 10266.124136641762 360.90518054953463 124.70284030733364 208.4982190462988 27.461287514608557 152.35664864629507 129.76851800473105 954.23032995003541 31.838137131895564 48.637224594218424 89.520145206696725 5.9157799519598502 29.937149467688869 60.289823113009334 11.617022022604941 2.7222031094133854 3.6283345246047238 280.65602184426643 4200.561041132717 197.95674045367196 693.54818347676996 594.03533733937979 441.48136576283196 4041.1679608710183 1648.897321948592 182.20763364844652 635.74178154418041
leaf_count=4266 42 136 404 404606 20930 6111 26543 11565 407 3673 50190 2221 501 2545 38 6846 55 10 35 192 83902 50687 10036 17428 15197 188804 78541 36944 7349 7136
internal_value=0.000115166 0.036155 -0.0390204 -5.23982e-05 0.00711302 -0.00580233 0.00361762 -0.0166482 0.0356167 0.0131452 0.0174452 0.00985616 -0.0323088 -0.0604783 -0.0160436 -0.0470906 -0.00948026 -0.099154 -0.286182 0.0342848 -0.000900863 -0.00369205 0.0018141 0.0175118 -0.004638 -0.00253445 -0.00996667 0.0024624 -0.0137031 -0.00827322
internal_weight=26048 120.547 25.7687 25927.4 2745.05 873.924 749.221 388.316 179.818 1871.12 1630.87 1124.23 169.996 121.358 240.25 110.482 80.5448 20.255 8.63798 506.648 23182.4 11430.7 11751.7 1485.54 791.992 11150.1 4482.65 6667.41 2466.85 2284.64
internal_count=1037340 582 446 1036758 136128 65556 59445 38515 11972 70572 59915 55457 5267 4766 10657 6984 138 83 73 4458 900630 453363 447267 42661 25233 369461 267345 102116 51429 44080
is_linear=0
shrinkage=0.05


Tree=120
num_leaves=31
num_cat=0
split_feature=1 20 16 19 4 6 8 6 2 4 6 6 4 4 8 6 2 16 1 2 2 1 1 0 0 0 6 5 2 7
split_gain=61.9826 292.354 225.579 158.254 155.326 158.932 172.497 138.671 294.698 89.0168 200.801 112.884 814.954 370.338 523.664 295.978 185.437 163.513 159.842 143.802 139.894 123.279 109.51 216.035 112.398 93.2665 91.2949 78.0991 76.59 90.2658
threshold=6.2210504830589217 1.0000000180025095e-35 1.0000000180025095e-35 1.0000000180025095e-35 21.500000000000004 0.22000000000000003 1.0000000180025095e-35 -0.77999999999999992 0.0032933367372989537 3.5000000000000004 0.18000000000000002 0.18000000000000002 11.500000000000002 11.500000000000002 1.0000000180025095e-35 -0.85999999999999988 -0.014092417666581565 1.0000000180025095e-35 12.211797523472585 42.128976257339808 38.441000765892277 8.2792216628112687 12.211797523472585 0.013125923141443912 0.0047165905594038311 0.0031575651951967526 0.22000000000000003 3.5000000000000004 -0.11988766913454173 0.44686850580077836
decision_type=2 2 2 2 2 2 2 2 2 2 2 2 2 2 2 2 2 2 2 2 2 2 2 2 2 2 2 2 2 2
left_child=1 2 3 28 9 6 7 -6 -9 10 -2 13 26 17 15 -15 -16 -11 21 27 22 -19 24 -24 -18 -17 -13 -20 29 -1
right_child=4 -3 -4 -5 5 -7 -8 8 -10 11 -12 12 -14 14 16 25 20 18 19 -21 -22 -23 23 -25 -26 -27 -28 -29 -30 -31
leaf_value=-0.033740839872835118 0.032263049885186947 -0.06351052369952935 -0.062699815025591243 -0.06042888811090702 0.026152894414765256 0.049616607523184704 0.028458175863986374 -0.01145480382868898 -0.16882016063147087 0.050488394277591143 -0.057110570930624806 0.015362979250067535 0.047182281638425187 0.0087785232663907496 0.044992335391767446 -0.014266264797977933 -0.10960381292495756 -0.13155372894481215 -0.59096838300218768 0.012746514359505221 -0.20286179164085316 0.015760851685159012 -0.14217359004580504 -0.0097883379546864595 0.01604734445926571 -0.094490219071005799 -0.077067563108008885 -0.22384481045975049 0.00080884426862670917 0.0088434744154316357
leaf_weight=342.97609375585489 430.02222043424217 184.91897951340798 144.24087010832227 107.68523844038646 80.635445527645061 360.32565611929749 376.93152101759006 106.65083642805985 41.260661365708074 279.24964046187961 73.604849866887889 30.718194805725943 516.26135348385651 104.69414514708478 185.09789973573334 40.491830006776581 19.016759493291829 15.732810369350771 2.1656494428025308 4.9043823927640915 9.613010094042691 145.91479203957351 41.088653413065458 123.26876912967418 277.66564990447296 344.14297547390743 204.99721713806503 4.3754961442609783 21154.067037135585 195.30210127370992
leaf_count=21121 636 89884 48583 74557 163 1241 1157 248 323 86 782 49 554 163 1345 198 251 137 31 5 81 142 338 186 380 2229 1573 28 783787 7082
internal_value=0.000110009 -0.000905152 -0.000377592 3.47657e-05 0.00599262 0.0233241 0.00767713 -0.026596 -0.0553527 0.000125596 0.0192011 -0.00396352 0.0120106 -0.0114832 -0.0266145 -0.0657569 0.00259404 0.0268207 -0.0113622 -0.191931 -0.0140803 0.00142304 -0.0101441 -0.0428841 0.00799335 -0.0860448 -0.0650221 -0.345392 0.00033492 -0.0182901
internal_weight=25948 22129.2 21944.3 21800 3818.83 965.804 605.478 228.547 147.911 2853.03 503.627 2349.4 751.977 1597.42 1145.08 489.329 655.751 452.343 173.093 11.4455 470.653 161.648 461.04 164.357 296.682 384.635 235.715 6.54115 21692.3 538.278
internal_count=1037340 1025014 935130 886547 12326 3132 1891 734 571 9194 1418 7776 2176 5600 5171 2590 2581 429 343 64 1236 279 1155 524 631 2427 1622 59 811990 28203
is_linear=0
shrinkage=0.05


Tree=121
num_leaves=31
num_cat=0
split_feature=0 7 3 3 6 3 2 2 6 3 2 0 5 0 5 7 7 5 8 7 7 1 2 0 1 2 10 3 6 4
split_gain=61.5902 69.8214 60.4408 63.8166 190.84 156.218 140.114 152.424 147.304 102.937 100.924 99.603 90.098 174.193 111.281 249.931 126.829 105.656 86.8187 85.6976 84.1912 98.4379 177.445 148.412 123.092 99.2925 108.387 81.7056 77.5396 83.4159
threshold=0.00041491383287088363 0.60335159471898092 1.0000000180025095e-35 0.0019361102364565997 0.7400000000000001 0.0028896183866842381 -1.0000000180025095e-35 4.6127393413326532 -0.89999999999999991 0.0026098051798098734 -0.11485830993106969 0.0020017427502535038 3.5000000000000004 0.0042954015362916828 1.5000000000000002 0.063622043930139524 0.63618383284026436 5.5000000000000009 1.0000000180025095e-35 -0.39415253888851759 -1.087847367741537 0.014763913457613248 -0.047459790656114366 0.0011792489727635903 -0.38188869233909378 1.4616287975491449 1.0000000180025095e-35 0.0015309080377949858 -0.53999999999999992 11.500000000000002
decision_type=2 2 2 2 2 2 2 2 2 2 2 2 2 2 2 2 2 2 2 2 2 2 2 2 2 2 2 2 2 2
left_child=1 -1 -2 4 12 6 9 8 -8 10 -5 -9 14 18 15 -4 -17 -15 -14 -11 21 22 28 24 -24 -25 -27 -16 -7 -30
right_child=2 -3 3 5 -6 20 7 11 -10 19 -12 -13 13 17 27 16 -18 -19 -20 -21 -22 -23 23 25 -26 26 -28 -29 29 -31
leaf_value=-0.081994968110762345 -0.05387607268051612 0.012822815995947052 -0.09032028156886239 -0.074986245287018666 -0.077417540228969961 -0.0097245364924185805 0.044237627846018396 -0.093241703217756891 -0.071995434291545743 0.0009314173312432103 0.014225168810724234 -0.0024971866026226456 -0.086028068080775594 -0.056078432182416815 -0.0083502916687750832 0.043122582581455612 -0.097787389399489125 0.044800705804257483 0.0059394018482848646 -0.057440213795864628 0.0016797068042144724 0.0036156621446713274 0.050143296409466326 -0.0091885953906267748 -0.099427545123668859 -0.086114080271854257 0.047625890699759171 0.05356220842855719 0.007043304658145802 -0.088594643613004675
leaf_weight=47.882380954138171 51.484700982891809 32.657619252601762 56.826459447636807 33.634833012751187 55.382483233142921 62.449261997146095 30.403309990075286 33.426309654052602 263.48337309414092 122.07890328854774 551.79704999864407 317.15720607104595 73.059511576140721 31.820168951795495 62.881957213610804 166.64215524611245 17.661414797023099 140.83076489999803 39.555117027493907 129.66540507461468 21614.438926178773 719.07138375678551 138.51431590553238 390.77258119887711 15.272162037914766 89.336199656983808 18.242908456828445 349.2971917574705 26.78056767443195 153.37903966698286
leaf_count=16130 73994 3739 6777 4010 8529 1858 321 5011 28700 5915 26507 13710 8480 4569 4231 3878 2204 3179 2178 13175 733639 31799 1145 11151 1208 5908 126 4534 3794 6941
internal_value=0.000107864 -0.0435479 0.000244381 0.000352784 0.0127747 -0.000146889 -0.015888 -0.0334125 -0.0599708 -0.0023974 0.0090997 -0.0111492 0.0180967 -0.0053471 0.0283334 0.0013536 0.0296195 0.0262083 -0.0537251 -0.0291339 0.000857179 -0.0101592 -0.0212295 -0.00764843 0.0352898 -0.0208987 -0.0634349 0.0441169 -0.0577358 -0.0743781
internal_weight=25835.9 80.54 25755.3 25703.9 993.957 24709.9 1481.65 644.47 293.887 837.176 585.432 350.584 938.575 285.266 653.309 241.13 184.304 172.651 112.615 251.744 23228.3 1613.82 894.747 652.138 153.786 498.352 107.579 412.179 242.609 180.16
internal_count=1037340 19869 1017471 943477 48559 894918 97349 47742 29021 49607 30517 18721 40030 18406 21624 12859 6082 7748 10658 19090 797569 63930 32131 19538 2353 17185 6034 8765 12593 10735
is_linear=0
shrinkage=0.05


Tree=122
num_leaves=31
num_cat=0
split_feature=7 18 1 4 7 0 3 3 6 3 5 6 0 1 3 6 1 15 5 6 6 12 7 7 6 7 6 3 2 2
split_gain=59.9744 120.513 66.7203 60.0428 57.766 57.2755 56.5445 62.2065 178.971 130.704 133.55 120.185 166.841 130.44 126.443 116.254 94.3988 90.7783 83.9138 162.684 103.887 95.7051 87.5984 82.9451 94.4151 80.9507 118.754 85.2223 81.5409 100.126
threshold=1.1017393947111718 1.0000000180025095e-35 3.0136753299768682 5.5000000000000009 1.1564482043112807 1.0000000180025095e-35 1.0000000180025095e-35 0.0019361102364565997 0.7400000000000001 0.0028896183866842381 1.0000000180025095e-35 1.1400000000000003 0.0034042555931195089 -0.5262620764729895 0.0026481708172779272 -0.77999999999999992 -0.48625663355558585 1.0000000180025095e-35 3.5000000000000004 0.70000000000000007 -1.0000000180025095e-35 1.0000000180025095e-35 0.084893032521914005 -1.087847367741537 -0.73999999999999988 -1.2060914928806361 -0.45999999999999991 0.0063007028680430273 1.4616287975491449 -0.055680367628286952
decision_type=2 2 2 2 2 2 2 2 2 2 2 2 2 2 2 2 2 2 2 2 2 2 2 2 2 2 2 2 2 2
left_child=5 2 3 -2 -3 -1 -7 8 18 10 15 12 14 -14 17 -9 -15 -12 20 21 -8 -20 -22 24 -11 28 -27 -28 29 -26
right_child=1 4 -4 -5 -6 6 7 9 -10 23 11 -13 13 16 -16 -17 -18 -19 19 -21 22 -23 -24 -25 25 26 27 -29 -30 -31
leaf_value=-0.062432881159782974 -0.0046082421977215121 -0.086017040964779939 -0.003491243335837869 -0.059812701681787372 0.029562280605435483 -0.05371868091830824 0.039687206861875338 0.010277798109808278 -0.076657137318396518 -0.055890829506704633 -0.014931352351130604 0.028260525451266751 -0.079789495670571073 0.041421433863327181 -0.085959550611517332 -0.080799224095382469 -0.0041827405447536414 -0.099445782099235769 -0.043039024925553393 0.062816988457456077 -0.06813481424869601 0.041084163772713012 0.015963494736884656 0.0019205432958212716 -0.018195450711836262 -0.11205344889373647 -0.055315363220361846 -0.00017102300939228905 -0.0335857524769657 0.016104375032654529
leaf_weight=36.145154488032858 66.14742738974121 11.673445451607675 146.45901999984562 192.87665136292742 146.2674780959378 47.902936069145653 482.10324353016131 48.561130761923778 52.538136494436912 104.21846338223713 307.17604457942161 186.89274208385905 46.076106289969175 152.72980319727867 106.90337782961797 125.80968081593801 441.48866204833575 35.438822601874563 169.14196975656523 67.736062584881438 42.937174109622902 42.256543019066157 111.04456112276057 21112.707974564899 311.72627058096805 37.087537297623385 102.44711207265118 221.64837444548175 157.05771222640669 670.21730243129605
leaf_count=13486 5456 534 770 20215 1373 72395 12656 1614 8364 7601 19107 5657 9282 1459 13077 16684 24725 3551 15916 339 4652 1734 3855 716135 16332 2885 7687 6508 7660 15631
internal_value=0.000101974 -0.0160319 -0.030464 -0.045715 0.0210198 0.00046241 0.000552681 0.000656109 0.0130863 0.00015837 -0.0143903 -0.00878449 -0.0151374 0.00125453 -0.038486 -0.0554349 0.00753873 -0.0236732 0.018238 -0.00461661 0.0282674 -0.0262236 -0.00748697 0.00108768 -0.00987216 -0.00667522 -0.0273008 -0.0176022 -0.000134741 0.00521561
internal_weight=25783.4 563.424 405.483 259.024 157.941 25220 25183.8 25135.9 967.758 24168.2 1451.08 1276.71 1089.81 640.295 449.518 174.371 594.218 342.615 915.22 279.135 636.085 211.399 153.982 22717.1 1604.4 1500.18 361.183 324.095 1139 981.944
internal_count=1037340 28348 26441 25671 1907 1008992 995506 923111 47516 875595 95156 76858 71201 35466 35735 18298 26184 22658 39152 17989 21163 17650 8507 780439 64304 56703 17080 14195 39623 31963
is_linear=0
shrinkage=0.05


Tree=123
num_leaves=31
num_cat=0
split_feature=5 0 3 6 3 3 6 1 18 1 1 2 1 7 12 1 0 21 6 5 1 1 4 6 15 3 0 7 17 1
split_gain=59.0763 123.36 106.389 127.933 156.88 99.5983 98.5577 143.902 83.2085 92.3316 129.663 142.852 81.2575 80.1634 79.5834 74.14 216.811 165.234 198.435 175.518 171.551 157.576 186.083 149.042 126.477 126.054 124.581 120.652 113.203 523.823
threshold=5.5000000000000009 0.00085215555052080619 0.0045388328084993686 -0.61999999999999988 0.0019249723945248525 0.0018268528853829296 -0.73999999999999988 5.249489726493402 1.0000000180025095e-35 -0.52830317049938769 -0.4789086950605525 0.0032933367372989537 -0.52217988842019325 -1.5302526475707461 1.0000000180025095e-35 -0.57075792624846911 0.0037506698821007504 1.0000000180025095e-35 0.54000000000000015 2.5000000000000004 -0.60382364947611922 -0.54259082868417463 22.500000000000004 0.18000000000000002 1.0000000180025095e-35 0.0091164982240353274 0.0025046972876496625 0.86827055535856645 1.0000000180025095e-35 -0.52217988842019325
decision_type=2 2 2 2 2 2 2 2 2 2 2 2 2 2 2 2 2 2 2 2 2 2 2 2 2 2 2 2 2 2
left_child=15 13 3 12 5 14 7 -4 9 -6 -11 -12 -3 -2 -5 16 17 18 -1 -20 -19 22 26 -24 -21 -25 -17 -22 -23 -30
right_child=1 2 6 4 8 -7 -8 -9 -10 10 11 -13 -14 -15 -16 21 -18 20 19 24 27 28 23 25 -26 -27 -28 -29 29 -31
leaf_value=-0.071886228621263176 0.049095376547985084 -0.096874310308380382 -0.049348975996666516 -0.0512005623669241 -0.090618198597257574 0.063079753992166004 0.0034110587037437033 0.01836711716963214 -0.099802131853537937 0.019168670942009608 -0.015932916323420376 -0.079447784130528276 0.014552139430687772 -0.083978900262561537 0.0507037206604578 -0.02837261742341099 -0.071194335350833762 0.040977678591842176 -0.059688423227830426 -0.058797114248157728 -0.084323786907669784 0.0018444078055282671 0.071545878179658767 0.026776488096570773 0.038952112958341598 -0.10036946590752767 0.012996618063967881 0.03725819889229922 0.014169568380874797 -0.037832892053831467
leaf_weight=142.16698412696064 13.342698970162472 17.279221693205955 218.04146527796729 59.617651504907599 64.756773124707706 65.300805106249754 2974.8897650888357 122.55133902200032 53.640230331913699 115.52587351350849 219.46509204905669 148.37988701798758 308.11172499232498 74.538101656374693 28.232097904168768 229.08157017905774 134.60652878762676 283.30923761725307 91.423697421987981 39.981636240587704 54.925338399327984 16651.949326685019 222.47821961204727 336.31935112632345 192.04445146973376 20.692985832691193 885.1893986948578 32.466139798595577 1003.7251585723734 935.69417373266151
leaf_count=30443 171 3753 15057 16307 9955 276 92158 201 3342 2213 15178 15792 11196 12939 1933 12689 68834 4073 5371 4316 4077 639561 2091 556 521 117 31337 345 3588 28950
internal_value=9.68426e-05 -0.00511869 -0.00394604 -0.017573 -0.0288694 0.0163119 0.000494141 -0.0249835 -0.0403681 -0.0345519 -0.0270407 -0.0415533 0.00863507 -0.0637746 -0.0184518 0.00119699 -0.0123005 -0.00282139 -0.0226518 -0.00101161 0.0220865 0.00184303 0.0164431 0.0394241 0.0221084 0.0194069 0.00449157 -0.0391558 0.00051289 -0.0109196
internal_weight=25739.7 4483.67 4395.79 1080.31 754.918 153.151 3315.48 340.593 601.768 548.128 483.371 367.845 325.391 87.8808 87.8497 21256.1 970.924 836.317 465.617 323.45 370.701 20285.1 1693.76 579.491 232.026 357.012 1114.27 87.3915 18591.4 1939.42
internal_count=1037340 200471 187361 79945 64996 18516 107416 15258 46480 43138 33183 30970 14949 13110 18240 836869 117980 49146 40651 10208 8495 718889 46790 2764 4837 673 44026 4422 672099 32538
is_linear=0
shrinkage=0.05


Tree=124
num_leaves=31
num_cat=0
split_feature=3 2 2 4 6 17 1 12 1 1 1 9 6 16 0 3 1 13 1 1 1 1 0 6 0 4 7 2 4 7
split_gain=58.3315 69.9945 63.4466 59.1163 75.689 132.399 86.2101 239.79 74.9263 67.4182 170.376 129.603 143.849 77.9741 104.648 88.79 80.6922 66.3423 212.536 189.875 102.128 114.926 379.699 175.113 133.575 123.24 88.8329 86.1467 85.3836 84.0243
threshold=0.046563824612605102 0.12027061526678581 0.09568547357671689 3.5000000000000004 0.38000000000000006 1.0000000180025095e-35 -0.35644305347666355 1.0000000180025095e-35 2.4612192134984352 -0.4789086950605525 2.6725404816981908 1.0000000180025095e-35 0.18000000000000002 1.0000000180025095e-35 0.015944617834288372 0.0031292813026819227 6.2210504830589217 1.0000000180025095e-35 -0.28582120016328755 -0.45591236902979998 -0.3035106817254048 -0.3741325350387808 0.0012082190034407236 0.26000000000000006 0.0017667869034406218 14.500000000000002 -0.29665597877665623 -0.082435537401072234 21.500000000000004 0.63618383284026436
decision_type=2 2 2 2 2 2 2 2 2 2 2 2 2 2 2 2 2 2 2 2 2 2 2 2 2 2 2 2 2 2
left_child=3 2 -2 4 9 6 -6 -8 -9 -1 11 12 -11 -12 15 16 -15 -5 19 -19 21 -21 27 25 26 -24 -25 -23 -22 -27
right_child=1 -3 -4 17 5 -7 7 8 -10 10 13 -13 -14 14 -16 -17 -18 18 -20 20 28 22 23 24 -26 29 -28 -29 -30 -31
leaf_value=0.023199806525849 0.050268605737468469 0.056298928095047378 -0.110670908538074 -0.0018132360574162982 0.024730836206384259 -0.061913508980055293 -0.053005400879614577 -0.050159077221034236 0.050856521402612626 -0.051349183442737881 0.028909401139568247 0.046931710736354271 0.016049957617534603 -0.071059872085638298 0.025593514598727437 -0.025289892411263278 -0.34073200268882542 -0.058011515715930988 -0.063662980353820148 0.020258826940139078 -0.078682646319574667 -0.026817252743370171 -0.086552055938012476 0.038471531734095475 -0.095089019425320498 0.034313186380847897 -0.091827187122260789 -0.097721172820996335 0.06278405575136202 -0.050732396292821884
leaf_weight=786.69526244425697 11.081888899207115 89.56394624710083 13.687510371441022 20476.073908874798 232.46690482263512 96.469621346144322 181.41609776124551 21.851867733423205 114.77137237042189 266.67045946625103 543.38691336982993 61.455549531516226 112.58990639406284 7.6042392175149853 127.20816564962661 99.314293217015802 4.3669921043765498 98.188636777445936 102.130070351619 1188.5353140164129 11.525324453008123 72.17050494207524 23.838799995769477 53.668988206045469 59.018678382408325 520.32211541691686 17.296464814964565 105.40518302879991 143.07314527262497 30.7599138629339
leaf_count=9339 42 136 404 831983 16720 5028 22346 9469 341 61344 1625 536 8593 102 237 394 54 14337 44376 5055 773 536 295 91 542 777 177 1395 146 147
internal_value=9.14054e-05 0.0357255 -0.0386662 -6.80015e-05 0.00699288 -0.00788113 0.0015874 -0.015329 0.0346998 0.0117822 0.00443538 -0.0204259 -0.0313406 0.0184487 -0.00538494 -0.0407958 -0.169434 -0.000886951 0.00693135 0.0100339 0.0130359 0.0101096 -0.00355955 0.0129017 -0.0395093 0.0247514 0.00671372 -0.0689043 0.0522377 0.0295662
internal_weight=25672.6 114.333 24.7694 25558.3 2656.27 646.976 550.506 318.039 136.623 2009.29 1222.6 440.716 379.26 781.881 238.494 111.286 11.9712 22902 2425.93 2323.8 2225.61 2071.02 882.481 704.905 129.984 574.921 70.9655 177.576 154.598 551.082
internal_count=1037340 582 446 1036758 136128 53904 48876 32156 9810 82224 72885 70473 69937 2412 787 550 156 900630 68647 24271 9934 9015 3960 2029 810 1219 268 1931 919 924
is_linear=0
shrinkage=0.05


Tree=125
num_leaves=31
num_cat=0
split_feature=1 20 16 19 4 6 8 6 2 4 6 0 0 1 1 19 3 3 6 6 4 7 0 1 6 17 1 1 15 15
split_gain=57.998 273.92 209.433 147.826 145.724 153.302 159.392 123.394 213.152 79.7571 121.897 94.2179 74.4842 178.305 91.3202 179.413 97.4394 87.2791 86.4842 170.821 145.829 84.9272 70.9095 207.963 134.49 298.043 224.361 214.253 328.816 271.195
threshold=6.2210504830589217 1.0000000180025095e-35 1.0000000180025095e-35 1.0000000180025095e-35 21.500000000000004 0.22000000000000003 1.0000000180025095e-35 -0.81999999999999995 0.0032933367372989537 2.5000000000000004 0.18000000000000002 0.0026333125303377026 0.0037146248730548222 8.2792216628112687 12.211797523472585 1.0000000180025095e-35 0.0019532285719336081 0.022499616505599021 0.18000000000000002 -0.61999999999999988 11.500000000000002 -0.036223198599886229 0.0035933620450797738 -0.6183834535310927 0.18000000000000002 1.0000000180025095e-35 -0.53034426452578576 -0.45591236902979998 1.0000000180025095e-35 1.0000000180025095e-35
decision_type=2 2 2 2 2 2 2 2 2 2 2 2 2 2 2 2 2 2 2 2 2 2 2 2 2 2 2 2 2 2
left_child=1 2 3 22 9 6 7 -6 -9 10 -2 -11 -13 17 16 18 -15 -14 19 21 -20 -16 23 -1 25 -25 -27 29 -29 -26
right_child=4 -3 -4 -5 5 -7 -8 8 -10 11 -12 12 13 14 15 -17 -18 -19 20 -21 -22 -23 -24 24 27 26 -28 28 -30 -31
leaf_value=-0.073511699285028834 0.032490216703624245 -0.063252702294796612 -0.062162919617645279 -0.060178048019433175 0.029226030189361474 0.049522687640153815 0.027885871511764578 -0.011757190989524761 -0.13885784145619406 -0.070039725001943789 -0.048217392689246741 0.03365608293693953 -0.048002085674381571 -0.10776568096116501 -0.0993890022470727 0.006195591520942359 0.010624186024607449 -0.37635351152579039 -0.075174294469750116 -0.1024445159395842 0.04266354111142328 0.012953795563764144 0.0046937863482592818 0.0051078755424318403 -0.0093282072177482116 -0.0018819819041767183 -0.05347706385309884 -0.0086677337739903392 -0.052973361989268164 0.029219836358742451
leaf_weight=99.838535175003926 332.84775661431149 174.69107892731336 136.35248444676472 101.57105458284059 71.226162893348373 342.97769126430649 368.55145488156995 109.15686816229208 47.271370402928369 51.760732749453837 54.436296048515942 139.00715362236679 178.1842707882588 17.637785835662726 21.644433474681136 489.03840211349234 1188.3606306169386 2.047072695568203 44.561626286182218 113.22413839669116 63.910362690781767 75.516341506438039 6399.7252317124348 8836.6573788808273 1158.7573476529433 451.74541142241605 394.88656442414549 2883.280378421658 489.92632394290331 752.60784332941148
leaf_count=14909 481 89884 48583 74557 140 1241 1157 258 336 1376 582 422 2214 283 115 809 1735 20 277 678 104 98 278807 304851 41536 6760 15211 116084 29014 4818
internal_value=8.76406e-05 -0.000892689 -0.000390797 -2.92629e-07 0.0058671 0.0228889 0.00756728 -0.0253266 -0.050166 0.000100309 0.021146 -0.00331732 -0.00183707 -0.00408572 0.000178294 -0.0128303 0.00889273 -0.0517315 -0.0420108 -0.0607087 -0.00574569 -0.0120727 0.000284433 -0.00158836 -0.00110862 0.00239268 -0.025947 -0.00752428 -0.0151027 0.00585024
internal_weight=25591.4 21880 21705.3 21569 3711.36 939.184 596.206 227.654 156.428 2772.18 387.284 2384.89 2333.13 2194.13 2013.89 807.895 1206 180.231 318.857 210.385 108.472 97.1608 21467.4 15067.7 14967.9 9683.29 846.632 5284.57 3373.21 1911.37
internal_count=1037340 1025014 935130 886547 12326 3132 1891 734 594 9194 1063 8131 6755 6333 4099 2081 2018 2234 1272 891 381 213 811990 533183 518274 326822 21971 191452 145098 46354
is_linear=0
shrinkage=0.05


Tree=126
num_leaves=31
num_cat=0
split_feature=3 2 2 7 18 21 3 7 3 3 6 3 5 6 0 1 3 6 6 1 5 5 6 5 7 7 12 5 7 1
split_gain=55.944 66.3457 57.6795 55.9319 107.362 65.7303 64.6751 53.8146 52.9514 57.2148 163.129 114.681 121.753 106.377 152.122 120.16 118.688 106.115 89.3549 84.2139 78.0419 77.3335 140.93 98.4266 227.438 96.4035 80.3213 75.1847 74.6399 93.4686
threshold=0.046563824612605102 0.12027061526678581 0.09568547357671689 1.1017393947111718 1.0000000180025095e-35 1.0000000180025095e-35 0.0090019624630496755 1.1564482043112807 1.0000000180025095e-35 0.0019361102364565997 0.7400000000000001 0.0028896183866842381 1.0000000180025095e-35 1.1400000000000003 0.0034042555931195089 -0.5262620764729895 0.0026481708172779272 -0.77999999999999992 -0.53999999999999992 -0.48625663355558585 5.5000000000000009 3.5000000000000004 0.70000000000000007 1.5000000000000002 0.063622043930139524 0.63618383284026436 1.0000000180025095e-35 3.5000000000000004 -1.087847367741537 0.014763913457613248
decision_type=2 2 2 2 2 2 2 2 2 2 2 2 2 2 2 2 2 2 2 2 2 2 2 2 2 2 2 2 2 2
left_child=3 2 -2 8 5 -5 7 -6 -1 10 21 12 17 14 16 -16 18 -11 -14 -17 -20 23 26 24 -10 -26 -23 -15 29 -13
right_child=1 -3 -4 4 6 -7 -8 -9 9 11 -12 28 13 27 15 19 -18 -19 20 -21 -22 22 -24 -25 25 -27 -28 -29 -30 -31
leaf_value=-0.053533794137343521 0.050255988094426218 0.05613105312996769 -0.10651168417040997 -0.025090685221261452 -0.095934192762065468 -0.12327354622076968 -0.097727315079234503 0.036502214726124055 -0.087498541905173671 0.0096008032721391565 -0.075958403367326996 -0.0207347970892682 -0.10209104033197983 -0.067010326056409109 -0.078378163165061659 0.040157683770683524 -0.083895993911457342 -0.078395849111902546 -0.0059373043417589796 -0.0036621140573172856 -0.089921921554692807 -0.039926911281475269 0.060029131810166871 0.042226477635534186 0.040070724136731913 -0.096677932613644491 0.038842829627830616 0.037964482019425871 0.0015669882340659314 0.0037161948223570656
leaf_weight=45.628672471262689 10.410094100981951 86.058903023600578 13.445989463740261 380.34492417926276 8.1386170667497009 17.846308955318818 10.860153376212109 133.36925107691422 55.127240974388428 47.661514650154004 49.448023892212859 866.80350885210055 32.052520065850331 19.061544549506834 43.918935506677371 146.63875807359 103.22197694914621 121.84080465898978 275.99269634358279 434.5966132956346 30.742136320970985 168.48735192977426 63.989753911439948 393.45388006366647 159.90935261046707 14.017808077500375 40.057510208767781 162.18649841220576 20834.848103995788 711.82200367177802
leaf_count=73358 42 136 404 25437 467 987 268 1168 6915 1631 8482 32789 4967 2410 9282 1459 13428 16914 14093 24725 4198 16162 344 8722 3938 1893 1734 3314 725372 32301
internal_value=8.41668e-05 0.0356784 -0.0381029 -7.00319e-05 -0.0158329 -0.0294911 0.0198609 0.0288853 0.000279599 0.000378705 0.0124481 -9.96319e-05 -0.0138898 -0.00849109 -0.0145061 0.00136741 -0.0369568 -0.0536525 -0.0226553 0.0073931 -0.0143546 0.0173322 -0.00488005 0.0270568 0.000999403 0.0290493 -0.0247967 0.0269245 0.00077276 -0.00970954
internal_weight=25482 109.915 23.8561 25372.1 550.559 398.191 152.368 141.508 24821.5 24775.9 944.491 23831.4 1417.91 1248.41 1067.16 625.154 442.009 169.502 338.787 581.235 306.735 895.043 272.535 622.508 229.054 173.927 208.545 181.248 22413.5 1578.63
internal_count=1037340 582 446 1036758 28327 26424 1903 1635 1008431 935073 48190 886883 96421 77876 72152 35466 36686 18545 23258 26184 18291 39708 18240 21468 12746 5831 17896 5724 790462 65090
is_linear=0
shrinkage=0.05


Tree=127
num_leaves=31
num_cat=0
split_feature=10 1 1 20 16 19 4 6 8 6 2 2 4 6 4 6 6 4 4 8 6 2 16 2 5 4 7 2 1 0
split_gain=54.8076 492.682 60.9099 255.055 194.737 137.344 135.967 148.565 146.417 111.058 226.181 82.4576 110.992 98.629 73.2754 168.031 101.44 747.75 331.875 465.227 258.182 171.445 154.167 124.218 123.846 98.0887 97.7677 158.705 97.359 184.977
threshold=1.0000000180025095e-35 -0.3035106817254048 6.2210504830589217 1.0000000180025095e-35 1.0000000180025095e-35 1.0000000180025095e-35 21.500000000000004 0.22000000000000003 1.0000000180025095e-35 -0.77999999999999992 0.0032933367372989537 -0.11988766913454173 22.500000000000004 -0.61999999999999988 3.5000000000000004 0.18000000000000002 0.18000000000000002 11.500000000000002 11.500000000000002 1.0000000180025095e-35 -0.77999999999999992 -0.014092417666581565 1.0000000180025095e-35 38.441000765892277 3.5000000000000004 9.5000000000000018 0.24842039766409899 -0.0026295634414092413 12.211797523472585 0.013125923141443912
decision_type=2 2 2 2 2 2 2 2 2 2 2 2 2 2 2 2 2 2 2 2 2 2 2 2 2 2 2 2 2 2
left_child=2 -2 3 4 5 11 14 8 9 -8 -11 12 13 -1 15 -4 18 -18 22 20 26 -21 -16 28 -24 -26 -20 -28 -23 -30
right_child=1 -3 6 -5 -6 -7 7 -9 -10 10 -12 -13 -14 -15 16 -17 17 -19 19 21 -22 23 24 -25 25 -27 27 -29 29 -31
leaf_value=0.021418715849958973 0.041759043770326965 -0.051091907009160081 0.030483283352293222 -0.062989741896272489 -0.061781170638638062 -0.05989526919922919 0.024782507375230568 0.049416183323353083 0.027206572624397254 -0.010330178122223862 -0.1459663115023026 0.00030505706029505911 0.0055884708571267878 -0.056475249706394448 0.050197389280476894 -0.054144148364726544 -0.063186204595772386 0.046886976291002219 0.01672698045871884 0.044690781057472297 -0.083882572852780196 0.0079414700984211436 0.010707940921748597 -0.19178934428934358 -0.17874551252409582 -0.010360538182707272 0.012529350838846532 -0.29790090830376909 -0.1337177173355017 -0.0099534338306775921
leaf_weight=49.886888743461896 478.87492168114477 203.61388260422609 400.18205380312338 166.43096699778835 130.3043143062896 96.764695372305141 77.194071922975127 326.16448012767796 359.8203312392634 107.94903794761012 42.9707531631866 20214.908094566828 224.35177631883334 219.2075167486496 264.49954467334464 68.728919736005992 225.88899692718041 486.75720871109206 109.15108162339675 176.95953245528744 357.18841464910247 290.39789637382273 136.43380411076942 9.5332081120577623 17.433457641833229 17.163577194973186 10.289887327036924 6.8633755884766279 40.017880511649764 122.93445647569024
leaf_count=3282 616 104795 636 89884 48583 74557 163 1241 1157 248 323 682820 1537 18940 86 782 1622 554 150 1345 2355 631 176 81 130 37 15 70 338 186
internal_value=8.01104e-05 0.0140579 -0.000305231 -0.00133734 -0.00084722 -0.000465585 0.00565434 0.0223531 0.00733947 -0.0239983 -0.0489493 -0.000187886 -0.0203822 -0.0420346 8.42929e-05 0.0180793 -0.00363044 0.0119968 -0.0107746 -0.0251396 -0.0621556 0.00283125 0.0262763 -0.0131716 -0.0107177 -0.0952098 -0.000711869 -0.11168 -0.00941553 -0.0403475
internal_weight=25438.9 682.489 24756.4 21101.9 20935.4 20805.1 3654.52 914.099 587.934 228.114 150.92 20708.4 493.446 269.094 2740.42 468.911 2271.51 712.646 1558.87 1123.34 483.493 639.843 435.53 462.883 171.031 34.597 126.304 17.1533 453.35 162.952
internal_count=1037340 105411 931929 919603 829719 781136 12326 3132 1891 734 571 706579 23759 22222 9194 1418 7776 2176 5600 5171 2590 2581 429 1236 343 167 235 85 1155 524
is_linear=0
shrinkage=0.05


Tree=128
num_leaves=31
num_cat=0
split_feature=0 5 0 6 6 6 2 4 6 6 2 3 2 3 3 3 3 7 7 6 2 21 18 1 7 7 7 3 1 2
split_gain=53.2597 52.5061 107.493 103.831 160.692 224.463 159.695 134.012 125.522 125.053 152.099 145.615 137.652 136.179 122.715 116.795 128.607 116.658 150.36 139.832 143.942 142.423 135.961 102.085 98.489 104.081 97.3869 112.435 107.404 91.5505
threshold=1.0000000180025095e-35 5.5000000000000009 0.00085215555052080619 1.0000000180025095e-35 -0.45999999999999991 -0.29999999999999999 -0.099310696961960668 9.5000000000000018 1.3800000000000001 -0.69999999999999984 1.3280316568802657 0.0037410988877353908 0.39925963747766152 0.0015309080377949858 0.0028896183866842381 0.0071614613687563449 0.010072316736902348 0.34544092454662695 0.4964921223182755 0.70000000000000007 -0.099872351289251968 1.0000000180025095e-35 1.0000000180025095e-35 2.6725404816981908 0.52041696658310188 -0.72571191791758694 0.79494384596674028 0.0085161998680439808 -0.38188869233909378 -0.10206790911411794
decision_type=2 2 2 2 2 2 2 2 2 2 2 2 2 2 2 2 2 2 2 2 2 2 2 2 2 2 2 2 2 2
left_child=-1 -2 -3 4 9 7 -7 -6 17 10 12 13 14 -11 -4 24 -17 19 29 20 -5 -21 26 -10 25 -13 28 -28 -20 -19
right_child=1 2 3 8 5 6 -8 -9 23 11 -12 15 -14 -15 -16 16 -18 18 22 21 -22 -23 -24 -25 -26 -27 27 -29 -30 -31
leaf_value=-0.061832624162711403 0.00120952449461534 -0.062552034793389139 0.02659630305673151 -0.074797441184595734 -0.014062102266478567 -0.12686462993854786 -0.006420755279035394 -0.10118993333951448 -0.077888228757082595 0.044540061012437682 -0.079431671368973902 -0.067801166983810016 0.031593296111699219 -0.091048210917071382 -0.042347358514308008 -0.11090357731318196 0.0066017552306164547 -0.088164963778462099 -0.080645619597572119 0.022217337699211193 -0.0085285561729227209 -0.11512177745653758 -0.099596826778823921 0.012875755254093228 -0.053506653303935961 0.044516639907904831 0.036934721077685272 -0.074826489505919969 0.0046351545718475232 0.050421832652971989
leaf_weight=34.689507924304053 20879.97648270904 79.130904940923756 85.795185330923118 92.896132130932074 63.448862553312438 29.164709343398499 488.24889375322186 144.97568570288604 82.544732285376085 27.091905905734507 86.991652233063633 21.680677351349004 153.64212595220783 58.517802358659537 260.56387000669656 30.039060178918589 103.57701292178899 12.346139628287345 50.724906086077908 501.31628289792934 694.92635707275213 19.615506460535471 30.239562344715523 49.591275714540643 30.721614413153475 423.95471605360899 269.82372160313548 24.551635910858749 135.654801951178 342.61912917307779
leaf_count=13878 825671 10430 3447 7067 5136 3965 25821 12912 9753 1368 8718 1724 2419 6934 14516 2689 2024 1129 3425 16485 29323 580 1386 285 2158 5791 5715 1708 6197 4686
internal_value=7.90608e-05 0.000164036 -0.00480361 -0.00374465 -0.0120568 -0.030857 -0.0132097 -0.0746664 0.00349217 -0.00141734 -0.0184128 0.0129249 -0.00779657 -0.0481402 -0.0252696 0.0214954 -0.0198153 0.00636711 0.0206037 -0.0030528 -0.0163427 0.0170459 0.00323883 -0.0438241 0.0330829 0.0390522 0.00970721 0.0276136 -0.0185748 0.0456016
internal_weight=25309.1 25274.4 4394.39 4315.26 2008.41 725.838 517.414 208.425 2306.85 1282.58 586.993 695.583 500.001 85.6097 346.359 609.973 133.616 2174.71 865.96 1308.75 787.822 520.932 510.995 132.136 476.357 445.635 480.755 294.375 186.38 354.965
internal_count=1037340 1023462 197791 187361 99622 47834 29786 18048 87739 51788 29100 22688 20382 8302 17963 14386 4713 77701 24246 53455 36390 17065 18431 10038 9673 7515 17045 7423 9622 5815
is_linear=0
shrinkage=0.05


Tree=129
num_leaves=31
num_cat=0
split_feature=3 2 2 2 0 1 1 17 2 18 1 2 7 8 0 7 6 7 1 3 3 4 4 0 0 0 0 6 0 1
split_gain=52.2765 62.9204 52.5896 180.699 261.737 156.265 152.901 272.896 252.876 311.699 185.83 185.442 141.941 161.278 163.769 231.796 155.236 183.966 145.916 137.164 134.619 131.703 129.7 125.823 117.355 211.033 168.65 116.409 107.801 149.404
threshold=0.046563824612605102 0.12027061526678581 0.067143221853459292 0.10730150625478684 0.0037681680739542712 -0.56667573819567285 -0.35644305347666355 1.0000000180025095e-35 6.3418177176410522 1.0000000180025095e-35 4.1663491631514509 34.610824610671436 0.084893032521914005 1.0000000180025095e-35 0.0042954015362916828 0.51290295588932 -0.65999999999999992 0.61979704036474081 -0.50081643761055916 0.023583786309130956 0.0016904181854816554 11.500000000000002 21.500000000000004 0.00085215555052080619 0.0036601609896692558 0.0016698034295273946 0.0012330474974153137 -0.73999999999999988 0.0030303308570326635 -0.39916995509593139
decision_type=2 2 2 2 2 2 2 2 2 2 2 2 2 2 2 2 2 2 2 2 2 2 2 2 2 2 2 2 2 2
left_child=2 -2 20 4 21 -5 11 8 10 19 -8 12 23 14 15 22 18 -18 -17 24 -1 -4 -14 -7 25 26 -10 -25 29 -24
right_child=1 -3 3 5 -6 6 7 -9 9 -11 -12 -13 13 -15 -16 16 17 -19 -20 -21 -22 -23 28 27 -26 -27 -28 -29 -30 -31
leaf_value=-0.061234429416137263 -0.037797544149393375 0.055869422877835445 -0.009301264261609328 -0.060513176218492309 0.0022042642376925623 -0.094373228611712767 -0.023920747686938248 -0.076849995470399654 0.0037520951369792292 -0.090956026378787386 0.00081449087818595523 -0.03571421007245093 -0.079395080488457836 -0.021164540436982612 0.033994943324730499 -0.11010019682071102 0.031893643067071729 -0.04009357770720548 0.061240704369726631 -0.12412952263258148 0.0023435229392390687 -0.079909187459682091 -0.19725393973524089 -0.016696440160602004 9.1662258214283184e-05 0.03782746948621777 -0.10693489695979821 0.018765539275183894 0.030262296815489666 -0.011705065618100424
leaf_weight=83.759596690619219 22.96531485739979 81.757360681891441 92.056536914969001 109.2025425039119 352.67025315251271 26.188076268671011 1787.048704088349 134.19105146029142 198.06307103840481 73.968171510406592 1320.3242317335144 257.13816771227357 128.12741027663947 732.65971479989571 415.8065027427142 13.336539430326637 168.87129863871496 187.0575555118603 181.93698036827413 17.869561601153691 13948.805521937502 233.7141095074528 14.855949325036816 253.23341607015891 761.52278792009383 823.31469756206889 41.650781528260268 2686.6300949115221 75.414767602160282 40.221803884902329
leaf_count=50601 446 136 3764 65978 14555 2636 176852 11994 12815 5272 4895 8320 4052 17975 6871 524 847 3067 486 738 530873 14229 430 5660 33794 22301 5266 31762 103 98
internal_value=7.51782e-05 0.0353286 -7.1558e-05 -0.00263868 -0.0276439 -0.00101506 -0.000386654 -0.00648082 -0.00460117 0.00968329 -0.0134107 0.00567984 0.00784135 -0.00260587 0.00848819 -0.00460835 0.0137149 -0.00593907 0.0495387 0.0137237 0.00196403 -0.0599567 -0.0436612 0.014739 0.0150738 0.0258066 -0.01548 0.0157109 -0.00857497 -0.0617526
internal_weight=25264.4 104.723 25159.6 11127.1 678.441 10448.6 10339.4 5157.95 5023.76 1916.39 3107.37 5181.48 4924.34 1958.29 1225.63 809.822 551.202 355.929 195.274 1842.42 14032.6 325.771 258.62 2966.05 1824.55 1063.03 239.714 2939.86 130.493 55.0778
internal_count=1037340 582 1036758 455284 32548 422736 356758 273927 261933 80186 181747 82831 74511 34453 16478 9607 4924 3914 1010 74914 581474 17993 4683 40058 74176 40382 18081 37422 631 528
is_linear=0
shrinkage=0.05


Tree=130
num_leaves=31
num_cat=0
split_feature=10 1 2 6 2 2 0 1 8 6 1 1 1 4 18 5 14 6 2 0 2 4 6 6 6 0 1 1 1 1
split_gain=51.7982 463.924 56.7774 91.9499 57.297 191.404 239.133 148.25 140.227 305.049 255.888 235.8 276.435 219.608 248.316 215.194 214.877 216.897 176.327 235.928 209.49 165.599 457.175 302.596 158.355 152.291 204.685 168.555 151.605 148.088
threshold=1.0000000180025095e-35 -0.3035106817254048 -0.12302782741894305 -0.49999999999999994 0.067143221853459292 0.10730150625478684 0.0037681680739542712 -0.55660634099877537 1.0000000180025095e-35 0.14000000000000004 -0.53442645257858212 -0.27711253231732208 0.69444822424819719 11.500000000000002 1.0000000180025095e-35 1.0000000180025095e-35 1.0000000180025095e-35 0.14000000000000004 0.24643860097013023 0.0018355772065533269 9.4818994128159328 9.5000000000000018 0.22000000000000003 -0.45999999999999991 0.060000000000000005 0.0090581570575431185 -0.49360457205061914 -0.50789223023540619 1.941148455572187 0.97543883521567587
decision_type=2 2 2 2 2 2 2 2 2 2 2 2 2 2 2 2 2 2 2 2 2 2 2 2 2 2 2 2 2 2
left_child=2 -2 3 -1 -4 6 -6 -7 11 10 -10 -9 -13 -11 -15 -12 21 28 19 -17 25 -14 23 29 -21 26 27 -20 -18 -23
right_child=1 -3 4 -5 5 7 -8 8 9 13 15 12 16 14 -16 18 17 -19 20 24 -22 22 -24 -25 -26 -27 -28 -29 -30 -31
leaf_value=0.027782047892634845 0.041313841209945155 -0.051099338666152454 0.002022211743526636 -0.079251933691816837 -0.059150056286739749 -0.039908969748564775 0.00039946333762619775 0.012178456929315962 -0.087006190600069075 -0.026611322323303127 -0.055523027223471945 -0.069046272310328421 0.0059976740826397047 0.028907233532404639 -0.044601363147841536 -0.10549485410420301 -0.16519488957616346 -0.11368822971240433 -0.039864311181106428 0.027819360386231513 0.0039502542174772405 0.039676847139575519 0.031099273354561665 -0.080483823857815898 -0.12303497050521479 4.4243788121764088e-05 -0.068250308512263727 0.059570196034035822 0.042424090719500533 -0.033272986986469466
leaf_weight=31.397750850859666 459.16649743466951 192.84222148583831 13522.685930989768 55.593778395965273 329.05056661255162 240.90950341271309 345.70629128949099 3798.9174482750423 129.34742381761498 314.52982169569555 282.98612725338876 171.67224746605916 797.76093919825848 1012.923724761303 129.58400550154556 38.374609427772157 8.9952895674005031 25.133068860036474 121.61573601693317 523.0768183399623 602.24625342341437 93.530378895012177 265.08446060884216 333.15331529427237 17.994678906945865 225.54924199158222 404.44454812977801 65.613257998346853 390.33206360378608 271.54039281806126
leaf_count=340 616 104795 507481 5260 17533 74926 12547 44933 7632 21856 16686 78316 20456 17832 4151 4960 2022 1281 2682 7949 16711 1467 4330 16227 1324 9229 27520 457 364 5457
internal_value=7.17206e-05 0.0139811 -0.000297695 -0.0406203 -0.000154305 -0.00284463 -0.0286403 -0.00114903 -0.000217543 -0.00767776 -0.0185924 0.00447019 -0.00795262 0.0103849 0.0205698 -0.0147144 -0.00315375 0.0287805 -0.00893716 0.0143057 -0.0184252 -0.0108507 -0.0248036 -0.0460274 0.0228023 -0.0349146 -0.0482411 -0.0050181 0.0377472 -0.0145834
internal_weight=25201.8 652.009 24549.7 86.9915 24462.8 10940.1 674.757 10265.3 10024.4 3868.29 2411.25 6156.12 2357.2 1457.04 1142.51 2281.9 2185.53 424.46 1998.92 579.446 1419.47 1761.07 963.309 698.224 541.071 817.223 591.674 187.229 399.327 365.071
internal_count=1037340 105411 931929 5600 926329 418848 30080 388768 313842 138989 95150 174853 129920 43839 21983 87518 51604 3667 70832 14233 56599 47937 27481 23151 9273 39888 30659 3139 2386 6924
is_linear=0
shrinkage=0.05


Tree=131
num_leaves=31
num_cat=0
split_feature=1 20 16 19 4 6 8 6 2 1 19 6 6 4 0 4 4 17 4 1 9 1 0 5 18 1 10 5 3 8
split_gain=52.0954 240.663 185.111 129.902 126.208 139.315 131.79 98.7864 187.934 67.4876 198.109 67.5116 93.6596 126.654 95.381 102.387 83.2263 67.1919 66.6677 191.954 267.57 224.237 221.627 252.539 209.441 188.504 224.556 251.403 326.631 283.683
threshold=6.2210504830589217 1.0000000180025095e-35 1.0000000180025095e-35 1.0000000180025095e-35 21.500000000000004 0.22000000000000003 1.0000000180025095e-35 -0.77999999999999992 0.0032933367372989537 12.211797523472585 1.0000000180025095e-35 -0.97999999999999987 0.14000000000000004 11.500000000000002 0.014746157063036046 8.5000000000000018 17.500000000000004 1.0000000180025095e-35 19.500000000000004 2.2079194448224251 1.0000000180025095e-35 1.2070349707443191 0.0019376352515208994 3.5000000000000004 1.0000000180025095e-35 -0.33058919580895363 1.0000000180025095e-35 3.5000000000000004 0.0064941679659544444 1.0000000180025095e-35
decision_type=2 2 2 2 2 2 2 2 2 2 2 2 2 2 2 2 2 2 2 2 2 2 2 2 2 2 2 2 2 2
left_child=1 2 3 18 9 6 7 -6 -9 -2 11 -11 14 -14 15 -13 -17 -8 25 21 24 -20 23 -23 -21 26 27 -1 -29 -30
right_child=4 -3 -4 -5 5 -7 17 8 -10 10 -12 12 13 -15 -16 16 -18 -19 19 20 -22 22 -24 -25 -26 -27 -28 28 29 -31
leaf_value=0.012957856688073893 0.0056568550884744054 -0.062731798558974441 -0.0613299223095835 -0.059489649414340477 0.024500125131422218 0.049278179199400127 0.030452943505982273 -0.0098534668208907824 -0.13238728645607742 0.030593605592015197 0.0081589856929366773 0.011337111657078253 -0.07425769803697084 0.029080578953675319 -0.25211166946535929 -0.12135974838186246 -0.044389758369112658 -0.10311135867677586 -0.0034747169685417387 0.023731473252855323 -0.17269806805250398 0.0062770011712067909 -0.12393041292597605 -0.13082864826576271 -0.15472703643125066 -0.0072173506335055501 0.044161218102588974 -0.028056254438458245 0.019435464559370438 -0.029374674054252859
leaf_weight=4226.9404569866656 1823.851141188462 156.01284515482257 123.95380193246456 91.522525616590428 76.384939230323653 306.52218377748068 343.34134223244109 108.61550463399453 43.955460762839721 29.750453239375929 511.21078311381461 36.160872711116099 51.104831038235716 70.630113381352203 6.9821405630827931 70.480597603511796 70.002073439714422 9.6817388933013699 9385.6018127383923 1030.3052882562952 18.160045271240961 160.85700256641962 72.96759785167842 42.449010877611954 16.707550301305673 3128.6720355267425 394.07610173989087 1068.5552580735516 1224.2369797016177 393.32069799442615
leaf_count=81300 6529 89884 48583 74557 163 1241 1096 248 323 30 913 56 445 244 53 590 334 61 160196 3690 275 2160 4416 1801 291 486332 548 47361 12851 10769
internal_value=6.94112e-05 -0.000856718 -0.000405172 -4.98637e-05 0.00567363 0.021997 0.00762831 -0.0219166 -0.0451553 0.000242019 -0.0114271 -0.0413057 -0.0483106 -0.0143013 -0.0708572 -0.0636928 -0.0830058 0.0267899 0.000207194 -0.00256079 0.0175834 -0.00478158 -0.0491786 -0.0223498 0.0208837 0.00305243 0.00744961 0.00535688 -0.00660423 0.00756693
internal_weight=25093 21534.3 21378.3 21254.4 3558.67 888.501 581.979 228.956 152.571 2670.17 846.322 335.111 305.361 121.735 183.626 176.644 140.483 353.023 21162.8 10727 1065.17 9661.88 276.274 203.306 1047.01 10435.8 7307.13 6913.05 2686.11 1617.56
internal_count=1037340 1025014 935130 886547 12326 3132 1891 734 571 9194 2665 1752 1722 689 1033 980 924 1157 811990 172829 4256 168573 8377 3961 3981 639161 152829 152281 70981 23620
is_linear=0
shrinkage=0.05


Tree=132
num_leaves=31
num_cat=0
split_feature=12 1 8 1 6 6 1 1 1 1 14 0 6 4 6 8 1 14 1 4 5 9 3 4 2 2 4 1 1 17
split_gain=50.9094 417.88 176.321 130.707 123.504 167.594 58.8715 55.2899 286.309 202.265 408.309 243.39 154.089 118.092 135.453 121.63 113.247 304.72 388.158 236.117 214.811 184.036 145.598 183.259 140.815 134.281 131.493 161.349 256.397 244.605
threshold=1.0000000180025095e-35 3.0136753299768682 1.0000000180025095e-35 2.4612192134984352 -0.85999999999999988 0.18000000000000002 2.6725404816981908 6.2210504830589217 3.0136753299768682 4.1663491631514509 1.0000000180025095e-35 0.0050582323563124294 0.22000000000000003 21.500000000000004 0.18000000000000002 1.0000000180025095e-35 2.112192134984352 1.0000000180025095e-35 1.4104640087086679 18.500000000000004 2.5000000000000004 1.0000000180025095e-35 0.013632571016801306 20.500000000000004 6.3418177176410522 10.366836864947667 19.500000000000004 -0.54259082868417463 -0.53442645257858212 1.0000000180025095e-35
decision_type=2 2 2 2 2 2 2 2 2 2 2 2 2 2 2 2 2 2 2 2 2 2 2 2 2 2 2 2 2 2
left_child=7 2 4 -4 -2 6 -6 8 16 10 -10 -11 -12 -9 15 -15 17 18 26 20 -18 22 23 -21 -19 -26 -1 29 -29 -28
right_child=1 -3 3 -5 5 -7 -8 13 9 11 12 -13 -14 14 -16 -17 19 24 -20 21 -22 -23 -24 -25 25 -27 27 28 -30 -31
leaf_value=0.0052399139220672044 0.050364800352623265 0.049382221157813148 -0.050140114003394853 0.052115513519512373 -0.068163657220527557 0.010234075358191966 -0.13347966858291418 0.00023297756308820312 -0.079071846055796743 0.0074098802507626405 0.022245161126411093 -0.065408753597825553 -0.10278468584652821 -0.022308412473379051 0.04784979139440193 0.025645723603675855 0.0029428070020682622 -0.057714854043884947 -0.13186257920602093 -0.085256074325235048 -0.13060768497824585 -0.18445570066846739 0.092562158130876149 0.033800643574931018 0.044411264895298161 -0.10138873060223726 0.001045277636731736 -0.071109393029370471 -0.005267008986706693 0.046627527403932681
leaf_weight=8757.4353693977882 27.378045397056212 388.17540471249959 45.648732856629977 99.083991169929504 109.09140251775216 58.310290022189292 50.454732928192243 2657.0301675785413 357.6189933343876 601.48856512941074 198.42533258704498 141.80433109509067 28.136860495103974 219.05189881108163 311.92755042568751 333.61237797874492 95.039674616890011 330.90263168241313 55.279848917736672 34.747726908953382 44.072128917542727 9.5852675508967859 96.61435000358324 462.98934904504358 71.605930630345028 20.260416192477123 1560.4267788433222 150.90123055452113 7329.8510198138465 362.73087221802552
leaf_count=618145 1712 1336 45749 31 30895 18791 293 9194 6495 3698 222 3742 139 713 1304 1115 3619 84764 21313 1500 5162 284 74 2115 2967 8944 40518 3688 114766 4052
internal_value=6.82962e-05 0.0126569 -0.0238998 0.0198641 -0.0497284 -0.0623071 -0.0888191 -0.000335958 -0.00132084 -0.023785 -0.0458002 -0.00648235 0.00671765 0.00545593 0.0215069 0.00663881 0.000217693 -0.000545391 0.000428526 0.0193597 -0.0393674 0.032887 0.0363921 0.0254891 -0.0425104 0.0122562 0.000831196 -0.00327444 -0.00659518 0.00964264
internal_weight=25009.7 778.143 389.967 144.733 245.234 217.856 159.546 24231.5 20709.9 1327.47 584.181 743.293 226.562 3521.62 864.592 552.664 19382.4 18639.4 18216.6 743.048 139.112 603.937 594.351 497.737 422.769 91.8663 18161.3 9403.91 7480.75 1923.16
internal_count=1037340 98807 97471 45780 51691 49979 31188 938533 926207 14296 6856 7440 361 12326 3132 1828 911911 899157 802482 12754 8781 3973 3689 3615 96675 11911 781169 163024 118454 44570
is_linear=0
shrinkage=0.05


Tree=133
num_leaves=31
num_cat=0
split_feature=0 7 3 3 6 3 5 6 0 1 3 6 5 1 0 1 7 7 7 7 7 3 2 7 6 2 2 1 0 0
split_gain=51.0016 61.4202 47.9535 47.5646 145.171 111.931 108.234 100.216 144.365 112.932 106.972 92.3204 91.73 151.192 76.5146 75.3093 70.6574 69.6629 70.6023 116.445 98.2672 182.139 64.9608 92.3784 84.2646 63.6244 68.1908 61.8492 129.755 118.786
threshold=0.00041491383287088363 0.60335159471898092 1.0000000180025095e-35 0.0019361102364565997 0.7400000000000001 0.0028896183866842381 1.0000000180025095e-35 1.1400000000000003 0.0034042555931195089 -0.5262620764729895 0.0026481708172779272 -0.77999999999999992 2.5000000000000004 2.2079194448224251 0.00262812543168946 -0.48625663355558585 -0.21200384592769431 0.63618383284026436 -1.2060914928806361 -1.1855593673027116 -0.27947360206097172 0.0017236993339535161 8.9186367117692136 0.063622043930139524 -0.25999999999999995 0.48950727597651272 2.4853203982639775 -0.6183834535310927 0.0035933620450797738 0.0037278661565958568
decision_type=2 2 2 2 2 2 2 2 2 2 2 2 2 2 2 2 2 2 2 2 2 2 2 2 2 2 2 2 2 2
left_child=1 -1 -2 4 17 6 11 8 10 -10 12 -5 -8 -14 -9 -11 -17 18 -4 -20 21 -21 23 -22 -24 -25 -27 28 -7 -30
right_child=2 -3 3 5 -6 27 7 14 9 15 -12 -13 13 -15 -16 16 -18 -19 19 20 22 -23 24 25 -26 26 -28 -29 29 -31
leaf_value=-0.081967853863904733 -0.053273689269471507 0.012466103159395515 -0.095393618155482543 0.0083565684617690449 -0.074783214073097543 -0.073499708344479484 0.0051129792656440104 0.045178184170808544 -0.076956739663963797 0.038742414197102851 -0.081746534551265862 -0.074866406953385506 -0.082753606573099048 0.012274972113592079 -0.031354246929360098 0.014964262339890634 -0.026143936943880439 -0.025082514446782684 0.10210578989164043 -0.074695684179577199 -0.039996368501120046 0.029301556961882403 0.060428838710836236 0.036047255653402992 -0.1106019886020424 -0.11312700954068118 0.021135890630072374 0.00094569353178176354 0.046163636269739516 -0.058452619796570883
leaf_weight=41.032544394145134 41.875831723686133 29.668113119804275 12.839449790024444 46.106687618281285 46.349405701835167 85.771514535410915 155.23463074470237 131.7348936443077 43.047271969930989 140.75062829541275 100.95424840283886 120.19258858418698 112.4984182096382 66.656577248980284 43.42333341637277 232.90386244848833 189.64483637824287 92.16062366335791 43.685083730193583 73.245402645845388 60.618296714203098 99.01703968293441 170.46032275202379 272.82219598141 7.5194088362695757 15.606610932471083 24.000218824714466 22305.240027516542 73.482196538170683 43.018067679580327
leaf_count=16130 73994 3739 2236 1652 8529 11364 6531 2172 9574 1502 13309 17047 16109 410 3605 9936 15502 6979 167 9493 5723 2298 2463 6747 1150 2042 732 766859 516 18830
internal_value=6.60449e-05 -0.0423405 0.000186692 0.000276929 0.0114436 -0.000152302 -0.013958 -0.0087874 -0.0146713 0.00110071 -0.0366386 -0.0517927 -0.0230202 -0.0473972 0.0262051 0.00706585 -0.00348558 0.0160269 0.0208854 0.0228319 0.018044 -0.0149177 0.0283485 0.0164904 0.053203 0.0274502 -0.0317688 0.000696098 -0.0268277 0.00753377
internal_weight=24921.6 70.7007 24850.9 24809 918.324 23890.7 1383.15 1216.85 1041.69 606.347 435.344 166.299 334.39 179.155 175.158 563.299 422.549 871.975 779.814 766.975 723.289 172.262 551.027 373.047 177.98 312.429 39.6068 22507.5 202.272 116.5
internal_count=1037340 19869 1017471 943477 48559 894918 97349 78650 72873 36514 36359 18699 23050 16519 5777 26940 25438 40030 33051 30815 30648 11791 18857 15244 3613 9521 2774 797569 30710 19346
is_linear=0
shrinkage=0.05


Tree=134
num_leaves=31
num_cat=0
split_feature=12 1 8 1 6 6 13 1 1 1 1 0 2 4 7 2 6 0 1 6 6 1 1 2 4 4 7 1 1 18
split_gain=47.4981 393.193 162.984 124.147 113.87 156.555 50.4418 194.224 171.854 97.3788 102.668 336.361 158.724 110.964 90.3894 82.6278 81.9544 122.552 79.3861 232.397 141.313 125.28 145.074 96.4458 79.7343 78.8191 77.6591 146.196 76.8128 196.669
threshold=1.0000000180025095e-35 3.0136753299768682 1.0000000180025095e-35 2.4612192134984352 -0.85999999999999988 0.18000000000000002 1.0000000180025095e-35 -0.28582120016328755 -0.45591236902979998 -0.3035106817254048 -0.3741325350387808 0.0012082190034407236 -0.096936430942047472 14.500000000000002 0.80608349761431775 -0.082435537401072234 0.26000000000000006 0.0017667869034406218 -0.39073343312015241 -0.37999999999999995 -1.0000000180025095e-35 -0.40760647707171044 -0.39916995509593139 -0.10985448046974725 18.500000000000004 21.500000000000004 0.16946744894789112 -0.33929786365491904 -0.54259082868417463 1.0000000180025095e-35
decision_type=2 2 2 2 2 2 2 2 2 2 2 2 2 2 2 2 2 2 2 2 2 2 2 2 2 2 2 2 2 2
left_child=6 2 4 -4 -2 -6 28 8 -8 10 18 15 -13 -14 16 -12 26 -18 20 -20 -10 -22 24 -21 -23 -11 27 -15 29 -1
right_child=1 -3 3 -5 5 -7 7 -9 9 25 11 12 13 14 -16 -17 17 -19 19 23 21 22 -24 -25 -26 -27 -28 -29 -30 -31
leaf_value=0.008682777454242124 0.049970713035485503 0.049202948922442695 -0.050133592051507941 0.052018759101410961 -0.086623964863570782 0.0097397169185973135 -0.057625637351012352 -0.063734794916001647 0.024825985189932162 -0.078573796947086993 -0.024735598834468745 -0.063780101612436635 -0.078149471586814692 0.027383726714305109 -0.10165086952486323 -0.094534101270005957 0.024299381791994215 -0.10296895811357615 -0.068973815170150651 -0.11112921936291664 -0.092218815499568244 -0.072538179788724566 -0.08621032559725271 0.045913779301133315 0.03834176380199613 0.061291159713830395 0.051790435464737432 -0.10050770919624558 -0.002274406241773233 -0.061170765994916679
leaf_weight=2940.3336169162976 26.218687664333629 368.75597176043084 43.392684368363007 94.549009680747986 155.20526644447455 57.861540752114706 91.466370523926344 94.23411057895828 388.1505564555614 10.857754094283107 72.439582375641521 62.614191739090529 27.675656991874348 182.75634402425203 13.920355386333538 102.2509780320338 56.861153390012987 28.344839328145099 51.120962088174565 9.9713884190423396 53.037185831821262 19.030946241458878 40.878021372409421 500.3650847292447 109.52111994079314 139.34567945175513 289.30613467103649 25.458395248634588 18716.859133086775 104.33793896207499
leaf_count=183716 1712 1336 45749 31 31188 18791 14348 44389 1873 773 536 429 370 243 111 1395 121 265 314 78 1648 167 284 587 106 146 229 261 673482 12662
internal_value=6.2181e-05 0.0124882 -0.023402 0.0198844 -0.0483555 -0.0604549 -0.000321954 0.00660565 0.00951879 0.0123309 0.0094616 -0.00364114 0.0121128 0.0197242 0.0242641 -0.0655905 0.027272 -0.018038 0.0190938 0.0326642 0.006616 -0.0251559 -0.00416304 0.0428453 0.021927 0.0511807 0.0350318 0.0117465 -0.0010763 0.00628896
internal_weight=24877.1 745.983 377.227 137.942 239.285 213.067 24131.1 2369.61 2275.37 2183.91 2033.7 861.628 686.937 624.323 596.647 174.691 582.727 85.206 1172.08 561.457 610.618 222.467 169.43 510.336 128.552 150.203 497.521 208.215 21761.5 3044.67
internal_count=1037340 98807 97471 45780 51691 49979 938533 68673 24284 9936 9017 3960 2029 1600 1230 1931 1119 386 5057 979 4078 2205 557 665 273 919 733 504 869860 196378
is_linear=0
shrinkage=0.05


Tree=135
num_leaves=31
num_cat=0
split_feature=0 7 7 3 2 6 4 6 17 1 12 1 4 6 4 11 12 10 1 0 17 1 4 16 9 1 4 15 6 5
split_gain=47.1937 58.9748 47.4377 46.7919 57.5722 51.7245 47.1172 64.0879 123.472 73.2241 206.229 66.1719 61.0127 130.163 172.687 204.082 182.466 216.078 120.3 120.551 107.831 101.912 163.92 195.449 154.406 223.167 173.211 169.796 146.442 103.203
threshold=0.00041491383287088363 0.60335159471898092 0.61979704036474081 0.046563824612605102 0.12027061526678581 0.50000000000000011 3.5000000000000004 0.38000000000000006 1.0000000180025095e-35 -0.35644305347666355 1.0000000180025095e-35 2.4612192134984352 12.500000000000002 0.22000000000000003 11.500000000000002 1.0000000180025095e-35 1.0000000180025095e-35 1.0000000180025095e-35 -0.52422098244659132 0.0064787911293519582 1.0000000180025095e-35 3.4792488773982857 11.500000000000002 1.0000000180025095e-35 1.0000000180025095e-35 -0.49360457205061914 10.500000000000002 1.0000000180025095e-35 0.060000000000000005 3.5000000000000004
decision_type=2 2 2 2 2 2 2 2 2 2 2 2 2 2 2 2 2 2 2 2 2 2 2 2 2 2 2 2 2 2
left_child=1 -1 -3 6 5 -5 7 -2 9 -9 -11 -12 13 21 15 16 17 -15 -16 20 -20 24 23 -23 25 26 -8 -27 -29 -25
right_child=3 2 -4 4 -6 -7 12 8 -10 10 11 -13 -14 14 18 -17 -18 -19 19 -21 -22 22 -24 29 -26 27 -28 28 -30 -31
leaf_value=-0.081600058948754078 0.011109407362052818 0.052527595953364717 -0.087065868195870422 0.050270225233962844 0.055484432632474601 -0.10166985517139407 0.01968168761689244 0.023937110747822048 -0.061357940843907555 -0.052303221601874332 -0.050139426374042464 0.05074759986860531 0.00036419854891722123 -0.066500896677345309 0.055909324001735844 0.035660071182681947 0.03292847619995258 0.0057502308484898628 -0.069262262871705754 0.047518876970785849 0.05453484672099173 0.047452221853866404 -0.037479835446564545 0.0056082678673644434 0.039593265352415696 -0.047477118893909619 -0.06179896038569023 -0.074923516965992115 0.048769648181504255 -0.081979524616021093
leaf_weight=39.123128784504502 1875.3192922006403 20.960580354110792 8.5761664717696231 9.9587162919342536 75.831186395138502 12.801775230385827 491.35579776620887 215.07796418456201 91.023571455112915 158.74224116784126 19.374036823175629 100.90516565740108 19090.196911753283 491.50165937323322 102.40672177016768 94.691355316585941 71.725024864121224 131.07855899586048 85.77594596442259 54.205332542993347 22.127558708190918 382.6985724144879 119.46198242464197 144.75276652963203 152.18000978498162 501.27373878444257 75.20698959858214 32.066147167291092 94.289139480019912 43.810225899052966
leaf_count=16130 81566 159 3580 42 136 398 8877 16674 5028 22199 9469 341 562460 74076 2690 2774 23439 30307 10574 106 2 445 1002 463 4223 143134 12629 3369 614 434
internal_value=5.99161e-05 -0.0413361 0.0119958 0.000174801 0.0345518 -0.0351894 3.72561e-05 0.00660189 -0.0078447 0.00201358 -0.0148857 0.0344972 -0.000690937 -0.00720834 -0.0214768 -0.033198 -0.042589 -0.0512891 0.0134849 -0.0133154 -0.0438754 0.000170812 0.0157845 0.0269232 -0.00783943 -0.0138839 0.00886574 -0.0344202 0.0173791 -0.0147416
internal_weight=24808.5 68.6599 29.5367 24739.8 98.5917 22.7605 24641.2 2460.44 585.123 494.099 279.021 120.279 22180.8 3090.61 1053.51 788.997 694.305 622.58 264.516 162.109 107.904 2037.1 690.724 571.262 1346.37 1194.19 566.563 627.629 126.355 188.563
internal_count=1037340 19869 3739 1017471 576 440 1016895 135277 53711 48683 32009 9810 881618 319158 143968 130596 127822 104383 13372 10682 10576 175190 2344 1342 172846 168623 21506 147117 3983 897
is_linear=0
shrinkage=0.05


Tree=136
num_leaves=31
num_cat=0
split_feature=0 1 1 19 6 4 7 6 2 7 1 2 8 7 8 4 6 4 4 6 2 12 1 16 20 1 4 1 17 9
split_gain=45.7517 79.6754 71.1996 113.706 81.1554 127.762 120.604 81.5384 80.0817 61.0752 62.4741 83.2425 71.2807 58.6435 58.0144 63.7532 127.641 133.236 112.748 73.1649 65.6208 54.6538 53.7482 183.359 114.698 107.69 83.2633 83.0365 126.777 68.8214
threshold=0.015651551681901989 2.6725404816981908 12.211797523472585 1.0000000180025095e-35 0.18000000000000002 11.500000000000002 -0.27123929196010005 -0.57999999999999996 1.2748787337247898 -1.4118728522663668 0.014763913457613248 -0.055680367628286952 1.0000000180025095e-35 0.021457708969063672 1.0000000180025095e-35 3.5000000000000004 0.22000000000000003 13.500000000000002 11.500000000000002 -0.77999999999999992 1.1587184069440901 1.0000000180025095e-35 8.2792216628112687 1.0000000180025095e-35 1.0000000180025095e-35 6.2210504830589217 22.500000000000004 5.249489726493402 1.0000000180025095e-35 1.0000000180025095e-35
decision_type=2 2 2 2 2 2 2 2 2 2 2 2 2 2 2 2 2 2 2 2 2 2 2 2 2 2 2 2 2 2
left_child=2 -2 9 4 6 -6 -4 8 -8 10 11 -1 -13 -9 15 -3 17 20 21 -19 -17 -18 23 24 27 -26 -27 -11 29 -29
right_child=1 14 3 -5 5 -7 7 13 -10 22 -12 12 -14 -15 -16 16 18 19 -20 -21 -22 -23 -24 -25 25 26 -28 28 -30 -31
leaf_value=-0.09040944081175413 -0.041220951421665729 0.024675649791520773 -0.11105981924226355 0.012919356785819944 -0.068847817196027158 0.039185913152633998 0.018260213673740509 -0.013730316803861713 -0.11807401098638037 7.13195231763871e-05 0.0042335022870541826 -0.0031175186759264499 -0.077063572608506978 -0.087349285340152738 0.021589643984348875 0.011175491409989427 -0.074844344139212524 -0.012781812660120719 0.050328961669324004 -0.095092891308236921 -0.10448956792989404 0.050280791765980319 0.010608183410037553 -0.056403801619800312 -0.062537157276855049 -0.034506896444362938 0.03427960450208109 0.029635141442031665 -0.053448995404722859 -0.2097665075431917
leaf_weight=53.66267848859593 75.311917788159917 192.86077831872808 59.461265741775605 203.40846708965546 42.176171928596887 77.93907972658053 89.673186592258617 43.481947819844663 12.241591398551462 20096.564826637354 167.75930936936538 144.82243559719518 42.053144339808796 71.585115519771762 697.72467812790364 138.00571335673976 33.501304170356889 39.583751970332742 120.00809257477522 84.908808564213359 13.458284970942257 11.801407694816588 1202.9146896889033 144.41873192163257 139.72949115119627 98.877167857222958 79.257297090734937 477.88219899504384 52.856553509424884 3.0209689241419246
leaf_count=4066 88563 678 479 495 406 352 150 145 81 789968 11256 3882 3511 461 2562 471 548 230 350 1435 221 13 2828 30745 87728 780 51 3976 886 23
internal_value=5.66992e-05 0.00881198 -0.000471975 -0.0174732 -0.0330627 0.00125194 -0.0479724 -0.0306841 0.0018843 -2.2703e-05 -0.0191861 -0.0355198 -0.0197578 -0.0595299 0.0116412 0.000694976 -0.00978604 -0.0305995 0.0249583 -0.0689212 0.00089811 -0.0422491 0.000328237 -0.00025803 0.000129044 -0.0296772 -0.00390175 0.000588287 0.0200526 0.0281313
internal_weight=24711 1407.16 23303.8 599.967 396.558 120.115 276.443 216.982 101.915 22703.8 408.298 240.538 186.876 115.067 1331.85 634.128 441.267 275.957 165.311 124.493 151.464 45.3027 22295.5 21092.6 20948.2 317.864 178.134 20630.3 533.76 480.903
internal_count=1037340 95071 942269 2569 2074 758 1316 837 231 939700 22715 11459 7393 606 6508 3946 3268 2357 911 1665 692 561 916985 914157 883412 88559 831 794853 4885 3999
is_linear=0
shrinkage=0.05


Tree=137
num_leaves=31
num_cat=0
split_feature=3 5 0 3 6 3 6 1 18 1 1 2 3 0 1 2 2 3 3 6 6 21 2 2 0 3 2 6 2 7
split_gain=45.4282 45.1332 100.01 92.657 109.861 136.871 84.242 129.565 75.8121 80.4724 115.914 121.7 74.557 72.3514 71.6623 67.739 94.2362 77.7294 138.922 102.649 99.9129 85.2682 78.7026 211.412 192.839 110.859 107.483 121.54 134.699 121.598
threshold=1.0000000180025095e-35 5.5000000000000009 0.000571269127970159 0.0045388328084993686 -0.61999999999999988 0.0019249723945248525 -0.73999999999999988 5.249489726493402 1.0000000180025095e-35 -0.52830317049938769 -0.4789086950605525 0.0032933367372989537 0.0018268528853829296 0.0026232955804488785 -0.52217988842019325 -0.11988766913454173 -0.11930048506510084 0.0081306187202538367 0.015764296586214397 0.54000000000000015 0.46000000000000002 1.0000000180025095e-35 0.36663262701046723 3.5201940260403375 0.0026232955804488785 0.0063007028680430273 0.24643860097013023 0.34000000000000002 -0.099310696961960668 0.07085497730632366
decision_type=2 2 2 2 2 2 2 2 2 2 2 2 2 2 2 2 2 2 2 2 2 2 2 2 2 2 2 2 2 2
left_child=-1 -2 -3 4 14 12 7 -5 9 -7 -11 13 -6 -12 -4 -8 -17 22 20 -20 -19 -22 26 -24 25 -25 27 28 -18 -29
right_child=1 2 3 6 5 8 15 -9 -10 10 11 -13 -14 -15 -16 16 17 18 19 -21 21 -23 23 24 -26 -27 -28 29 -30 -31
leaf_value=-0.053109601401641851 0.0011183932541049967 -0.087651973337823028 -0.097156433301982287 -0.047089145450652438 -0.016066588857816613 -0.088168051851497425 -0.056599704748005124 0.018309969551916199 -0.098492150056641956 0.018532315115123144 -0.065371925252556959 -0.077078561546429419 0.059224718894902606 0.0016093235622494204 0.013689848074610676 0.065162607190417707 -0.05047197036490321 -0.037525058343546448 0.031969765248823043 -0.099763389686908954 0.0043849157725601327 -0.12690844726849393 -0.078525163905935808 0.050887505291684558 -0.050852673910887505 -0.09863175056625538 0.066488648682681992 0.0039507605782790984 0.024381735506179905 -0.060476534733041966
leaf_weight=40.116481769600796 20363.802271078228 35.898657999980969 15.364474649632028 211.41798528825984 73.841374180429284 59.040394817037395 46.854473295084063 118.00286987575237 48.789591590735654 110.08446466219903 54.939314484645365 136.44242387923487 59.274791905008897 151.46956176794902 285.96186461484604 61.637214876303915 64.275983171239204 378.35852595313099 232.49345706873282 15.792338048588134 336.46618688994022 12.838196823606266 89.875117234797472 166.32505565769316 87.255639101388624 13.395369644436867 91.457553975174051 256.52753286605184 925.16690690270298 102.49919486609087
leaf_count=75416 776101 8017 3047 15338 7272 10080 3886 201 3342 2259 5844 16292 278 9804 9657 526 5429 18478 2061 790 11046 394 7391 2538 5899 1035 542 9028 17772 7577
internal_value=5.43783e-05 0.000141056 -0.00455095 -0.00384165 -0.0171714 -0.0281188 0.00029019 -0.0236623 -0.0389383 -0.033263 -0.0261061 -0.0404388 0.0174596 -0.0162189 0.00803785 0.00302877 0.00401448 0.00265517 -0.0087039 0.0235908 -0.0197232 -0.000440589 0.00882503 -0.0121955 0.0101338 0.0397432 0.0140345 0.0104769 0.0195191 -0.0144427
internal_weight=24645.7 24605.5 4241.75 4205.85 995.208 693.882 3210.64 329.421 560.766 511.976 452.936 342.851 133.116 206.409 301.326 2881.22 2834.36 2772.73 975.949 248.286 727.663 349.304 1796.78 356.851 266.976 179.72 1439.93 1348.47 989.443 359.027
internal_count=1037340 961924 185823 177806 67875 55171 109931 15539 47621 44279 34199 31940 7550 15648 12704 94392 90506 89980 32769 2851 29918 11440 57211 16863 9472 3573 40348 39806 23201 16605
is_linear=0
shrinkage=0.05


Tree=138
num_leaves=31
num_cat=0
split_feature=0 7 3 1 6 1 4 7 1 1 4 6 6 7 3 6 15 1 21 3 4 2 5 3 1 2 2 1 1 6
split_gain=43.9327 56.0589 44.8435 92.5825 271.531 129.727 157.293 117.984 156.532 138.239 117.845 286.185 166.072 148.618 117.298 109.444 99.881 98.9959 184.156 85.9607 90.2919 79.1215 238.318 124.258 130.997 123.543 120.609 81.3443 169.855 87.9025
threshold=0.00041491383287088363 0.60335159471898092 0.0078778945735231386 -0.57075792624846911 0.50000000000000011 -0.54259082868417463 22.500000000000004 -0.028981745608753291 -0.59252959586338283 -0.58844740781058646 9.5000000000000018 0.26000000000000006 0.14000000000000004 -0.20387932928226174 0.002159617713918502 1.1800000000000002 1.0000000180025095e-35 -0.53646754660498031 1.0000000180025095e-35 0.0049102659772611934 2.5000000000000004 1.1587184069440901 1.5000000000000002 0.0096277913179321651 -0.42420737515308204 1.8070972683175903 0.7040081695174879 -0.60763369165872905 -0.6183834535310927 -0.059999999999999991
decision_type=2 2 2 2 2 2 2 2 2 2 2 2 2 2 2 2 2 2 2 2 2 2 2 2 2 2 2 2 2 2
left_child=1 -1 3 4 -2 6 10 8 -6 -9 12 -12 19 -13 -15 -8 -10 18 -7 20 -5 26 -23 24 -24 -25 27 28 -4 -29
right_child=2 -3 21 5 7 17 15 9 16 -11 11 13 -14 14 -16 -17 -18 -19 -20 -21 -22 22 23 25 -26 -27 -28 29 -30 -31
leaf_value=-0.081361745364571608 -0.071943625610015369 0.012270589586454043 -0.055236397577594958 0.020527004735443364 -0.086357083757792427 -0.017971120165895478 0.042834566393250229 0.027683800228150701 -0.074738199184984463 -0.082078627048381009 -0.066354968538601025 0.036267120942855197 -0.060610937534956361 0.038702344713937388 -0.0835953160026114 -0.089941310000764274 0.038882651673366186 -0.0013524685758521877 -0.15675915855370903 0.047067329991642558 -0.10008895078096827 -0.042547879009585891 -0.038889173415768606 -0.079394900298346754 0.027956438529862983 -0.0048016508157851384 0.036105959549928776 0.010844500527898338 0.04943090170215194 -0.0021848926922544399
leaf_weight=37.037253414595625 180.31992189670291 28.124759437539751 46.95671045114068 57.235323276191139 78.101505495952551 195.52089952540518 441.58821775660931 298.54633467801432 26.430185804767461 31.734692526461004 172.15790069157492 218.29420703250798 53.275142623317379 30.022179241978392 56.511125746968901 16.085453559819143 72.125038821744965 14671.689597511609 27.229962068100576 278.25124486932327 21.286591302074157 356.65011686889738 84.384988548914407 61.590368489161847 557.53305299989916 562.12764497027274 315.18706533460681 2148.2331669346386 222.07933230431081 3257.1487937172442
leaf_count=16130 84965 3739 5834 333 9684 8795 2618 10924 4258 3914 25404 2761 8622 629 3497 130 194 632247 884 625 815 15285 4522 3491 9461 14290 3765 54848 3737 100939
internal_value=5.18156e-05 -0.0409488 0.000160694 -0.00127269 -0.0192479 -0.000511957 0.0143611 -0.000503795 -0.0334861 0.0171374 0.00207775 -0.0148197 0.0217335 0.014286 -0.0411649 0.038168 0.00841222 -0.00185474 -0.0349371 0.0340296 -0.0121709 0.00334807 -0.00644697 0.00372609 0.0191691 -0.0121675 0.00600106 0.00432888 0.0311626 0.00299331
internal_weight=24603.5 65.162 24538.3 16926.4 687.258 16239.1 1344.71 506.938 176.657 330.281 887.034 476.985 410.048 304.828 86.5333 457.674 98.5552 14894.4 222.751 356.773 78.5219 7611.89 1622.29 1265.64 641.918 623.718 5989.61 5674.42 269.036 5405.38
internal_count=1037340 19869 1017471 801299 113939 687360 45434 28974 14136 14838 42686 32291 10395 6887 4126 2748 4452 641926 9679 1773 1148 216172 47049 31764 13983 17781 169123 165358 9571 155787
is_linear=0
shrinkage=0.05


Tree=139
num_leaves=31
num_cat=0
split_feature=3 2 2 13 1 1 6 6 1 0 1 2 3 2 4 0 3 4 6 1 1 3 3 3 0 0 3 7 7 6
split_gain=44.4333 54.3394 46.4028 44.2463 179.893 157.736 92.2135 144.895 86.6709 107.976 234.632 182.928 87.8788 72.3174 71.2987 66.2966 109.957 140.088 155.7 118.799 117.603 109.405 98.9863 137.828 154.804 166.922 127.737 137.819 125.437 117.212
threshold=0.046563824612605102 0.12027061526678581 0.09568547357671689 1.0000000180025095e-35 -0.28582120016328755 -0.45591236902979998 -0.81999999999999995 -0.97999999999999987 -0.3035106817254048 0.0011867135030440049 -0.3741325350387808 -0.083022721470513136 0.010357860444512418 -0.082435537401072234 21.500000000000004 0.0018219130792696085 0.011330338389019151 18.500000000000004 -0.49999999999999994 2.112192134984352 1.1436249829908831 0.010703220599338698 0.0019361102364565997 0.0032826415037953507 0.0011557400643420967 0.0010961908195145399 0.0045388328084993686 0.95748457356814776 0.97529771608520877 -0.21999999999999997
decision_type=2 2 2 2 2 2 2 2 2 2 2 2 2 2 2 2 2 2 2 2 2 2 2 2 2 2 2 2 2 2
left_child=3 2 -2 15 5 -5 7 -7 9 10 11 -8 -13 -12 -10 16 21 18 -18 20 -19 22 -1 24 25 -24 29 -28 -29 -25
right_child=1 -3 -4 4 -6 6 8 -9 14 -11 13 12 -14 -15 -16 -17 17 19 -20 -21 -22 -23 23 26 -26 -27 27 28 -30 -31
leaf_value=0.020780655198908912 0.050256334802729632 0.055218296149486867 -0.096109596827208696 -0.057358228706965157 -0.06314661524877474 0.013541748944566421 -0.095068502006609032 -0.130105470493252 -0.079907197261307045 0.018288640624960738 -0.02121583454249466 0.029970618596049728 -0.13116380314617668 -0.089042335059074926 0.060775705980954275 0.0005676984253167632 0.017471510306753684 0.015303956582760384 -0.083316271578874002 0.067682997439529061 -0.21354299250830713 -0.097217273102763707 -0.084064800666115505 0.024564413545906841 -0.075041278095406339 0.032264172014446195 -0.017301651536350451 0.098374929342375184 0.0041629795902714114 -0.01620450982073551
leaf_weight=264.42914225783625 9.3829618096351624 72.431720927357674 12.805116190880653 85.396052768427126 89.166956279059377 44.524225336682321 34.737870925312563 28.981752992629936 9.6541464651340885 1405.7120568512 70.666223387355785 315.86533748598913 8.6944139203114883 88.536540281256748 134.17758100394713 17854.867663188146 87.734809706142187 279.96087630171587 68.032350277834666 134.64489857692752 5.7288066063165379 35.232360647202768 45.003758043278594 490.99652729117042 169.02445439253597 97.96364250522447 2126.7411648129091 46.452290042926506 147.56904560114162 275.06931816009683
leaf_count=26298 42 136 404 14337 44376 326 594 675 700 4338 484 1387 116 1179 135 749289 1595 4405 7240 146 251 3766 12350 16131 17830 3367 102428 450 5552 17013
internal_value=4.91892e-05 0.0342467 -0.0342139 -8.31768e-05 0.00649209 0.00928043 0.0119377 -0.0430951 0.0138938 0.0110953 -0.00840681 0.0139823 0.0256541 -0.0589358 0.0513329 -0.000771358 -0.00636458 0.0139541 -0.0265482 0.0289634 0.010715 -0.00952956 -0.0086862 -0.0109787 -0.0426496 -0.00435425 -0.00777769 -0.0136214 0.0267191 0.00992562
internal_weight=24540.2 94.6198 22.1881 24445.6 2316.11 2226.95 2141.55 73.506 2068.04 1924.21 518.5 359.298 324.56 159.203 143.832 22129.5 4274.58 576.102 155.767 420.335 285.69 3698.48 3663.25 3398.82 311.992 142.967 3086.83 2320.76 194.021 766.066
internal_count=1037340 582 446 1036758 68647 24271 9934 1001 8933 8098 3760 2097 1503 1663 835 968111 218822 13637 8835 4802 4656 205185 201419 175121 33547 15717 141574 108430 6002 33144
is_linear=0
shrinkage=0.05


Tree=140
num_leaves=31
num_cat=0
split_feature=12 1 8 1 6 6 1 1 1 14 0 8 6 4 4 8 6 2 1 16 1 0 17 18 9 1 14 1 6 4
split_gain=43.5857 361.708 147.894 115.031 107.193 143.222 48.7466 254.216 183.453 382.887 218.097 137.076 108.746 972.867 319.284 531.212 327.404 188.897 187.313 170.047 144.062 131.703 107.956 110.245 104.893 101.972 271.685 354.95 213.952 197.832
threshold=1.0000000180025095e-35 3.0136753299768682 1.0000000180025095e-35 2.4612192134984352 -0.85999999999999988 0.18000000000000002 6.2210504830589217 3.0136753299768682 4.1663491631514509 1.0000000180025095e-35 0.0050582323563124294 1.0000000180025095e-35 0.22000000000000003 11.500000000000002 11.500000000000002 1.0000000180025095e-35 -0.77999999999999992 1.0000000180025095e-35 8.2792216628112687 1.0000000180025095e-35 12.211797523472585 0.0054950535890394428 1.0000000180025095e-35 1.0000000180025095e-35 1.0000000180025095e-35 2.112192134984352 1.0000000180025095e-35 1.4104640087086679 0.060000000000000005 21.500000000000004
decision_type=2 2 2 2 2 2 2 2 2 2 2 2 2 2 2 2 2 2 2 2 2 2 2 2 2 2 2 2 2 2
left_child=6 2 4 -4 -2 -6 7 25 9 -9 22 -11 14 -14 19 16 -16 -17 21 -8 -21 -18 23 24 -10 26 27 -1 -27 -30
right_child=1 -3 3 -5 5 -7 12 8 10 11 -12 -13 13 -15 15 17 18 -19 -20 20 -22 -23 -24 -25 -26 28 -28 -29 29 -31
leaf_value=0.00076096895015871917 0.049777373186318863 0.049028366014386898 -0.050123530894739803 0.051921467123895372 -0.08503984103046594 0.0089896235809841917 0.044458495905723455 -0.078342217255489136 0.018814118411304467 0.021502184475404772 -0.064699883245326148 -0.096581148694935073 -0.069460107497360701 0.049607360423913935 0.0089007081295694023 0.04398614949572708 0.021298411015364831 -0.0035075973006655826 -0.085378845020794236 0.0069213353730444753 -0.12586186507465411 -0.076321475049093312 -0.06591549790690103 -0.16242975072563268 -0.16057615559166036 0.033612229282965658 -0.041164428298889263 -0.12894646165530566 -0.10470351722173868 0.0080939982304876548
leaf_weight=17896.983000541964 25.412863042505705 342.78975224733585 40.176522286439194 88.341087102890015 147.08771740530801 55.883050808615735 481.6530143045045 333.25722659049416 523.20659084978934 193.250047106485 130.35267266224037 28.157690619804271 228.49567551906785 688.45157695295029 199.50226903774274 304.46295889607518 85.626193824350594 670.2346829629073 370.0785749155832 327.78957145408822 21.784473991130653 57.923491401427782 46.968918362344084 8.7982769550344511 8.277631349868896 557.49805833174082 402.37868700928448 52.900414485688088 58.609550759566673 115.42858539260942
leaf_count=781169 1712 1336 45749 31 31188 18791 472 6495 2590 222 3742 139 2310 1719 398 1995 232 1772 1990 587 100 751 993 63 52 7135 96675 21313 5084 535
internal_value=4.64061e-05 0.0123461 -0.0228858 0.0200207 -0.0470304 -0.0591511 -0.000315311 -0.00124515 -0.0228857 -0.0444815 -0.00619339 0.00648485 0.00519335 0.0199367 -0.000173303 -0.0126654 -0.0454591 0.0113279 -0.0665734 0.0251922 -0.00135334 -0.018092 0.00679334 0.0131142 0.0160202 0.000197573 -0.000532139 0.000378706 0.0185041 -0.029892
internal_weight=24491.8 699.691 356.901 128.518 228.384 202.971 23792.1 20356.1 1272.27 554.665 717.604 221.408 3436 916.947 2519.06 1687.83 713.131 974.698 513.628 831.227 349.574 143.55 587.251 540.282 531.484 19083.8 18352.3 17949.9 731.536 174.038
internal_count=1037340 98807 97471 45780 51691 49979 938533 926207 14296 6856 7440 361 12326 4029 8297 7138 3371 3767 2973 1159 687 983 3698 2705 2642 911911 899157 802482 12754 5619
is_linear=0
shrinkage=0.05


Tree=141
num_leaves=31
num_cat=0
split_feature=3 10 1 1 2 1 0 6 4 5 0 4 0 2 4 6 1 2 2 3 1 2 1 7 7 3 3 6 1 3
split_gain=43.0219 42.0044 420.956 48.5257 212.482 183.177 198.654 276.942 162.476 146.079 142.216 168.93 179.255 203.763 226.936 155.171 140.113 137.035 139.565 125.143 191.957 124.036 119.646 117.107 116.912 111.16 110.344 109.624 109.217 203.917
threshold=1.0000000180025095e-35 1.0000000180025095e-35 -0.3035106817254048 -0.39073343312015241 34.610824610671436 -0.38188869233909378 0.0022179111544267534 0.060000000000000005 21.500000000000004 1.5000000000000002 0.0024385336885336889 22.500000000000004 0.0012449425420076085 0.17574674495787593 9.5000000000000018 -0.57999999999999996 -0.43999183562389443 -0.086775593566504966 -0.082435537401072234 0.0058435603272493529 -0.39916995509593139 0.39925963747766152 -0.60940263981494081 0.76577457587217357 -1.4118728522663668 0.0071841363131913399 0.003311784512074143 0.34000000000000002 -0.54259082868417463 0.0039199503324223086
decision_type=2 2 2 2 2 2 2 2 2 2 2 2 2 2 2 2 2 2 2 2 2 2 2 2 2 2 2 2 2 2
left_child=-1 3 -3 4 10 6 8 9 -5 -8 11 12 17 14 15 -14 22 -2 -19 -18 -21 -15 -13 -7 -12 26 -10 -23 -26 -30
right_child=1 2 -4 5 -6 23 7 -9 25 -11 24 16 13 21 -16 -17 19 18 -20 20 -22 27 -24 -25 28 -27 -28 -29 29 -31
leaf_value=-0.052988549434872217 -0.053095987004147228 0.040545065754313339 -0.051087355908754323 0.052440199976265325 -0.060948833482821166 0.0015148031545829119 0.041729188247577861 -0.087376888674942782 -0.0085967092704716964 -0.032764364690673342 -0.069697304633117782 -0.078074252970504354 -0.12411190825319006 0.02730981396674069 -0.071672166851829602 0.020684140901109004 -0.0019208248639368234 0.061802011575312711 -0.0028333942389183408 -0.14038381751212695 0.0084293500221731803 -0.048272290182702321 0.022446825193122803 -0.014083928037500484 0.011755457270652508 0.023034560289418565 -0.16980743337261606 0.018342088662046906 0.017238824930019811 -0.0096071800129925548
leaf_weight=38.178227608761517 104.41360916777944 420.14026019338053 178.62432178530435 495.90093987167847 156.35491406839719 12760.330254836581 192.78227727878402 82.586758858757094 25.55495722897831 99.919105129083619 55.974932975997945 31.06167827318086 21.639059299777728 155.48292096512341 438.52248012724158 127.6625299367297 192.65993948338291 103.1232928600607 439.27707528313249 48.558383599906847 39.134869441550109 202.81165380703351 629.99431806784855 1328.4853206055159 2177.6127580557613 82.645286821505579 18.155611231366947 88.80208275185214 965.78707252420008 2643.3795715794258
leaf_count=75416 11102 607 97066 1716 14084 491876 286 921 70 631 4690 1053 155 2610 30963 2438 571 931 27040 370 63 10035 5218 63182 127568 89 157 2788 17427 46217
internal_value=4.68851e-05 0.000130185 0.0132091 -0.000200126 -0.00319229 0.00150997 0.0222154 -0.00651583 0.0395435 0.0162994 -0.00212559 -0.0117974 -0.0212908 -0.0341959 -0.0535448 -0.000301907 0.00516169 -0.000642166 0.00945534 -0.0244584 -0.073973 -0.00875685 0.0177235 4.39424e-05 0.00221662 -0.0110715 -0.0755572 -0.0279869 0.00291223 -0.00242338
internal_weight=24345.6 24307.4 598.765 23708.6 8622.25 15086.4 997.545 375.288 622.257 292.701 8465.9 2623.14 1681.73 1034.92 587.824 149.302 941.409 646.814 542.4 280.353 87.6933 447.097 661.056 14088.8 5842.75 126.356 43.7106 291.614 5786.78 3609.17
internal_count=1037340 961924 97673 864251 305323 558928 3870 1838 2032 917 291239 95337 88062 48989 33556 2593 7275 39073 27971 1004 433 15433 6271 555058 195902 316 227 12823 191212 63644
is_linear=0
shrinkage=0.05


Tree=142
num_leaves=31
num_cat=0
split_feature=4 6 17 1 3 1 1 1 6 18 1 1 2 6 1 1 6 2 2 1 2 6 4 7 6 2 7 5 5 4
split_gain=41.8181 54.0146 116.075 65.69 53.7128 103.194 56.3677 52.0418 63.4122 51.7863 327.05 303.191 206.458 191.162 132.599 379.902 469.717 190.204 166.7 150.465 256.052 242.069 156.895 131.961 125.885 254.688 163.349 116.275 99.1112 161.427
threshold=3.5000000000000004 0.38000000000000006 1.0000000180025095e-35 5.249489726493402 0.0068955771992539475 -0.55660634099877537 -0.50081643761055916 5.249489726493402 0.14000000000000004 1.0000000180025095e-35 -0.43223567832358151 0.10198666485236084 13.989941281593058 1.5800000000000003 -0.33929786365491904 -0.0070077561573003684 0.14000000000000004 0.0032933367372989537 -0.11161603267806994 -0.27711253231732208 -0.11930048506510084 0.14000000000000004 22.500000000000004 1.1017393947111718 0.14000000000000004 0.013479703854991067 -0.80142266072131496 3.5000000000000004 5.5000000000000009 22.500000000000004
decision_type=2 2 2 2 2 2 2 2 2 2 2 2 2 2 2 2 2 2 2 2 2 2 2 2 2 2 2 2 2 2
left_child=1 4 3 -3 5 -1 -6 -8 -9 23 -11 12 13 14 18 19 -17 -18 -12 21 -21 22 27 -2 26 -26 -20 -16 -28 -30
right_child=9 2 -4 -5 6 -7 7 8 -10 10 11 -13 -14 -15 15 16 17 -19 24 20 -22 -23 -24 -25 25 -27 28 -29 29 -31
leaf_value=-0.12188939480104205 -0.0011743748918410174 0.0076653735222950567 -0.060789006774555426 -0.064375154200170301 0.038404877860904581 0.0055098730870669389 -0.0050077437127739963 0.040298005200405329 -0.064904883959803317 -0.062990839307903931 -0.047606594552998475 -0.07424442827713798 -0.079149383963969602 -0.088564257241278324 -0.0020895027962673763 -0.11389065360812729 0.045648770061839344 -0.11849386559514592 -0.036007370261990197 0.052626275077465007 -0.071513257158479115 -0.089255280348590219 0.041524436226171905 -0.033995767489489223 -0.05489238138058438 0.026948350393358762 0.040620673685808489 -0.11118618196720249 0.0045954128103015274 -0.2682610313736466
leaf_weight=16.12896358877606 17885.498987752766 437.45579412117445 85.744260722538911 34.110999209069178 286.25696360624715 1095.9230196946335 248.44789225548084 157.19830046501011 15.759806952439247 170.03052303856839 82.165440172983836 108.61846415725313 62.897057006747218 46.346326293069978 101.09865735573135 53.253512439653832 602.7132544293745 18.181307688447305 81.963535091874292 49.851479289814506 249.08907468981874 69.00585456283261 200.81766467541456 311.58261422851865 136.4302935074129 313.51471669850889 1230.3660762464676 32.202691853602118 94.836952933287648 5.7492296863347283
leaf_count=3969 805743 48392 5036 609 2901 54589 20435 243 104 22640 608 24660 1918 1084 809 1675 955 496 424 464 10048 1499 133 22699 1175 908 1896 756 429 43
internal_value=4.46866e-05 0.00634359 -0.00727591 0.00245429 0.0105147 0.0036621 0.0212833 0.00965275 0.030712 -0.000638803 0.00474586 0.00800016 0.0106042 0.0122806 0.0136878 0.00181073 0.0286193 0.0408423 0.0220915 -0.0239318 -0.0508117 -0.00399885 0.0136092 -0.00173636 0.0251657 0.00213297 0.0325005 -0.0284449 0.0367194 -0.0110003
internal_weight=24283.2 2377.03 557.311 471.567 1819.71 1112.05 707.663 421.406 172.958 21906.2 3709.13 3539.1 3430.48 3367.59 3321.24 1376.21 674.148 620.895 1945.03 702.065 298.941 403.125 334.119 18197.1 1862.86 449.945 1412.92 133.301 1330.95 100.586
internal_count=1037340 136278 54037 49001 82241 58558 23683 20782 347 901062 72620 49980 25320 23402 22318 16835 3126 1451 5483 13709 10512 3197 1698 828442 4875 2083 2792 1565 2368 472
is_linear=0
shrinkage=0.05


Tree=143
num_leaves=31
num_cat=0
split_feature=1 19 16 20 1 8 1 17 6 4 4 8 6 2 0 1 0 16 1 4 2 2 20 4 2 21 3 4 1 10
split_gain=41.9181 164.739 113.538 108.572 96.9295 94.5254 89.8638 125.698 81.1765 752.899 302.615 546.437 382.982 193.683 158.533 95.9261 132.856 93.8788 141.048 81.1108 77.0363 75.2979 122.895 96.3001 83.2752 67.7178 61.136 60.0422 160.989 198.152
threshold=8.2792216628112687 1.0000000180025095e-35 1.0000000180025095e-35 1.0000000180025095e-35 6.2210504830589217 1.0000000180025095e-35 5.249489726493402 1.0000000180025095e-35 0.22000000000000003 11.500000000000002 11.500000000000002 1.0000000180025095e-35 -0.77999999999999992 1.0000000180025095e-35 0.0062996272889321026 12.211797523472585 0.013125923141443912 1.0000000180025095e-35 12.211797523472585 22.500000000000004 42.128976257339808 -0.024917028338013781 1.0000000180025095e-35 15.500000000000002 -0.026984937452131732 1.0000000180025095e-35 0.0073943785710151406 19.500000000000004 -0.32174445502789495 1.0000000180025095e-35
decision_type=2 2 2 2 2 2 2 2 2 2 2 2 2 2 2 2 2 2 2 2 2 2 2 2 2 2 2 2 2 2
left_child=1 2 3 6 -5 -4 27 25 10 -10 17 12 -12 -13 -15 -16 -17 -2 -19 -6 -20 22 -14 24 -24 -8 -23 28 29 -1
right_child=8 -3 5 4 19 -7 7 -9 9 -11 11 13 21 14 15 16 -18 18 20 -21 -22 26 23 -25 -26 -27 -28 -29 -30 -31
leaf_value=0.0046825610282254749 0.044922841667979614 -0.06258782195226173 -0.063297034504482472 -0.06203463210375796 -0.035481025169748145 -0.0037176575548327653 0.034283867393555448 -0.053222429845150743 -0.069189671326174804 0.049473906261953873 0.010751543996757484 0.049484876240723834 -0.11563421071670515 -0.089267770288505063 0.023305841446477755 -0.09702445115357039 -0.00055490760334953688 0.017515256103211398 -0.1725991647090292 0.033391761054565039 0.021516927111739258 -0.088981143719492506 -0.18244685210824874 -0.014319169419333408 0.035312017878848675 -0.051219763827913503 -0.1638543031929568 -0.0027183413365306922 -0.0077390554006301279 0.042131848844618541
leaf_weight=6823.9878431775769 379.36293825871826 106.99822058435166 130.17224011520307 131.23312313202769 96.835195117306284 136.25784502190504 428.8545147521329 50.869533082662201 177.30289060906443 543.20934112620853 171.48200540450307 253.81463615663961 65.292286227420391 48.693148224626384 303.72349353715254 44.642853642209957 177.9573498388927 245.45884127186036 16.0162062389245 76.536459567636484 7.5065696951933196 137.76006932130758 17.029420857212248 117.52577075912268 5.9154885187745085 24.478274563666446 33.990667511876381 10391.740595114696 2678.0459443965456 372.5074730720371
leaf_count=154816 380 75255 27810 89884 805 21281 360 907 1418 1627 314 419 422 408 370 221 380 348 92 51 8 1008 113 241 3 3296 203 172123 482211 566
internal_value=4.31631e-05 -0.000701589 -0.000391315 1.8734e-05 -0.0296158 -0.0328269 0.000453333 0.0213042 0.00585884 0.0202733 0.000733019 -0.0125221 -0.0512114 0.0131047 -0.00295364 0.00503176 -0.019902 0.028902 0.00630678 -0.00507652 -0.110653 -0.0793575 -0.058956 -0.0326114 -0.126306 0.029667 -0.103799 -6.54129e-05 0.00272647 0.00662102
internal_weight=24195.2 21448.5 21341.5 21075.1 304.605 266.43 20770.5 504.202 2746.68 720.512 2026.17 1377.83 548.996 828.831 575.017 526.324 222.6 648.345 268.982 173.372 23.5228 377.514 205.763 140.471 22.9449 453.333 171.751 20266.3 9874.54 7196.5
internal_count=1037340 1029365 954110 905019 90740 49091 814279 4563 7975 3045 4930 4102 2304 1798 1379 971 601 828 448 856 100 1990 779 357 116 3656 1211 809716 637593 155382
is_linear=0
shrinkage=0.05


Tree=144
num_leaves=31
num_cat=0
split_feature=12 1 8 1 6 6 15 1 1 1 7 7 2 4 0 7 4 1 2 6 0 7 7 3 4 5 5 4 7 3
split_gain=43.1431 340.953 137.3 108.957 100.032 136.274 44.8109 225.792 132.781 179.191 136.728 181.797 237.436 197.695 159.062 125.167 121.786 147.503 129.209 121.026 115.328 167.849 273.052 167.673 176.484 157.417 156.898 138.926 132.143 123.641
threshold=1.0000000180025095e-35 3.0136753299768682 1.0000000180025095e-35 2.4612192134984352 -0.85999999999999988 0.18000000000000002 1.0000000180025095e-35 -0.29466594094434617 -0.3035106817254048 -0.32174445502789495 -1.0336641282400496 -0.56783795610926846 0.83346949195813136 16.500000000000004 0.00085215555052080619 -1.2060914928806361 21.500000000000004 -0.51183834535310924 -0.077687005361245828 0.18000000000000002 0.0026232955804488785 0.79494384596674028 0.26320003224205241 0.002922662702673069 14.500000000000002 3.5000000000000004 1.5000000000000002 22.500000000000004 0.46299262339984398 0.0089804911537572415
decision_type=2 2 2 2 2 2 2 2 2 2 2 2 2 2 2 2 2 2 2 2 2 2 2 2 2 2 2 2 2 2
left_child=6 2 4 -4 -2 -6 -1 8 9 10 15 12 13 -12 -13 -8 19 -18 -19 -15 21 22 23 25 -25 -16 -23 -26 -24 -22
right_child=1 -3 3 -5 5 -7 7 -9 -10 -11 11 14 -14 16 20 -17 17 18 -20 -21 29 26 28 24 27 -27 -28 -29 -30 -31
leaf_value=-0.0012487541638319865 0.049433235399543723 0.048928012384499724 -0.050117378299376292 0.051834268277314688 -0.083678609648750957 0.0086808939983400221 -0.010335286622956146 -0.060592545063923579 0.073611024649476151 -0.071187149845801462 -0.032540839614667222 -0.08365745573341854 -0.10154802994961142 0.075050010924015628 0.062530973939433021 -0.10632157814116905 0.045301078038654234 -0.23058882855509424 -0.016285647642840125 -0.056553693338484083 0.0051909958997631688 -0.092784183723202907 -0.11482053146485612 0.025429548730795254 -0.055955827956264519 -0.11109536686859206 0.038581434033814997 0.00382670547223824 -0.035963561250904497 0.041009542140662894
leaf_weight=19806.654802273173 24.548961888367103 328.89917473221431 37.986623835650335 84.504846632480621 141.43878459734287 55.653195227205742 129.73338036841051 127.34201849036162 73.65576623238303 74.024160891305655 85.356758232110224 51.327900073330056 31.664092143902053 326.09168321989182 144.21143667760589 46.007916195672806 177.5171966526832 8.0288694863775145 56.737916229238181 18.458515258958869 695.84129447375017 24.71681817632907 73.513286900294588 216.93836937946617 229.37417546512006 14.353853407940731 282.72335091603509 168.61971814889694 191.56044845755423 368.52635774272494
leaf_count=848312 1712 1336 45749 31 31188 18791 1319 64844 527 1211 1153 1498 671 543 786 906 189 105 153 520 4401 478 1508 1134 3166 705 1074 412 2275 643
internal_value=4.43562e-05 0.0125256 -0.0222655 0.0202174 -0.045744 -0.0575989 -0.000314276 0.00480387 0.00719073 0.00575829 0.00746296 0.00984612 0.0322547 0.0385576 0.00343903 -0.0354639 0.048899 0.0217362 -0.0428519 0.0679996 0.0052937 -0.00443189 -0.0140384 0.000969772 -0.0108515 0.0468137 0.0280202 -0.0306275 -0.0578331 0.0175928
internal_weight=24096 673.032 344.132 122.491 221.641 197.092 23423 3616.33 3488.98 3415.33 3341.3 3165.56 703.855 672.191 2461.71 175.741 586.834 242.284 64.7668 344.55 2410.38 1346.01 1038.57 773.498 614.932 158.565 307.44 397.994 265.074 1064.37
internal_count=1037340 98807 97471 45780 51691 49979 938533 90221 25377 24850 23639 21414 3334 2663 18080 2225 1510 447 258 1063 16582 11538 9986 6203 4712 1491 1552 3578 3783 5044
is_linear=0
shrinkage=0.05


Tree=145
num_leaves=31
num_cat=0
split_feature=0 1 1 19 6 7 4 6 2 7 21 0 3 3 7 6 8 4 6 4 4 1 6 12 0 6 2 0 4 6
split_gain=41.8344 66.5959 55.8415 88.8955 59.8628 106.673 105.974 57.6406 65.9764 50.3604 56.1451 50.3938 55.8727 75.4284 49.6707 48.5938 46.265 54.7578 90.8574 114.674 98.323 58.9975 54.3194 52.637 46.118 45.3291 44.7844 83.7643 73.1132 64.487
threshold=0.015651551681901989 2.6725404816981908 12.211797523472585 1.0000000180025095e-35 0.18000000000000002 -0.27123929196010005 11.500000000000002 -0.57999999999999996 1.2748787337247898 -1.4118728522663668 1.0000000180025095e-35 0.0045800285732051664 0.0058166487532060546 0.008020071874872383 0.021457708969063672 -0.57999999999999996 1.0000000180025095e-35 2.5000000000000004 0.22000000000000003 13.500000000000002 11.500000000000002 8.2792216628112687 -0.77999999999999992 1.0000000180025095e-35 0.014654997554020357 0.22000000000000003 -0.11988766913454173 0.0011383072457758891 22.500000000000004 -0.61999999999999988
decision_type=2 2 2 2 2 2 2 2 2 2 2 2 2 2 2 2 2 2 2 2 2 2 2 2 2 2 2 2 2 2
left_child=2 -2 9 4 5 -4 -6 8 -7 10 11 12 15 -14 -9 -1 17 -3 19 21 23 -19 -21 -20 -16 -15 27 -11 29 -29
right_child=1 16 3 -5 6 7 -8 14 -10 26 -12 -13 13 25 24 -17 -18 18 20 22 -22 -23 -24 -25 -26 -27 -28 28 -30 -31
leaf_value=-0.09212392672076293 -0.039602785571585725 0.027003963703177248 -0.10257458558138688 0.011895207947183883 -0.066972826458778015 0.017755812318153562 0.03735958600768146 -0.0083854939480659842 -0.1060219827784829 -0.10970646605636303 -0.12236374775727848 0.016538587026518888 -0.10624994227966676 -0.00073642015365796808 -0.090746841909722376 0.0030634572172580734 0.020500928406777884 -0.053627385685565444 -0.069854476443239333 -0.012822309664207474 0.050290947972979172 0.018454830308348831 -0.084744230252751809 0.050207917582675149 0.027294464622042349 -0.084563357274110726 0.00062581614222953507 0.02463281959010994 0.011932367984775476 -0.036397066031664399
leaf_weight=14.758083349168713 67.605296026062206 152.28986426092069 57.836574022190234 191.91408083931128 36.994604872870696 85.716800747773959 71.145939056199495 44.925570819771565 12.312083132710539 21.887098722240466 12.422252885921123 98.152874016897272 40.518229606538625 60.7698528940291 63.11264158307813 146.55782439229824 654.6684844584388 36.39059175844659 33.635963730376716 38.734462439179879 104.94298980757594 129.06648327389848 81.468774410780043 12.529360134154556 9.5230561036441923 21.952511392169981 21214.464110155688 52.327213745185873 221.87280270143572 250.45611414362475
leaf_count=1672 88563 516 479 495 406 150 352 145 81 3797 743 7027 3283 1627 453 6911 2562 597 610 230 350 178 1435 30 8 1452 885380 3556 1384 22868
internal_value=4.27878e-05 0.0087264 -0.000458193 -0.0158624 -0.0298235 -0.0422783 0.00166773 -0.0261025 0.00220976 -5.94755e-05 -0.0177498 -0.0143542 -0.0250101 -0.0503583 -0.0497108 -0.00564482 0.0113534 0.00118708 -0.0078146 -0.0244007 0.0235403 0.00260108 -0.061568 -0.0372693 -0.0752708 -0.0229821 0.000261742 -0.0138701 -0.00987205 -0.0258498
internal_weight=24041 1311.33 22729.6 573.481 381.567 273.427 108.141 215.59 98.0289 22156.1 395.132 382.709 284.557 123.241 117.561 161.316 1243.73 589.058 436.769 285.66 151.108 165.457 120.203 46.1653 72.6357 82.7224 21761 546.543 524.656 302.783
internal_count=1037340 95071 942269 2569 2074 1316 758 837 231 939700 22715 21972 14945 6362 606 8583 6508 3946 3430 2440 990 775 1665 640 461 3079 916985 31605 27808 26424
is_linear=0
shrinkage=0.05


Tree=146
num_leaves=31
num_cat=0
split_feature=12 1 8 1 6 6 1 0 1 7 9 8 1 1 14 1 2 8 1 14 1 6 2 2 9 4 5 2 4 3
split_gain=40.7065 320.277 128.425 103.016 92.589 128.668 44.5014 177.498 124.125 130.795 102.946 79.6141 79.5434 180.925 177.046 303.408 121.293 106.758 96.1232 245.205 305.93 197.205 139.553 136.265 129.985 137.971 174.056 128.209 112.701 106.717
threshold=1.0000000180025095e-35 3.0136753299768682 1.0000000180025095e-35 2.4612192134984352 -0.85999999999999988 0.18000000000000002 8.2792216628112687 0.0077170449921092604 1.1119199891141653 0.36119566197312758 1.0000000180025095e-35 1.0000000180025095e-35 5.249489726493402 3.0136753299768682 1.0000000180025095e-35 4.1663491631514509 -0.064513658412050021 1.0000000180025095e-35 2.112192134984352 1.0000000180025095e-35 1.4104640087086679 0.26000000000000006 6.3418177176410522 0.10730150625478684 1.0000000180025095e-35 18.500000000000004 2.5000000000000004 10.366836864947667 21.500000000000004 0.0061738103736781865
decision_type=2 2 2 2 2 2 2 2 2 2 2 2 2 2 2 2 2 2 2 2 2 2 2 2 2 2 2 2 2 2
left_child=6 2 4 -4 -2 -6 7 12 9 -9 11 -10 13 18 15 -15 -17 -16 19 20 -1 24 -21 -23 25 26 -20 -24 -25 -28
right_child=1 -3 3 -5 5 -7 -8 8 10 -11 -12 -13 -14 14 17 16 -18 -19 21 22 -22 23 27 28 -26 -27 29 -29 -30 -31
leaf_value=0.00083249461623577088 0.049011275543773963 0.048798751701995748 -0.050111115663811226 0.051777355648396084 -0.082437851925994676 0.0081781466631781399 0.0057894152266839832 0.0068616998635928758 -0.060455284974498473 -0.07238293238148881 -0.33399681678681931 -0.016607038179020678 0.017580759330675679 -0.082085766805223184 0.022020515342251121 -0.10767898349290293 0.0040967645282436278 -0.066285729263030807 0.018171093639993766 -0.05568415584068024 -0.12359423443425169 -0.13214327432501746 0.045044790986051249 -0.13195668164875812 -0.19344946627795695 0.041351597169145278 -0.077362743430408748 -0.104497959008322 0.037701948255946464 -0.32095700175023717
leaf_weight=17271.861595524941 23.431843665317501 311.95968764420832 35.829016240497822 80.652497678995132 135.82937404397353 55.051635451515722 2658.2513699194024 364.5700645514703 229.24362841774337 60.746721527089221 3.012455345894522 188.75870588589328 614.5685243740445 241.60077769978875 231.0567451099123 26.736886081460625 263.10960942266274 40.177641547734311 85.172020311066717 303.15501170862092 49.542585558323481 33.178592954454871 71.964499052749261 12.895560968352582 6.5662009546358595 511.95781646091268 25.953087549158912 17.897132737999641 40.625847954791425 5.4382639366504
leaf_count=620813 1712 1336 45749 31 31188 18791 7975 108171 12922 47014 97 8587 5188 3651 256 523 1324 160 1442 84764 16093 1906 2967 1069 403 2185 1397 8944 86 596
internal_value=4.09077e-05 0.0124541 -0.0218211 0.0204371 -0.0447889 -0.0563035 -0.000300673 -0.00108276 -0.0235077 -0.00445657 -0.0427535 -0.0406546 -0.000126806 -0.000692458 -0.0239302 -0.040706 -0.00621399 0.00893981 0.000319273 -0.000409495 0.00047661 0.018205 -0.0394628 -0.0525295 0.0278615 0.0301735 -0.0189217 0.0152614 -0.00317596 -0.119563
internal_weight=24000.8 642.754 330.794 116.482 214.313 190.881 23358 20699.8 846.332 425.317 421.015 418.002 19853.5 19238.9 802.682 531.447 289.846 271.234 18436.2 17714.4 17321.4 721.787 393.017 86.7 635.087 628.521 116.563 89.8616 53.5214 31.3914
internal_count=1037340 98807 97471 45780 51691 49979 938533 930558 176791 155185 21606 21509 753767 748579 5914 5498 1847 416 742665 733581 636906 9084 96675 3061 6023 5620 3435 11911 1155 1993
is_linear=0
shrinkage=0.05


Tree=147
num_leaves=31
num_cat=0
split_feature=3 2 13 1 1 1 0 0 7 4 4 3 3 3 2 3 8 7 3 6 8 1 4 17 2 0 3 3 1 1
split_gain=40.4297 51.0642 41.2431 159.92 145.163 86.1002 88.8441 223.013 112.35 67.9855 64.4301 64.4626 108.808 68.9093 100.193 133.356 93.0443 87.2564 85.4378 73.9941 62.17 60.5478 170.24 188.804 204.569 178.145 165.506 185.68 120.745 116.97
threshold=0.046563824612605102 0.12027061526678581 1.0000000180025095e-35 -0.28582120016328755 -0.45591236902979998 -0.3035106817254048 0.001090512865108494 0.000571269127970159 0.46299262339984398 21.500000000000004 12.500000000000002 0.0036344972333131496 0.0026481708172779272 0.0042374396381921935 -0.096042889966811332 0.0045527315402226027 1.0000000180025095e-35 -0.63326051606957157 0.0045388328084993686 1.3800000000000001 1.0000000180025095e-35 -0.54259082868417463 22.500000000000004 1.0000000180025095e-35 -0.014092417666581565 0.0024385336885336889 0.010605962009234299 0.0042374396381921935 -0.6219213498435161 -0.53646754660498031
decision_type=2 2 2 2 2 2 2 2 2 2 2 2 2 2 2 2 2 2 2 2 2 2 2 2 2 2 2 2 2 2
left_child=2 -2 21 4 -4 6 7 8 -6 -7 -8 12 -12 16 15 -15 17 -13 -16 -17 -14 22 25 24 28 -1 27 -27 -24 -23
right_child=1 -3 3 -5 5 9 10 -9 -10 -11 11 13 20 14 18 19 -18 -19 -20 -21 -22 29 23 -25 -26 26 -28 -29 -30 -31
leaf_value=-0.035791015089730038 -0.034089253462835555 0.054896915212246024 -0.057072366294525369 -0.062157927696541028 -0.09970722586781737 -0.078212530395886909 -0.069458531127643205 -0.085453734616751514 0.061621158969951101 0.058532646088773843 0.012831345087928325 -0.17232907635984945 -0.12312580758655799 0.041205174464500137 -0.093484258203368226 -0.065086009346236443 -0.10114820476017597 0.051194576341217449 0.018911921291082018 0.031295311934715644 -0.023658362757056513 -0.032264801882861897 -0.088918836048429678 0.060418075506533012 -0.069125400901263914 -0.034567309014347465 -0.056397554718787518 0.01675463982125339 0.021412251722494505 -0.0012959150009187032
leaf_weight=346.18153348818373 21.161677591269836 67.691495511680841 80.397104347183358 82.20745305393757 13.024027521285914 9.7640626588595278 24.076482467409733 80.513088103990412 62.962761630322348 131.53240497154547 119.9389929315862 4.449800492002395 28.390027689994895 59.696137513499707 17.160467879846692 113.9119051611633 11.097436555704915 232.02061707232497 1148.2768671446102 24.132415350846713 35.170916239709186 310.06393179032966 25.623602294479497 241.7606825519515 73.875272470388381 208.45232924968263 104.83023710788802 1140.3791305410714 769.55272977326763 18318.58185793948
leaf_count=45086 446 136 14337 44376 386 773 560 1251 138 146 1282 52 449 87 173 832 190 209 2924 64 418 11949 594 1018 5849 54610 10971 74446 3709 759879
internal_value=3.88239e-05 0.0337036 -8.67625e-05 0.00631004 0.00887254 0.011378 0.0086802 -0.027469 0.0339697 0.0490831 0.0117915 0.0128818 -0.015197 0.0160806 0.0116733 -0.0212352 0.0403481 0.0469884 0.0172569 -0.048237 -0.0680863 -0.000763504 0.00594304 0.0213353 0.0104629 -0.00355662 0.00411983 0.0088232 0.017857 -0.00181138
internal_weight=23906.9 88.8532 23818 2278.72 2196.52 2116.12 1974.82 156.5 75.9868 141.296 1818.32 1794.25 183.5 1610.75 1363.18 197.74 247.568 236.47 1165.44 138.044 63.5609 21539.3 2910.66 1110.81 869.052 1799.84 1453.66 1348.83 795.176 18628.6
internal_count=1037340 582 1036758 68647 24271 9934 9015 1775 524 919 7240 6680 2149 4531 4080 983 451 261 3097 896 867 968111 196283 11170 10152 185113 140027 129056 4303 771828
is_linear=0
shrinkage=0.05


Tree=148
num_leaves=31
num_cat=0
split_feature=3 0 7 7 5 6 6 6 2 4 6 2 3 2 3 3 6 7 7 18 6 2 21 3 2 7 1 3 3 7
split_gain=40.1147 39.858 50.5668 42.0804 38.8095 84.3616 134.441 196.258 142.624 122.274 110.104 131.384 123.331 121.482 111.377 108.658 106.123 103.181 133.426 115.808 114.572 123.77 119.068 91.1644 128.458 91.232 86.0826 85.9118 142.229 85.6468
threshold=1.0000000180025095e-35 0.00041491383287088363 0.60335159471898092 0.61979704036474081 5.5000000000000009 1.0000000180025095e-35 -0.45999999999999991 -0.29999999999999999 -0.099310696961960668 9.5000000000000018 -0.69999999999999984 1.3280316568802657 0.0037410988877353908 0.39925963747766152 0.0015309080377949858 0.0028896183866842381 1.3800000000000001 0.34544092454662695 0.4964921223182755 1.0000000180025095e-35 0.70000000000000007 -0.099872351289251968 1.0000000180025095e-35 0.0067235843244197258 0.66727087056420742 0.52041696658310188 2.6725404816981908 0.0055379219523830261 0.0023031983725430769 0.035866851533077095
decision_type=2 2 2 2 2 2 2 2 2 2 2 2 2 2 2 2 2 2 2 2 2 2 2 2 2 2 2 2 2 2
left_child=-1 2 -2 -4 -3 6 10 9 -9 -8 11 13 14 15 -12 -6 17 20 -19 -20 21 -7 29 25 -25 -14 -18 28 -10 -22
right_child=1 4 3 -5 5 16 7 8 27 -11 12 -13 23 -15 -16 -17 26 18 19 -21 22 -23 -24 24 -26 -27 -28 -29 -30 -31
leaf_value=-0.05285716295350127 -0.08138666814274359 0.0011374952356288668 0.05197092617695577 -0.086092853475365383 0.026710108769675181 -0.072100285658589849 -0.011455899662846575 -0.12470576875443679 0.015886660835029671 -0.097800500716241898 0.044479574388564445 -0.077470667108121921 0.039622065011887829 0.029903517184991971 -0.0856489171023571 -0.040991941033628243 -0.075589452833548745 0.043251929775115487 0.0080825446880369179 -0.098929608991728937 0.027710896153896949 -0.0088119372443416447 -0.11005770895651934 0.0085134193115942169 -0.10820486304789621 -0.063118306299938545 0.012727103683958971 0.0086461320799348998 -0.080022350849248983 -0.039089983134440967
leaf_weight=35.790780084662401 33.515506624132172 19696.78938630439 18.628230357537408 7.8424927811037142 77.523169772149231 87.563626007324274 58.544272489089053 26.929409897540609 70.470821677931781 136.8356384010051 23.439803758008566 80.156485133511751 369.87747278168263 144.83750887123233 55.089452545083077 251.63664266734986 75.593559240527156 334.49896483213979 452.48657495191082 26.778230314639586 411.18482333618522 655.99028452054972 18.31410223884086 158.20118711925898 27.701204076189242 22.948116270584705 43.450418743584578 314.77855443406497 85.621206437017463 54.322025168481105
leaf_count=75416 14963 761259 152 3332 1930 7298 4784 4133 3922 12905 376 8458 6785 2408 7285 15200 9145 5772 16977 1352 12301 28793 550 4112 2194 1981 267 8843 10332 4115
internal_value=3.73057e-05 0.000116777 -0.0405888 0.0110667 0.000219539 -0.00422863 -0.0118999 -0.0294613 -0.0127937 -0.0719279 -0.00185116 -0.0182676 0.01199 -0.00825589 -0.0468075 -0.0250469 0.002535 0.00521138 0.0190176 0.00210339 -0.00394229 -0.016265 0.0149957 0.0199684 -0.0088787 0.0336202 -0.0433544 -0.00639336 -0.0367223 0.0199156
internal_weight=23857.3 23821.5 59.9862 26.4707 23761.6 4064.77 1904.59 693.18 497.8 195.38 1211.41 554.154 657.257 473.997 78.5293 329.16 2160.18 2041.14 813.764 479.265 1227.37 743.554 483.821 578.728 185.902 392.826 119.044 470.871 156.092 465.507
internal_count=1037340 961924 18447 3484 943477 182218 95648 44919 27230 17689 50729 27996 22733 19538 7661 17130 86570 77158 24101 18329 53057 36091 16966 15072 6306 8766 9412 23097 14254 16416
is_linear=0
shrinkage=0.05


Tree=149
num_leaves=31
num_cat=0
split_feature=0 1 1 19 6 7 4 6 2 7 21 15 6 15 1 1 1 6 2 7 6 6 1 7 2 7 7 4 3 4
split_gain=39.5768 58.8594 52.1505 81.4261 53.4477 107.812 91.3715 45.5519 61.9247 45.0681 52.0533 47.5561 44.015 42.7148 208.79 127.678 125.154 351.873 447.379 167.899 154.645 142.186 138.92 131.02 228.805 169.822 466.662 149.804 232.381 129.458
threshold=0.015651551681901989 2.6725404816981908 12.211797523472585 1.0000000180025095e-35 0.22000000000000003 -0.27123929196010005 11.500000000000002 -0.61999999999999988 1.2748787337247898 -1.4118728522663668 1.0000000180025095e-35 1.0000000180025095e-35 -0.93999999999999984 1.0000000180025095e-35 -0.29466594094434617 -0.61470948428357597 -0.51183834535310924 0.22000000000000003 0.02236405412305336 -0.10225770616624162 0.14000000000000004 0.46000000000000002 -0.43223567832358151 -0.56783795610926846 1.1587184069440901 0.44686850580077836 0.077694644801220528 18.500000000000004 0.0075288537491588906 16.500000000000004
decision_type=2 2 2 2 2 2 2 2 2 2 2 2 2 2 2 2 2 2 2 2 2 2 2 2 2 2 2 2 2 2
left_child=2 -2 9 4 5 12 -6 8 -7 10 11 -1 -4 -11 15 -15 20 22 -19 -20 -17 -21 -18 24 29 26 27 28 -25 -24
right_child=1 -3 3 -5 6 7 -8 -9 -10 13 -12 -13 -14 14 -16 16 17 18 19 21 -22 -23 23 25 -26 -27 -28 -29 -30 -31
leaf_value=-0.008375160024471074 -0.038300029992298819 0.01106074244051243 0.0019136511822491415 0.011297073433132868 -0.061658445379290099 0.021372672454377847 0.042077272803532142 -0.04163112238858932 -0.10139741160143712 -0.00074436324217062768 -0.11959721804639167 -0.073214876870580467 -0.11804866585363712 -0.091754155932261036 -0.060286294603775339 -0.053681188858173794 -0.048272198317516113 -0.081353976337842776 -0.091335952105161655 -0.13110365147853137 0.031921135976459666 0.037453851191860177 -0.02480831577212312 0.040530473114446644 -0.085332455219375228 0.025109651844820835 -0.092520880548065079 -0.021816016436035861 -0.11360232812213361 0.051880560001399657
leaf_weight=345.43917320654919 63.559833116393747 1212.4085928489794 9.0250095371429762 189.40861571963978 33.383991011658964 74.952595923613217 58.292850145076955 138.63424034865761 11.902152732527155 18050.871236029423 11.969696310166681 30.800419063245272 50.052289756109076 32.084155481295056 117.43331782341556 56.818519369301612 90.533617567645706 252.62248457604255 34.160638956369439 13.290476548983859 738.65364438703546 213.40345078372775 62.098568991477805 338.65083466692977 37.00003690583253 664.87982684851886 138.3084885144799 234.49379975992633 26.357264175312594 483.48957422271724
leaf_count=19807 88563 6508 28 495 394 121 329 662 77 828929 743 2165 463 1403 63318 4678 3581 4598 456 183 3476 496 358 863 389 1569 1177 825 176 510
internal_value=3.52468e-05 0.00860193 -0.000449727 -0.0154399 -0.0288998 -0.0395962 0.00430206 -0.0238433 0.00454886 -6.38414e-05 -0.0169488 -0.0136832 -0.0997225 0.000239836 0.0052665 0.00751948 0.0084605 0.00313144 -0.0339287 0.012 0.0258068 0.0275718 0.0122987 0.0150609 0.0349919 0.00678282 -0.00973246 0.0093673 0.0294005 0.0431519
internal_weight=23815 1275.97 22539 565.652 376.243 284.566 91.6768 225.489 86.8547 21973.4 388.209 376.24 59.0773 21585.1 3534.28 3416.85 3384.76 2589.29 513.477 260.855 795.472 226.694 2075.81 1985.28 582.588 1402.69 737.81 599.502 365.008 545.588
internal_count=1037340 95071 942269 2569 2074 1351 723 860 198 939700 22715 21972 491 916985 88056 24738 23335 15181 5733 1135 8154 679 9448 5867 1257 4610 3041 1864 1039 868
is_linear=0
shrinkage=0.05


end of trees

feature_importances:
amt=1142
age=578
transaction_hour=524
job=417
merchant=368
city_pop=355
distance_km=182
category_misc_pos=156
gender_M=109
transaction_day=82
category_grocery_pos=70
category_kids_pets=67
category_food_dining=56
category_home=52
category_shopping_net=52
category_shopping_pos=52
category_misc_net=51
category_health_fitness=48
category_personal_care=48
category_grocery_net=35
category_gas_transport=29
category_travel=27

parameters:
[boosting: gbdt]
[objective: binary]
[metric: binary_logloss]
[tree_learner: serial]
[device_type: cpu]
[data_sample_strategy: bagging]
[data: ]
[valid: ]
[num_iterations: 150]
[learning_rate: 0.05]
[num_leaves: 31]
[num_threads: 6]
[seed: 42]
[deterministic: 0]
[force_col_wise: 0]
[force_row_wise: 0]
[histogram_pool_size: -1]
[max_depth: -1]
[min_data_in_leaf: 20]
[min_sum_hessian_in_leaf: 0.001]
[bagging_fraction: 1]
[pos_bagging_fraction: 1]
[neg_bagging_fraction: 1]
[bagging_freq: 0]
[bagging_seed: 400]
[bagging_by_query: 0]
[feature_fraction: 1]
[feature_fraction_bynode: 1]
[feature_fraction_seed: 30056]
[extra_trees: 0]
[extra_seed: 12879]
[early_stopping_round: 0]
[early_stopping_min_delta: 0]
[first_metric_only: 0]
[max_delta_step: 0]
[lambda_l1: 0]
[lambda_l2: 0]
[linear_lambda: 0]
[min_gain_to_split: 0]
[drop_rate: 0.1]
[max_drop: 50]
[skip_drop: 0.5]
[xgboost_dart_mode: 0]
[uniform_drop: 0]
[drop_seed: 17869]
[top_rate: 0.2]
[other_rate: 0.1]
[min_data_per_group: 100]
[max_cat_threshold: 32]
[cat_l2: 10]
[cat_smooth: 10]
[max_cat_to_onehot: 4]
[top_k: 20]
[monotone_constraints: ]
[monotone_constraints_method: basic]
[monotone_penalty: 0]
[feature_contri: ]
[forcedsplits_filename: ]
[refit_decay_rate: 0.9]
[cegb_tradeoff: 1]
[cegb_penalty_split: 0]
[cegb_penalty_feature_lazy: ]
[cegb_penalty_feature_coupled: ]
[path_smooth: 0]
[interaction_constraints: ]
[verbosity: 1]
[saved_feature_importance_type: 0]
[use_quantized_grad: 0]
[num_grad_quant_bins: 4]
[quant_train_renew_leaf: 0]
[stochastic_rounding: 1]
[linear_tree: 0]
[max_bin: 255]
[max_bin_by_feature: ]
[min_data_in_bin: 3]
[bin_construct_sample_cnt: 200000]
[data_random_seed: 175]
[is_enable_sparse: 1]
[enable_bundle: 1]
[use_missing: 1]
[zero_as_missing: 0]
[feature_pre_filter: 1]
[pre_partition: 0]
[two_round: 0]
[header: 0]
[label_column: ]
[weight_column: ]
[group_column: ]
[ignore_column: ]
[categorical_feature: ]
[forcedbins_filename: ]
[precise_float_parser: 0]
[parser_config_file: ]
[objective_seed: 16083]
[num_class: 1]
[is_unbalance: 0]
[scale_pos_weight: 171.746]
[sigmoid: 1]
[boost_from_average: 1]
[reg_sqrt: 0]
[alpha: 0.9]
[fair_c: 1]
[poisson_max_delta_step: 0.7]
[tweedie_variance_power: 1.5]
[lambdarank_truncation_level: 30]
[lambdarank_norm: 1]
[label_gain: ]
[lambdarank_position_bias_regularization: 0]
[eval_at: ]
[multi_error_top_k: 1]
[auc_mu_weights: ]
[num_machines: 1]
[local_listen_port: 12400]
[time_out: 120]
[machine_list_filename: ]
[machines: ]
[gpu_platform_id: -1]
[gpu_device_id: -1]
[gpu_use_dp: 0]
[num_gpu: 1]

end of parameters

pandas_categorical:[]
